[18May2025 00:08:05.464] [main/INFO] [cpw.mods.modlauncher.Launcher/MODLAUNCHER]: ModLauncher running: args [--launchTarget, forgeserver, --fml.forgeVersion, 47.4.0, --fml.mcVersion, 1.20.1, --fml.forgeGroup, net.minecraftforge, --fml.mcpVersion, 20230612.114412, nogui]
[18May2025 00:08:05.469] [main/INFO] [cpw.mods.modlauncher.Launcher/MODLAUNCHER]: ModLauncher 10.0.9+10.0.9+main.dcd20f30 starting: java version 17.0.15 by Ubuntu; OS Linux arch amd64 version 6.8.0-1027-azure
[18May2025 00:08:05.493] [main/DEBUG] [cpw.mods.modlauncher.LaunchServiceHandler/MODLAUNCHER]: Found launch services [fmlclientdev,forgeclient,minecraft,forgegametestserverdev,fmlserveruserdev,fmlclient,fmldatauserdev,forgeserverdev,forgeserveruserdev,forgeclientdev,forgeclientuserdev,forgeserver,forgedatadev,fmlserver,fmlclientuserdev,fmlserverdev,forgedatauserdev,testharness,forgegametestserveruserdev]
[18May2025 00:08:05.502] [main/DEBUG] [cpw.mods.modlauncher.NameMappingServiceHandler/MODLAUNCHER]: Found naming services : [srgtomcp]
[18May2025 00:08:05.516] [main/DEBUG] [cpw.mods.modlauncher.LaunchPluginHandler/MODLAUNCHER]: Found launch plugins: [mixin,eventbus,slf4jfixer,object_holder_definalize,runtime_enum_extender,capability_token_subclass,accesstransformer,runtimedistcleaner]
[18May2025 00:08:05.525] [main/DEBUG] [cpw.mods.modlauncher.TransformationServicesHandler/MODLAUNCHER]: Discovering transformation services
[18May2025 00:08:05.529] [main/DEBUG] [net.minecraftforge.fml.loading.FMLPaths/CORE]: Path GAMEDIR is /workspaces/EmcMc/servidor_minecraft
[18May2025 00:08:05.530] [main/DEBUG] [net.minecraftforge.fml.loading.FMLPaths/CORE]: Path MODSDIR is /workspaces/EmcMc/servidor_minecraft/mods
[18May2025 00:08:05.530] [main/DEBUG] [net.minecraftforge.fml.loading.FMLPaths/CORE]: Path CONFIGDIR is /workspaces/EmcMc/servidor_minecraft/config
[18May2025 00:08:05.530] [main/DEBUG] [net.minecraftforge.fml.loading.FMLPaths/CORE]: Path FMLCONFIG is /workspaces/EmcMc/servidor_minecraft/config/fml.toml
[18May2025 00:08:06.292] [main/DEBUG] [cpw.mods.modlauncher.TransformationServicesHandler/MODLAUNCHER]: Found additional transformation services from discovery services: 
[18May2025 00:08:06.298] [main/INFO] [net.minecraftforge.fml.loading.ImmediateWindowHandler/]: ImmediateWindowProvider not loading because launch target is forgeserver
[18May2025 00:08:06.306] [main/DEBUG] [cpw.mods.modlauncher.TransformationServicesHandler/MODLAUNCHER]: Found transformer services : [mixin,fml]
[18May2025 00:08:06.307] [main/DEBUG] [cpw.mods.modlauncher.TransformationServicesHandler/MODLAUNCHER]: Transformation services loading
[18May2025 00:08:06.307] [main/DEBUG] [cpw.mods.modlauncher.TransformationServiceDecorator/MODLAUNCHER]: Loading service mixin
[18May2025 00:08:06.307] [main/DEBUG] [cpw.mods.modlauncher.TransformationServiceDecorator/MODLAUNCHER]: Loaded service mixin
[18May2025 00:08:06.308] [main/DEBUG] [cpw.mods.modlauncher.TransformationServiceDecorator/MODLAUNCHER]: Loading service fml
[18May2025 00:08:06.308] [main/DEBUG] [net.minecraftforge.fml.loading.LauncherVersion/CORE]: Found FMLLauncher version 1.0
[18May2025 00:08:06.308] [main/DEBUG] [net.minecraftforge.fml.loading.FMLLoader/CORE]: FML 1.0 loading
[18May2025 00:08:06.309] [main/DEBUG] [net.minecraftforge.fml.loading.FMLLoader/CORE]: FML found ModLauncher version : 10.0.9+10.0.9+main.dcd20f30
[18May2025 00:08:06.309] [main/DEBUG] [net.minecraftforge.fml.loading.FMLLoader/CORE]: Requesting CoreMods to not apply the fix for ASMAPI.findFirstInstructionBefore by default
[18May2025 00:08:06.309] [main/DEBUG] [net.minecraftforge.fml.loading.FMLLoader/CORE]: FML found AccessTransformer version : 8.0.4+66+master.c09db6d7
[18May2025 00:08:06.310] [main/DEBUG] [net.minecraftforge.fml.loading.FMLLoader/CORE]: FML found EventBus version : 6.0.5+6.0.5+master.eb8e549b
[18May2025 00:08:06.310] [main/DEBUG] [net.minecraftforge.fml.loading.FMLLoader/CORE]: Found Runtime Dist Cleaner
[18May2025 00:08:06.311] [main/DEBUG] [net.minecraftforge.coremod.CoreModEngine/]: CoreMods will preserve legacy behavior of ASMAPI.findFirstInstructionBefore for backwards-compatibility
[18May2025 00:08:06.312] [main/DEBUG] [net.minecraftforge.fml.loading.FMLLoader/CORE]: FML found CoreMod version : 5.2.4
[18May2025 00:08:06.312] [main/DEBUG] [net.minecraftforge.fml.loading.FMLLoader/CORE]: Found ForgeSPI package implementation version 7.0.1+7.0.1+master.d2b38bf6
[18May2025 00:08:06.312] [main/DEBUG] [net.minecraftforge.fml.loading.FMLLoader/CORE]: Found ForgeSPI package specification 5
[18May2025 00:08:06.312] [main/DEBUG] [cpw.mods.modlauncher.TransformationServiceDecorator/MODLAUNCHER]: Loaded service fml
[18May2025 00:08:06.313] [main/DEBUG] [cpw.mods.modlauncher.TransformationServicesHandler/MODLAUNCHER]: Configuring option handling for services
[18May2025 00:08:06.319] [main/DEBUG] [cpw.mods.modlauncher.TransformationServicesHandler/MODLAUNCHER]: Transformation services initializing
[18May2025 00:08:06.320] [main/DEBUG] [cpw.mods.modlauncher.TransformationServiceDecorator/MODLAUNCHER]: Initializing transformation service mixin
[18May2025 00:08:06.334] [main/DEBUG] [mixin/]: MixinService [ModLauncher] was successfully booted in cpw.mods.cl.ModuleClassLoader@1e7c7811
[18May2025 00:08:06.354] [main/INFO] [mixin/]: SpongePowered MIXIN Subsystem Version=0.8.5 Source=union:/workspaces/EmcMc/servidor_minecraft/libraries/org/spongepowered/mixin/0.8.5/mixin-0.8.5.jar%2365!/ Service=ModLauncher Env=SERVER
[18May2025 00:08:06.358] [main/DEBUG] [mixin/]: Initialising Mixin Platform Manager
[18May2025 00:08:06.358] [main/DEBUG] [mixin/]: Adding mixin platform agents for container ModLauncher Root Container(ModLauncher:4f56a0a2)
[18May2025 00:08:06.358] [main/DEBUG] [mixin/]: Instancing new MixinPlatformAgentMinecraftForge for ModLauncher Root Container(ModLauncher:4f56a0a2)
[18May2025 00:08:06.359] [main/DEBUG] [mixin/]: MixinPlatformAgentMinecraftForge rejected container ModLauncher Root Container(ModLauncher:4f56a0a2)
[18May2025 00:08:06.359] [main/DEBUG] [mixin/]: Instancing new MixinPlatformAgentDefault for ModLauncher Root Container(ModLauncher:4f56a0a2)
[18May2025 00:08:06.359] [main/DEBUG] [mixin/]: MixinPlatformAgentDefault accepted container ModLauncher Root Container(ModLauncher:4f56a0a2)
[18May2025 00:08:06.362] [main/DEBUG] [cpw.mods.modlauncher.TransformationServiceDecorator/MODLAUNCHER]: Initialized transformation service mixin
[18May2025 00:08:06.362] [main/DEBUG] [cpw.mods.modlauncher.TransformationServiceDecorator/MODLAUNCHER]: Initializing transformation service fml
[18May2025 00:08:06.363] [main/DEBUG] [net.minecraftforge.fml.loading.FMLServiceProvider/CORE]: Setting up basic FML game directories
[18May2025 00:08:06.363] [main/DEBUG] [net.minecraftforge.fml.loading.FMLPaths/CORE]: Path GAMEDIR is /workspaces/EmcMc/servidor_minecraft
[18May2025 00:08:06.363] [main/DEBUG] [net.minecraftforge.fml.loading.FMLPaths/CORE]: Path MODSDIR is /workspaces/EmcMc/servidor_minecraft/mods
[18May2025 00:08:06.363] [main/DEBUG] [net.minecraftforge.fml.loading.FMLPaths/CORE]: Path CONFIGDIR is /workspaces/EmcMc/servidor_minecraft/config
[18May2025 00:08:06.364] [main/DEBUG] [net.minecraftforge.fml.loading.FMLPaths/CORE]: Path FMLCONFIG is /workspaces/EmcMc/servidor_minecraft/config/fml.toml
[18May2025 00:08:06.364] [main/DEBUG] [net.minecraftforge.fml.loading.FMLServiceProvider/CORE]: Loading configuration
[18May2025 00:08:06.366] [main/DEBUG] [net.minecraftforge.fml.loading.FMLServiceProvider/CORE]: Preparing ModFile
[18May2025 00:08:06.369] [main/DEBUG] [net.minecraftforge.fml.loading.FMLServiceProvider/CORE]: Preparing launch handler
[18May2025 00:08:06.369] [main/DEBUG] [net.minecraftforge.fml.loading.FMLLoader/CORE]: Using forgeserver as launch service
[18May2025 00:08:06.383] [main/DEBUG] [net.minecraftforge.fml.loading.FMLLoader/CORE]: Received command line version data  : VersionInfo[forgeVersion=47.4.0, mcVersion=1.20.1, mcpVersion=20230612.114412, forgeGroup=net.minecraftforge]
[18May2025 00:08:06.385] [main/DEBUG] [cpw.mods.modlauncher.TransformationServiceDecorator/MODLAUNCHER]: Initialized transformation service fml
[18May2025 00:08:06.385] [main/DEBUG] [cpw.mods.modlauncher.NameMappingServiceHandler/MODLAUNCHER]: Current naming domain is 'srg'
[18May2025 00:08:06.386] [main/DEBUG] [cpw.mods.modlauncher.NameMappingServiceHandler/MODLAUNCHER]: Identified name mapping providers {}
[18May2025 00:08:06.386] [main/DEBUG] [cpw.mods.modlauncher.TransformationServicesHandler/MODLAUNCHER]: Transformation services begin scanning
[18May2025 00:08:06.386] [main/DEBUG] [cpw.mods.modlauncher.TransformationServiceDecorator/MODLAUNCHER]: Beginning scan trigger - transformation service mixin
[18May2025 00:08:06.387] [main/DEBUG] [cpw.mods.modlauncher.TransformationServiceDecorator/MODLAUNCHER]: End scan trigger - transformation service mixin
[18May2025 00:08:06.387] [main/DEBUG] [cpw.mods.modlauncher.TransformationServiceDecorator/MODLAUNCHER]: Beginning scan trigger - transformation service fml
[18May2025 00:08:06.387] [main/DEBUG] [net.minecraftforge.fml.loading.FMLServiceProvider/CORE]: Initiating mod scan
[18May2025 00:08:06.397] [main/DEBUG] [net.minecraftforge.fml.loading.moddiscovery.ModListHandler/CORE]: Found mod coordinates from lists: []
[18May2025 00:08:06.402] [main/DEBUG] [net.minecraftforge.fml.loading.moddiscovery.ModDiscoverer/CORE]: Found Mod Locators : (mods folder:null),(maven libs:null),(exploded directory:null),(minecraft:null),(userdev classpath:null)
[18May2025 00:08:06.402] [main/DEBUG] [net.minecraftforge.fml.loading.moddiscovery.ModDiscoverer/CORE]: Found Dependency Locators : (JarInJar:null)
[18May2025 00:08:06.409] [main/DEBUG] [net.minecraftforge.fml.loading.moddiscovery.ModFileParser/LOADING]: Considering mod file candidate /workspaces/EmcMc/servidor_minecraft/mods/[1.20.1][Forge] RPG-HUD-3.10.jar
[18May2025 00:08:06.444] [main/DEBUG] [net.minecraftforge.fml.loading.moddiscovery.ModFileInfo/LOADING]: Found valid mod file [1.20.1][Forge] RPG-HUD-3.10.jar with {rpghud} mods - versions {3.10}
[18May2025 00:08:06.445] [main/DEBUG] [net.minecraftforge.fml.loading.moddiscovery.ModFileParser/LOADING]: Considering mod file candidate /workspaces/EmcMc/servidor_minecraft/mods/AmbientSounds_FORGE_v6.1.10_mc1.20.1.jar
[18May2025 00:08:06.449] [main/DEBUG] [net.minecraftforge.fml.loading.moddiscovery.ModFileInfo/LOADING]: Found valid mod file AmbientSounds_FORGE_v6.1.10_mc1.20.1.jar with {ambientsounds} mods - versions {6.1.10}
[18May2025 00:08:06.450] [main/DEBUG] [net.minecraftforge.fml.loading.moddiscovery.ModFileParser/LOADING]: Considering mod file candidate /workspaces/EmcMc/servidor_minecraft/mods/architectury-9.2.14-forge.jar
[18May2025 00:08:06.452] [main/DEBUG] [net.minecraftforge.fml.loading.moddiscovery.ModFileInfo/LOADING]: Found valid mod file architectury-9.2.14-forge.jar with {architectury} mods - versions {9.2.14}
[18May2025 00:08:06.452] [main/DEBUG] [net.minecraftforge.fml.loading.moddiscovery.ModFileParser/LOADING]: Considering mod file candidate /workspaces/EmcMc/servidor_minecraft/mods/balm-forge-1.20.1-7.3.9-all.jar
[18May2025 00:08:06.454] [main/DEBUG] [net.minecraftforge.fml.loading.moddiscovery.ModFileInfo/LOADING]: Found valid mod file balm-forge-1.20.1-7.3.9-all.jar with {balm} mods - versions {7.3.9}
[18May2025 00:08:06.455] [main/DEBUG] [net.minecraftforge.fml.loading.moddiscovery.ModFileParser/LOADING]: Considering mod file candidate /workspaces/EmcMc/servidor_minecraft/mods/better_weaponry-1.1.3-forge-1.20.1.jar
[18May2025 00:08:06.456] [main/DEBUG] [net.minecraftforge.fml.loading.moddiscovery.ModFileInfo/LOADING]: Found valid mod file better_weaponry-1.1.3-forge-1.20.1.jar with {better_weaponry} mods - versions {1.1.3}
[18May2025 00:08:06.457] [main/DEBUG] [net.minecraftforge.fml.loading.moddiscovery.ModFileParser/LOADING]: Considering mod file candidate /workspaces/EmcMc/servidor_minecraft/mods/bettercombat-forge-1.8.6+1.20.1.jar
[18May2025 00:08:06.459] [main/DEBUG] [net.minecraftforge.fml.loading.moddiscovery.ModFileInfo/LOADING]: Found valid mod file bettercombat-forge-1.8.6+1.20.1.jar with {bettercombat} mods - versions {1.8.6+1.20.1}
[18May2025 00:08:06.465] [main/DEBUG] [net.minecraftforge.fml.loading.moddiscovery.ModFileParser/LOADING]: Considering mod file candidate /workspaces/EmcMc/servidor_minecraft/mods/blue_skies-1.20.1-1.3.31.jar
[18May2025 00:08:06.468] [main/DEBUG] [net.minecraftforge.fml.loading.moddiscovery.ModFileInfo/LOADING]: Found valid mod file blue_skies-1.20.1-1.3.31.jar with {blue_skies} mods - versions {1.3.31}
[18May2025 00:08:06.469] [main/DEBUG] [net.minecraftforge.fml.loading.moddiscovery.ModFileParser/LOADING]: Considering mod file candidate /workspaces/EmcMc/servidor_minecraft/mods/Boat-Item-View-Forge-1.20.1-0.0.5.jar
[18May2025 00:08:06.470] [main/DEBUG] [net.minecraftforge.fml.loading.moddiscovery.ModFileInfo/LOADING]: Found valid mod file Boat-Item-View-Forge-1.20.1-0.0.5.jar with {boatiview} mods - versions {0.0.5}
[18May2025 00:08:06.471] [main/DEBUG] [net.minecraftforge.fml.loading.moddiscovery.ModFileParser/LOADING]: Considering mod file candidate /workspaces/EmcMc/servidor_minecraft/mods/caelus-forge-3.2.0+1.20.1.jar
[18May2025 00:08:06.472] [main/DEBUG] [net.minecraftforge.fml.loading.moddiscovery.ModFileInfo/LOADING]: Found valid mod file caelus-forge-3.2.0+1.20.1.jar with {caelus} mods - versions {3.2.0+1.20.1}
[18May2025 00:08:06.472] [main/DEBUG] [net.minecraftforge.fml.loading.moddiscovery.ModFileParser/LOADING]: Considering mod file candidate /workspaces/EmcMc/servidor_minecraft/mods/clickadv-1.20.1-3.8.jar
[18May2025 00:08:06.474] [main/DEBUG] [net.minecraftforge.fml.loading.moddiscovery.ModFileInfo/LOADING]: Found valid mod file clickadv-1.20.1-3.8.jar with {clickadv} mods - versions {1.20.1-3.8}
[18May2025 00:08:06.475] [main/DEBUG] [net.minecraftforge.fml.loading.moddiscovery.ModFileParser/LOADING]: Considering mod file candidate /workspaces/EmcMc/servidor_minecraft/mods/cloth-config-11.1.118-forge.jar
[18May2025 00:08:06.475] [main/DEBUG] [net.minecraftforge.fml.loading.moddiscovery.ModFileInfo/LOADING]: Found valid mod file cloth-config-11.1.118-forge.jar with {cloth_config} mods - versions {11.1.118}
[18May2025 00:08:06.476] [main/DEBUG] [net.minecraftforge.fml.loading.moddiscovery.ModFileParser/LOADING]: Considering mod file candidate /workspaces/EmcMc/servidor_minecraft/mods/connectivity-1.20.1-5.6.jar
[18May2025 00:08:06.477] [main/DEBUG] [net.minecraftforge.fml.loading.moddiscovery.ModFileInfo/LOADING]: Found valid mod file connectivity-1.20.1-5.6.jar with {connectivity} mods - versions {1.20.1-5.6}
[18May2025 00:08:06.478] [main/DEBUG] [net.minecraftforge.fml.loading.moddiscovery.ModFileParser/LOADING]: Considering mod file candidate /workspaces/EmcMc/servidor_minecraft/mods/Controlling-forge-1.20.1-12.0.2.jar
[18May2025 00:08:06.479] [main/DEBUG] [net.minecraftforge.fml.loading.moddiscovery.ModFileInfo/LOADING]: Found valid mod file Controlling-forge-1.20.1-12.0.2.jar with {controlling} mods - versions {12.0.2}
[18May2025 00:08:06.480] [main/DEBUG] [net.minecraftforge.fml.loading.moddiscovery.ModFileParser/LOADING]: Considering mod file candidate /workspaces/EmcMc/servidor_minecraft/mods/CreativeCore_FORGE_v2.12.32_mc1.20.1.jar
[18May2025 00:08:06.481] [main/DEBUG] [net.minecraftforge.fml.loading.moddiscovery.ModFileInfo/LOADING]: Found valid mod file CreativeCore_FORGE_v2.12.32_mc1.20.1.jar with {creativecore} mods - versions {2.12.32}
[18May2025 00:08:06.481] [main/DEBUG] [net.minecraftforge.fml.loading.moddiscovery.ModFileParser/LOADING]: Considering mod file candidate /workspaces/EmcMc/servidor_minecraft/mods/CullLessLeaves-Reforged-1.20.1-1.0.5.jar
[18May2025 00:08:06.483] [main/DEBUG] [net.minecraftforge.fml.loading.moddiscovery.ModFileInfo/LOADING]: Found valid mod file CullLessLeaves-Reforged-1.20.1-1.0.5.jar with {culllessleaves} mods - versions {1.20.1-1.0.5}
[18May2025 00:08:06.483] [main/DEBUG] [net.minecraftforge.fml.loading.moddiscovery.ModFileParser/LOADING]: Considering mod file candidate /workspaces/EmcMc/servidor_minecraft/mods/cupboard-1.20.1-2.7.jar
[18May2025 00:08:06.484] [main/DEBUG] [net.minecraftforge.fml.loading.moddiscovery.ModFileInfo/LOADING]: Found valid mod file cupboard-1.20.1-2.7.jar with {cupboard} mods - versions {1.20.1-2.7}
[18May2025 00:08:06.486] [main/DEBUG] [net.minecraftforge.fml.loading.moddiscovery.ModFileParser/LOADING]: Considering mod file candidate /workspaces/EmcMc/servidor_minecraft/mods/DungeonsArise-1.20.x-2.1.58-release.jar
[18May2025 00:08:06.487] [main/DEBUG] [net.minecraftforge.fml.loading.moddiscovery.ModFileInfo/LOADING]: Found valid mod file DungeonsArise-1.20.x-2.1.58-release.jar with {dungeons_arise} mods - versions {2.1.58-1.20.x}
[18May2025 00:08:06.487] [main/DEBUG] [net.minecraftforge.fml.loading.moddiscovery.ModFileParser/LOADING]: Considering mod file candidate /workspaces/EmcMc/servidor_minecraft/mods/dynamiclightsreforged-1.20.1_v1.6.0.jar
[18May2025 00:08:06.488] [main/DEBUG] [net.minecraftforge.fml.loading.moddiscovery.ModFileInfo/LOADING]: Found valid mod file dynamiclightsreforged-1.20.1_v1.6.0.jar with {dynamiclightsreforged} mods - versions {1.20.1_v1.6.0}
[18May2025 00:08:06.490] [main/DEBUG] [net.minecraftforge.fml.loading.moddiscovery.ModFileParser/LOADING]: Considering mod file candidate /workspaces/EmcMc/servidor_minecraft/mods/embeddium-0.3.30+mc1.20.1.jar
[18May2025 00:08:06.491] [main/DEBUG] [net.minecraftforge.fml.loading.moddiscovery.ModFileInfo/LOADING]: Found valid mod file embeddium-0.3.30+mc1.20.1.jar with {embeddium,rubidium} mods - versions {0.3.30+mc1.20.1,0.7.1}
[18May2025 00:08:06.492] [main/DEBUG] [net.minecraftforge.fml.loading.moddiscovery.ModFileParser/LOADING]: Considering mod file candidate /workspaces/EmcMc/servidor_minecraft/mods/embeddiumplus-1.20.1-v1.2.13.jar
[18May2025 00:08:06.493] [main/DEBUG] [net.minecraftforge.fml.loading.moddiscovery.ModFileInfo/LOADING]: Found valid mod file embeddiumplus-1.20.1-v1.2.13.jar with {embeddiumplus} mods - versions {1.2.13}
[18May2025 00:08:06.493] [main/DEBUG] [net.minecraftforge.fml.loading.moddiscovery.ModFileParser/LOADING]: Considering mod file candidate /workspaces/EmcMc/servidor_minecraft/mods/entityculling-forge-1.6.7-mc1.20.1.jar
[18May2025 00:08:06.494] [main/DEBUG] [net.minecraftforge.fml.loading.moddiscovery.ModFileInfo/LOADING]: Found valid mod file entityculling-forge-1.6.7-mc1.20.1.jar with {entityculling} mods - versions {1.6.7}
[18May2025 00:08:06.494] [main/DEBUG] [net.minecraftforge.fml.loading.moddiscovery.ModFileParser/LOADING]: Considering mod file candidate /workspaces/EmcMc/servidor_minecraft/mods/farsight-1.20.1-3.7.jar
[18May2025 00:08:06.495] [main/DEBUG] [net.minecraftforge.fml.loading.moddiscovery.ModFileInfo/LOADING]: Found valid mod file farsight-1.20.1-3.7.jar with {farsight_view} mods - versions {1.20.1-3.7}
[18May2025 00:08:06.500] [main/DEBUG] [net.minecraftforge.fml.loading.moddiscovery.ModFileParser/LOADING]: Considering mod file candidate /workspaces/EmcMc/servidor_minecraft/mods/ferritecore-6.0.1-forge.jar
[18May2025 00:08:06.501] [main/DEBUG] [net.minecraftforge.fml.loading.moddiscovery.ModFileInfo/LOADING]: Found valid mod file ferritecore-6.0.1-forge.jar with {ferritecore} mods - versions {6.0.1}
[18May2025 00:08:06.501] [main/DEBUG] [net.minecraftforge.fml.loading.moddiscovery.ModFileParser/LOADING]: Considering mod file candidate /workspaces/EmcMc/servidor_minecraft/mods/FpsReducer2-forge-1.20-2.5.jar
[18May2025 00:08:06.502] [main/DEBUG] [net.minecraftforge.fml.loading.moddiscovery.ModFileInfo/LOADING]: Found valid mod file FpsReducer2-forge-1.20-2.5.jar with {fpsreducer} mods - versions {1.20-2.5}
[18May2025 00:08:06.503] [main/DEBUG] [net.minecraftforge.fml.loading.moddiscovery.ModFileParser/LOADING]: Considering mod file candidate /workspaces/EmcMc/servidor_minecraft/mods/fusion-1.1.1-forge-mc1.20.1.jar
[18May2025 00:08:06.504] [main/DEBUG] [net.minecraftforge.fml.loading.moddiscovery.ModFileInfo/LOADING]: Found valid mod file fusion-1.1.1-forge-mc1.20.1.jar with {fusion} mods - versions {1.1.1}
[18May2025 00:08:06.504] [main/DEBUG] [net.minecraftforge.fml.loading.moddiscovery.ModFileParser/LOADING]: Considering mod file candidate /workspaces/EmcMc/servidor_minecraft/mods/ImmediatelyFast-Forge-1.2.20+1.20.4.jar
[18May2025 00:08:06.505] [main/DEBUG] [net.minecraftforge.fml.loading.moddiscovery.ModFileInfo/LOADING]: Found valid mod file ImmediatelyFast-Forge-1.2.20+1.20.4.jar with {immediatelyfast} mods - versions {1.2.20+1.20.4}
[18May2025 00:08:06.506] [main/DEBUG] [net.minecraftforge.fml.loading.moddiscovery.ModFileParser/LOADING]: Considering mod file candidate /workspaces/EmcMc/servidor_minecraft/mods/jei-1.20.1-forge-15.20.0.106.jar
[18May2025 00:08:06.507] [main/DEBUG] [net.minecraftforge.fml.loading.moddiscovery.ModFileInfo/LOADING]: Found valid mod file jei-1.20.1-forge-15.20.0.106.jar with {jei} mods - versions {15.20.0.106}
[18May2025 00:08:06.507] [main/DEBUG] [net.minecraftforge.fml.loading.moddiscovery.ModFileParser/LOADING]: Considering mod file candidate /workspaces/EmcMc/servidor_minecraft/mods/Log-Begone-Forge-1.20.1-1.0.8.jar
[18May2025 00:08:06.508] [main/DEBUG] [net.minecraftforge.fml.loading.moddiscovery.ModFileInfo/LOADING]: Found valid mod file Log-Begone-Forge-1.20.1-1.0.8.jar with {logbegone} mods - versions {1.0.8}
[18May2025 00:08:06.508] [main/DEBUG] [net.minecraftforge.fml.loading.moddiscovery.ModFileParser/LOADING]: Considering mod file candidate /workspaces/EmcMc/servidor_minecraft/mods/majrusz-library-forge-1.20.1-7.0.8.jar
[18May2025 00:08:06.509] [main/DEBUG] [net.minecraftforge.fml.loading.moddiscovery.ModFileInfo/LOADING]: Found valid mod file majrusz-library-forge-1.20.1-7.0.8.jar with {majruszlibrary} mods - versions {7.0.8}
[18May2025 00:08:06.509] [main/DEBUG] [net.minecraftforge.fml.loading.moddiscovery.ModFileParser/LOADING]: Considering mod file candidate /workspaces/EmcMc/servidor_minecraft/mods/majruszs-difficulty-forge-1.20.1-1.9.10.jar
[18May2025 00:08:06.510] [main/DEBUG] [net.minecraftforge.fml.loading.moddiscovery.ModFileInfo/LOADING]: Found valid mod file majruszs-difficulty-forge-1.20.1-1.9.10.jar with {majruszsdifficulty} mods - versions {1.9.10}
[18May2025 00:08:06.511] [main/DEBUG] [net.minecraftforge.fml.loading.moddiscovery.ModFileParser/LOADING]: Considering mod file candidate /workspaces/EmcMc/servidor_minecraft/mods/modernfix-forge-5.19.1+mc1.20.1.jar
[18May2025 00:08:06.512] [main/DEBUG] [net.minecraftforge.fml.loading.moddiscovery.ModFileInfo/LOADING]: Found valid mod file modernfix-forge-5.19.1+mc1.20.1.jar with {modernfix} mods - versions {5.19.1+mc1.20.1}
[18May2025 00:08:06.512] [main/DEBUG] [net.minecraftforge.fml.loading.moddiscovery.ModFileParser/LOADING]: Considering mod file candidate /workspaces/EmcMc/servidor_minecraft/mods/MouseTweaks-forge-mc1.20.1-2.25.1.jar
[18May2025 00:08:06.513] [main/DEBUG] [net.minecraftforge.fml.loading.moddiscovery.ModFileInfo/LOADING]: Found valid mod file MouseTweaks-forge-mc1.20.1-2.25.1.jar with {mousetweaks} mods - versions {2.25.1}
[18May2025 00:08:06.513] [main/DEBUG] [net.minecraftforge.fml.loading.moddiscovery.ModFileParser/LOADING]: Considering mod file candidate /workspaces/EmcMc/servidor_minecraft/mods/netherportalfix-forge-1.20-13.0.1.jar
[18May2025 00:08:06.514] [main/DEBUG] [net.minecraftforge.fml.loading.moddiscovery.ModFileInfo/LOADING]: Found valid mod file netherportalfix-forge-1.20-13.0.1.jar with {netherportalfix} mods - versions {13.0.1}
[18May2025 00:08:06.515] [main/DEBUG] [net.minecraftforge.fml.loading.moddiscovery.ModFileParser/LOADING]: Considering mod file candidate /workspaces/EmcMc/servidor_minecraft/mods/NoChatReports-FORGE-1.20.1-v2.2.2.jar
[18May2025 00:08:06.516] [main/DEBUG] [net.minecraftforge.fml.loading.moddiscovery.ModFileInfo/LOADING]: Found valid mod file NoChatReports-FORGE-1.20.1-v2.2.2.jar with {nochatreports} mods - versions {1.20.1-v2.2.2}
[18May2025 00:08:06.516] [main/DEBUG] [net.minecraftforge.fml.loading.moddiscovery.ModFileParser/LOADING]: Considering mod file candidate /workspaces/EmcMc/servidor_minecraft/mods/okzoomer-forge-1.20-3.0.1.jar
[18May2025 00:08:06.517] [main/DEBUG] [net.minecraftforge.fml.loading.moddiscovery.ModFileInfo/LOADING]: Found valid mod file okzoomer-forge-1.20-3.0.1.jar with {okzoomer} mods - versions {3.0.1}
[18May2025 00:08:06.518] [main/DEBUG] [net.minecraftforge.fml.loading.moddiscovery.ModFileParser/LOADING]: Considering mod file candidate /workspaces/EmcMc/servidor_minecraft/mods/origins-forge-1.20.1-1.10.0.9-all.jar
[18May2025 00:08:06.518] [main/DEBUG] [net.minecraftforge.fml.loading.moddiscovery.ModFileInfo/LOADING]: Found valid mod file origins-forge-1.20.1-1.10.0.9-all.jar with {origins} mods - versions {1.20.1-1.10.0.9}
[18May2025 00:08:06.519] [main/DEBUG] [net.minecraftforge.fml.loading.moddiscovery.ModFileParser/LOADING]: Considering mod file candidate /workspaces/EmcMc/servidor_minecraft/mods/player-animation-lib-forge-1.0.2-rc1+1.20.jar
[18May2025 00:08:06.519] [main/DEBUG] [net.minecraftforge.fml.loading.moddiscovery.ModFileInfo/LOADING]: Found valid mod file player-animation-lib-forge-1.0.2-rc1+1.20.jar with {playeranimator} mods - versions {1.0.2-rc1+1.20}
[18May2025 00:08:06.520] [main/DEBUG] [net.minecraftforge.fml.loading.moddiscovery.ModFileParser/LOADING]: Considering mod file candidate /workspaces/EmcMc/servidor_minecraft/mods/radium-mc1.20.1-0.12.3+git.50c5c33.jar
[18May2025 00:08:06.521] [main/DEBUG] [net.minecraftforge.fml.loading.moddiscovery.ModFileInfo/LOADING]: Found valid mod file radium-mc1.20.1-0.12.3+git.50c5c33.jar with {radium} mods - versions {0.12.3+git.50c5c33}
[18May2025 00:08:06.522] [main/DEBUG] [net.minecraftforge.fml.loading.moddiscovery.ModFileParser/LOADING]: Considering mod file candidate /workspaces/EmcMc/servidor_minecraft/mods/rrls-4.0.6.1+mc1.20.1-forge.jar
[18May2025 00:08:06.522] [main/DEBUG] [net.minecraftforge.fml.loading.moddiscovery.ModFileInfo/LOADING]: Found valid mod file rrls-4.0.6.1+mc1.20.1-forge.jar with {rrls} mods - versions {4.0.6.1+mc1.20.1-forge}
[18May2025 00:08:06.523] [main/DEBUG] [net.minecraftforge.fml.loading.moddiscovery.ModFileParser/LOADING]: Considering mod file candidate /workspaces/EmcMc/servidor_minecraft/mods/rubidium-extra-0.5.4.3+mc1.20.1-build.121.jar
[18May2025 00:08:06.524] [main/DEBUG] [net.minecraftforge.fml.loading.moddiscovery.ModFileInfo/LOADING]: Found valid mod file rubidium-extra-0.5.4.3+mc1.20.1-build.121.jar with {embeddium_extra} mods - versions {0.5.4.3+mc1.20.1-build.121}
[18May2025 00:08:06.525] [main/DEBUG] [net.minecraftforge.fml.loading.moddiscovery.ModFileParser/LOADING]: Considering mod file candidate /workspaces/EmcMc/servidor_minecraft/mods/ScalingHealth-1.20.1-8.0.2+9.jar
[18May2025 00:08:06.526] [main/DEBUG] [net.minecraftforge.fml.loading.moddiscovery.ModFileInfo/LOADING]: Found valid mod file ScalingHealth-1.20.1-8.0.2+9.jar with {scalinghealth} mods - versions {8.0.2+9}
[18May2025 00:08:06.526] [main/DEBUG] [net.minecraftforge.fml.loading.moddiscovery.ModFileParser/LOADING]: Considering mod file candidate /workspaces/EmcMc/servidor_minecraft/mods/Searchables-forge-1.20.1-1.0.3.jar
[18May2025 00:08:06.527] [main/DEBUG] [net.minecraftforge.fml.loading.moddiscovery.ModFileInfo/LOADING]: Found valid mod file Searchables-forge-1.20.1-1.0.3.jar with {searchables} mods - versions {1.0.3}
[18May2025 00:08:06.527] [main/DEBUG] [net.minecraftforge.fml.loading.moddiscovery.ModFileParser/LOADING]: Considering mod file candidate /workspaces/EmcMc/servidor_minecraft/mods/servercore-forge-1.5.2+1.20.1.jar
[18May2025 00:08:06.528] [main/DEBUG] [net.minecraftforge.fml.loading.moddiscovery.ModFileInfo/LOADING]: Found valid mod file servercore-forge-1.5.2+1.20.1.jar with {servercore} mods - versions {1.5.2+1.20.1}
[18May2025 00:08:06.528] [main/DEBUG] [net.minecraftforge.fml.loading.moddiscovery.ModFileParser/LOADING]: Considering mod file candidate /workspaces/EmcMc/servidor_minecraft/mods/ShoulderSurfing-Forge-1.20.1-4.3.0.jar
[18May2025 00:08:06.529] [main/DEBUG] [net.minecraftforge.fml.loading.moddiscovery.ModFileInfo/LOADING]: Found valid mod file ShoulderSurfing-Forge-1.20.1-4.3.0.jar with {shouldersurfing} mods - versions {1.20.1-4.3.0}
[18May2025 00:08:06.529] [main/DEBUG] [net.minecraftforge.fml.loading.moddiscovery.ModFileParser/LOADING]: Considering mod file candidate /workspaces/EmcMc/servidor_minecraft/mods/silent-lib-1.20.1-8.0.0.jar
[18May2025 00:08:06.530] [main/DEBUG] [net.minecraftforge.fml.loading.moddiscovery.ModFileInfo/LOADING]: Found valid mod file silent-lib-1.20.1-8.0.0.jar with {silentlib} mods - versions {8.0.0}
[18May2025 00:08:06.530] [main/DEBUG] [net.minecraftforge.fml.loading.moddiscovery.ModFileParser/LOADING]: Considering mod file candidate /workspaces/EmcMc/servidor_minecraft/mods/skin_changer-forge-1.20.1-0.6.6.jar
[18May2025 00:08:06.531] [main/DEBUG] [net.minecraftforge.fml.loading.moddiscovery.ModFileInfo/LOADING]: Found valid mod file skin_changer-forge-1.20.1-0.6.6.jar with {skin_changer} mods - versions {0.6.6}
[18May2025 00:08:06.531] [main/DEBUG] [net.minecraftforge.fml.loading.moddiscovery.ModFileParser/LOADING]: Considering mod file candidate /workspaces/EmcMc/servidor_minecraft/mods/smoothchunk-1.20.1-3.6.jar
[18May2025 00:08:06.532] [main/DEBUG] [net.minecraftforge.fml.loading.moddiscovery.ModFileInfo/LOADING]: Found valid mod file smoothchunk-1.20.1-3.6.jar with {smoothchunk} mods - versions {1.20.1-3.6}
[18May2025 00:08:06.532] [main/DEBUG] [net.minecraftforge.fml.loading.moddiscovery.ModFileParser/LOADING]: Considering mod file candidate /workspaces/EmcMc/servidor_minecraft/mods/structure_gel-1.20.1-2.16.2.jar
[18May2025 00:08:06.533] [main/DEBUG] [net.minecraftforge.fml.loading.moddiscovery.ModFileInfo/LOADING]: Found valid mod file structure_gel-1.20.1-2.16.2.jar with {structure_gel} mods - versions {2.16.2}
[18May2025 00:08:06.534] [main/DEBUG] [net.minecraftforge.fml.loading.moddiscovery.ModFileParser/LOADING]: Considering mod file candidate /workspaces/EmcMc/servidor_minecraft/mods/tombstone-1.20.1-8.9.4.jar
[18May2025 00:08:06.534] [main/DEBUG] [net.minecraftforge.fml.loading.moddiscovery.ModFileInfo/LOADING]: Found valid mod file tombstone-1.20.1-8.9.4.jar with {tombstone} mods - versions {8.9.4}
[18May2025 00:08:06.538] [main/DEBUG] [net.minecraftforge.fml.loading.moddiscovery.ModFileParser/LOADING]: Considering mod file candidate /workspaces/EmcMc/servidor_minecraft/mods/twilightforest-1.20.1-4.3.2508-universal.jar
[18May2025 00:08:06.538] [main/DEBUG] [net.minecraftforge.fml.loading.moddiscovery.ModFileInfo/LOADING]: Found valid mod file twilightforest-1.20.1-4.3.2508-universal.jar with {twilightforest} mods - versions {4.3.2508}
[18May2025 00:08:06.539] [main/DEBUG] [net.minecraftforge.fml.loading.moddiscovery.ModFileParser/LOADING]: Considering mod file candidate /workspaces/EmcMc/servidor_minecraft/mods/YeetusExperimentus-Forge-2.3.1-build.6+mc1.20.1.jar
[18May2025 00:08:06.539] [main/DEBUG] [net.minecraftforge.fml.loading.moddiscovery.ModFileInfo/LOADING]: Found valid mod file YeetusExperimentus-Forge-2.3.1-build.6+mc1.20.1.jar with {yeetusexperimentus} mods - versions {2.3.1-build.6+mc1.20.1}
[18May2025 00:08:06.541] [main/DEBUG] [net.minecraftforge.fml.loading.moddiscovery.ModFileParser/LOADING]: Considering mod file candidate /workspaces/EmcMc/servidor_minecraft/mods/YouDied-1.20-3.0.0.17-forge.jar
[18May2025 00:08:06.542] [main/DEBUG] [net.minecraftforge.fml.loading.moddiscovery.ModFileInfo/LOADING]: Found valid mod file YouDied-1.20-3.0.0.17-forge.jar with {you_died} mods - versions {3.0.0.17}
[18May2025 00:08:06.543] [main/WARN] [net.minecraftforge.fml.loading.moddiscovery.ModDiscoverer/SCAN]: Locator {mods folder locator at /workspaces/EmcMc/servidor_minecraft/mods} returned 1 files which are client-side-only mods, but we're on a dedicated server. They will be skipped!
[18May2025 00:08:06.654] [main/DEBUG] [net.minecraftforge.fml.loading.moddiscovery.ModFileInfo/LOADING]: Found valid mod file server-1.20.1-20230612.114412-srg.jar with {minecraft} mods - versions {1.20.1}
[18May2025 00:08:06.656] [main/DEBUG] [net.minecraftforge.fml.loading.moddiscovery.ModFileParser/LOADING]: Considering mod file candidate /workspaces/EmcMc/servidor_minecraft/libraries/net/minecraftforge/fmlcore/1.20.1-47.4.0/fmlcore-1.20.1-47.4.0.jar
[18May2025 00:08:06.656] [main/WARN] [net.minecraftforge.fml.loading.moddiscovery.ModFileParser/LOADING]: Mod file /workspaces/EmcMc/servidor_minecraft/libraries/net/minecraftforge/fmlcore/1.20.1-47.4.0/fmlcore-1.20.1-47.4.0.jar is missing mods.toml file
[18May2025 00:08:06.658] [main/DEBUG] [net.minecraftforge.fml.loading.moddiscovery.ModFileParser/LOADING]: Considering mod file candidate /workspaces/EmcMc/servidor_minecraft/libraries/net/minecraftforge/javafmllanguage/1.20.1-47.4.0/javafmllanguage-1.20.1-47.4.0.jar
[18May2025 00:08:06.658] [main/WARN] [net.minecraftforge.fml.loading.moddiscovery.ModFileParser/LOADING]: Mod file /workspaces/EmcMc/servidor_minecraft/libraries/net/minecraftforge/javafmllanguage/1.20.1-47.4.0/javafmllanguage-1.20.1-47.4.0.jar is missing mods.toml file
[18May2025 00:08:06.659] [main/DEBUG] [net.minecraftforge.fml.loading.moddiscovery.ModFileParser/LOADING]: Considering mod file candidate /workspaces/EmcMc/servidor_minecraft/libraries/net/minecraftforge/lowcodelanguage/1.20.1-47.4.0/lowcodelanguage-1.20.1-47.4.0.jar
[18May2025 00:08:06.659] [main/WARN] [net.minecraftforge.fml.loading.moddiscovery.ModFileParser/LOADING]: Mod file /workspaces/EmcMc/servidor_minecraft/libraries/net/minecraftforge/lowcodelanguage/1.20.1-47.4.0/lowcodelanguage-1.20.1-47.4.0.jar is missing mods.toml file
[18May2025 00:08:06.660] [main/DEBUG] [net.minecraftforge.fml.loading.moddiscovery.ModFileParser/LOADING]: Considering mod file candidate /workspaces/EmcMc/servidor_minecraft/libraries/net/minecraftforge/mclanguage/1.20.1-47.4.0/mclanguage-1.20.1-47.4.0.jar
[18May2025 00:08:06.660] [main/WARN] [net.minecraftforge.fml.loading.moddiscovery.ModFileParser/LOADING]: Mod file /workspaces/EmcMc/servidor_minecraft/libraries/net/minecraftforge/mclanguage/1.20.1-47.4.0/mclanguage-1.20.1-47.4.0.jar is missing mods.toml file
[18May2025 00:08:06.696] [main/DEBUG] [net.minecraftforge.fml.loading.moddiscovery.ModFileParser/LOADING]: Considering mod file candidate /workspaces/EmcMc/servidor_minecraft/libraries/net/minecraftforge/forge/1.20.1-47.4.0/forge-1.20.1-47.4.0-universal.jar
[18May2025 00:08:06.697] [main/DEBUG] [net.minecraftforge.fml.loading.moddiscovery.ModFileInfo/LOADING]: Found valid mod file forge-1.20.1-47.4.0-universal.jar with {forge} mods - versions {47.4.0}
[18May2025 00:08:06.707] [main/DEBUG] [net.minecraftforge.fml.loading.moddiscovery.AbstractJarFileDependencyLocator/]: Failed to load resource META-INF/jarjar/metadata.json from dynamiclightsreforged-1.20.1_v1.6.0.jar, it does not contain dependency information.
[18May2025 00:08:06.707] [main/DEBUG] [net.minecraftforge.fml.loading.moddiscovery.AbstractJarFileDependencyLocator/]: Failed to load resource META-INF/jarjar/metadata.json from blue_skies-1.20.1-1.3.31.jar, it does not contain dependency information.
[18May2025 00:08:06.708] [main/DEBUG] [net.minecraftforge.fml.loading.moddiscovery.AbstractJarFileDependencyLocator/]: Failed to load resource META-INF/jarjar/metadata.json from embeddiumplus-1.20.1-v1.2.13.jar, it does not contain dependency information.
[18May2025 00:08:06.708] [main/DEBUG] [net.minecraftforge.fml.loading.moddiscovery.AbstractJarFileDependencyLocator/]: Failed to load resource META-INF/jarjar/metadata.json from skin_changer-forge-1.20.1-0.6.6.jar, it does not contain dependency information.
[18May2025 00:08:06.708] [main/DEBUG] [net.minecraftforge.fml.loading.moddiscovery.AbstractJarFileDependencyLocator/]: Failed to load resource META-INF/jarjar/metadata.json from netherportalfix-forge-1.20-13.0.1.jar, it does not contain dependency information.
[18May2025 00:08:06.708] [main/DEBUG] [net.minecraftforge.fml.loading.moddiscovery.AbstractJarFileDependencyLocator/]: Failed to load resource META-INF/jarjar/metadata.json from player-animation-lib-forge-1.0.2-rc1+1.20.jar, it does not contain dependency information.
[18May2025 00:08:06.708] [main/DEBUG] [net.minecraftforge.fml.loading.moddiscovery.AbstractJarFileDependencyLocator/]: Failed to load resource META-INF/jarjar/metadata.json from [1.20.1][Forge] RPG-HUD-3.10.jar, it does not contain dependency information.
[18May2025 00:08:06.708] [main/DEBUG] [net.minecraftforge.fml.loading.moddiscovery.AbstractJarFileDependencyLocator/]: Failed to load resource META-INF/jarjar/metadata.json from jei-1.20.1-forge-15.20.0.106.jar, it does not contain dependency information.
[18May2025 00:08:06.709] [main/DEBUG] [net.minecraftforge.fml.loading.moddiscovery.AbstractJarFileDependencyLocator/]: Failed to load resource META-INF/jarjar/metadata.json from majruszs-difficulty-forge-1.20.1-1.9.10.jar, it does not contain dependency information.
[18May2025 00:08:06.709] [main/DEBUG] [net.minecraftforge.fml.loading.moddiscovery.AbstractJarFileDependencyLocator/]: Failed to load resource META-INF/jarjar/metadata.json from connectivity-1.20.1-5.6.jar, it does not contain dependency information.
[18May2025 00:08:06.709] [main/DEBUG] [net.minecraftforge.fml.loading.moddiscovery.AbstractJarFileDependencyLocator/]: Failed to load resource META-INF/jarjar/metadata.json from caelus-forge-3.2.0+1.20.1.jar, it does not contain dependency information.
[18May2025 00:08:06.709] [main/DEBUG] [net.minecraftforge.fml.loading.moddiscovery.AbstractJarFileDependencyLocator/]: Failed to load resource META-INF/jarjar/metadata.json from Controlling-forge-1.20.1-12.0.2.jar, it does not contain dependency information.
[18May2025 00:08:06.709] [main/DEBUG] [net.minecraftforge.fml.loading.moddiscovery.AbstractJarFileDependencyLocator/]: Failed to load resource META-INF/jarjar/metadata.json from clickadv-1.20.1-3.8.jar, it does not contain dependency information.
[18May2025 00:08:06.710] [main/DEBUG] [net.minecraftforge.fml.loading.moddiscovery.AbstractJarFileDependencyLocator/]: Failed to load resource META-INF/jarjar/metadata.json from fusion-1.1.1-forge-mc1.20.1.jar, it does not contain dependency information.
[18May2025 00:08:06.710] [main/DEBUG] [net.minecraftforge.fml.loading.moddiscovery.AbstractJarFileDependencyLocator/]: Failed to load resource META-INF/jarjar/metadata.json from FpsReducer2-forge-1.20-2.5.jar, it does not contain dependency information.
[18May2025 00:08:06.710] [main/DEBUG] [net.minecraftforge.fml.loading.moddiscovery.AbstractJarFileDependencyLocator/]: Failed to load resource META-INF/jarjar/metadata.json from cloth-config-11.1.118-forge.jar, it does not contain dependency information.
[18May2025 00:08:06.710] [main/DEBUG] [net.minecraftforge.fml.loading.moddiscovery.AbstractJarFileDependencyLocator/]: Failed to load resource META-INF/jarjar/metadata.json from forge-1.20.1-47.4.0-universal.jar, it does not contain dependency information.
[18May2025 00:08:06.710] [main/DEBUG] [net.minecraftforge.fml.loading.moddiscovery.AbstractJarFileDependencyLocator/]: Failed to load resource META-INF/jarjar/metadata.json from twilightforest-1.20.1-4.3.2508-universal.jar, it does not contain dependency information.
[18May2025 00:08:06.711] [main/DEBUG] [net.minecraftforge.fml.loading.moddiscovery.AbstractJarFileDependencyLocator/]: Failed to load resource META-INF/jarjar/metadata.json from Log-Begone-Forge-1.20.1-1.0.8.jar, it does not contain dependency information.
[18May2025 00:08:06.711] [main/DEBUG] [net.minecraftforge.fml.loading.moddiscovery.AbstractJarFileDependencyLocator/]: Failed to load resource META-INF/jarjar/metadata.json from structure_gel-1.20.1-2.16.2.jar, it does not contain dependency information.
[18May2025 00:08:06.711] [main/DEBUG] [net.minecraftforge.fml.loading.moddiscovery.AbstractJarFileDependencyLocator/]: Failed to load resource META-INF/jarjar/metadata.json from DungeonsArise-1.20.x-2.1.58-release.jar, it does not contain dependency information.
[18May2025 00:08:06.711] [main/DEBUG] [net.minecraftforge.fml.loading.moddiscovery.AbstractJarFileDependencyLocator/]: Failed to load resource META-INF/jarjar/metadata.json from server-1.20.1-20230612.114412-srg.jar, it does not contain dependency information.
[18May2025 00:08:06.712] [main/DEBUG] [net.minecraftforge.fml.loading.moddiscovery.AbstractJarFileDependencyLocator/]: Failed to load resource META-INF/jarjar/metadata.json from smoothchunk-1.20.1-3.6.jar, it does not contain dependency information.
[18May2025 00:08:06.712] [main/DEBUG] [net.minecraftforge.fml.loading.moddiscovery.AbstractJarFileDependencyLocator/]: Failed to load resource META-INF/jarjar/metadata.json from okzoomer-forge-1.20-3.0.1.jar, it does not contain dependency information.
[18May2025 00:08:06.712] [main/DEBUG] [net.minecraftforge.fml.loading.moddiscovery.AbstractJarFileDependencyLocator/]: Failed to load resource META-INF/jarjar/metadata.json from better_weaponry-1.1.3-forge-1.20.1.jar, it does not contain dependency information.
[18May2025 00:08:06.712] [main/DEBUG] [net.minecraftforge.fml.loading.moddiscovery.AbstractJarFileDependencyLocator/]: Failed to load resource META-INF/jarjar/metadata.json from AmbientSounds_FORGE_v6.1.10_mc1.20.1.jar, it does not contain dependency information.
[18May2025 00:08:06.712] [main/DEBUG] [net.minecraftforge.fml.loading.moddiscovery.AbstractJarFileDependencyLocator/]: Failed to load resource META-INF/jarjar/metadata.json from MouseTweaks-forge-mc1.20.1-2.25.1.jar, it does not contain dependency information.
[18May2025 00:08:06.712] [main/DEBUG] [net.minecraftforge.fml.loading.moddiscovery.AbstractJarFileDependencyLocator/]: Failed to load resource META-INF/jarjar/metadata.json from silent-lib-1.20.1-8.0.0.jar, it does not contain dependency information.
[18May2025 00:08:06.712] [main/DEBUG] [net.minecraftforge.fml.loading.moddiscovery.AbstractJarFileDependencyLocator/]: Failed to load resource META-INF/jarjar/metadata.json from NoChatReports-FORGE-1.20.1-v2.2.2.jar, it does not contain dependency information.
[18May2025 00:08:06.713] [main/DEBUG] [net.minecraftforge.fml.loading.moddiscovery.AbstractJarFileDependencyLocator/]: Failed to load resource META-INF/jarjar/metadata.json from ShoulderSurfing-Forge-1.20.1-4.3.0.jar, it does not contain dependency information.
[18May2025 00:08:06.713] [main/DEBUG] [net.minecraftforge.fml.loading.moddiscovery.AbstractJarFileDependencyLocator/]: Failed to load resource META-INF/jarjar/metadata.json from CullLessLeaves-Reforged-1.20.1-1.0.5.jar, it does not contain dependency information.
[18May2025 00:08:06.713] [main/DEBUG] [net.minecraftforge.fml.loading.moddiscovery.AbstractJarFileDependencyLocator/]: Failed to load resource META-INF/jarjar/metadata.json from CreativeCore_FORGE_v2.12.32_mc1.20.1.jar, it does not contain dependency information.
[18May2025 00:08:06.713] [main/DEBUG] [net.minecraftforge.fml.loading.moddiscovery.AbstractJarFileDependencyLocator/]: Failed to load resource META-INF/jarjar/metadata.json from Boat-Item-View-Forge-1.20.1-0.0.5.jar, it does not contain dependency information.
[18May2025 00:08:06.713] [main/DEBUG] [net.minecraftforge.fml.loading.moddiscovery.AbstractJarFileDependencyLocator/]: Failed to load resource META-INF/jarjar/metadata.json from YouDied-1.20-3.0.0.17-forge.jar, it does not contain dependency information.
[18May2025 00:08:06.714] [main/DEBUG] [net.minecraftforge.fml.loading.moddiscovery.AbstractJarFileDependencyLocator/]: Failed to load resource META-INF/jarjar/metadata.json from Searchables-forge-1.20.1-1.0.3.jar, it does not contain dependency information.
[18May2025 00:08:06.714] [main/DEBUG] [net.minecraftforge.fml.loading.moddiscovery.AbstractJarFileDependencyLocator/]: Failed to load resource META-INF/jarjar/metadata.json from tombstone-1.20.1-8.9.4.jar, it does not contain dependency information.
[18May2025 00:08:06.714] [main/DEBUG] [net.minecraftforge.fml.loading.moddiscovery.AbstractJarFileDependencyLocator/]: Failed to load resource META-INF/jarjar/metadata.json from architectury-9.2.14-forge.jar, it does not contain dependency information.
[18May2025 00:08:06.714] [main/DEBUG] [net.minecraftforge.fml.loading.moddiscovery.AbstractJarFileDependencyLocator/]: Failed to load resource META-INF/jarjar/metadata.json from ferritecore-6.0.1-forge.jar, it does not contain dependency information.
[18May2025 00:08:06.714] [main/DEBUG] [net.minecraftforge.fml.loading.moddiscovery.AbstractJarFileDependencyLocator/]: Failed to load resource META-INF/jarjar/metadata.json from cupboard-1.20.1-2.7.jar, it does not contain dependency information.
[18May2025 00:08:06.715] [main/DEBUG] [net.minecraftforge.fml.loading.moddiscovery.AbstractJarFileDependencyLocator/]: Failed to load resource META-INF/jarjar/metadata.json from ScalingHealth-1.20.1-8.0.2+9.jar, it does not contain dependency information.
[18May2025 00:08:06.715] [main/DEBUG] [net.minecraftforge.fml.loading.moddiscovery.AbstractJarFileDependencyLocator/]: Failed to load resource META-INF/jarjar/metadata.json from YeetusExperimentus-Forge-2.3.1-build.6+mc1.20.1.jar, it does not contain dependency information.
[18May2025 00:08:06.715] [main/DEBUG] [net.minecraftforge.fml.loading.moddiscovery.AbstractJarFileDependencyLocator/]: Failed to load resource META-INF/jarjar/metadata.json from majrusz-library-forge-1.20.1-7.0.8.jar, it does not contain dependency information.
[18May2025 00:08:06.715] [main/DEBUG] [net.minecraftforge.fml.loading.moddiscovery.AbstractJarFileDependencyLocator/]: Failed to load resource META-INF/jarjar/metadata.json from mclanguage-1.20.1-47.4.0.jar, it does not contain dependency information.
[18May2025 00:08:06.715] [main/DEBUG] [net.minecraftforge.fml.loading.moddiscovery.AbstractJarFileDependencyLocator/]: Failed to load resource META-INF/jarjar/metadata.json from javafmllanguage-1.20.1-47.4.0.jar, it does not contain dependency information.
[18May2025 00:08:06.715] [main/DEBUG] [net.minecraftforge.fml.loading.moddiscovery.AbstractJarFileDependencyLocator/]: Failed to load resource META-INF/jarjar/metadata.json from fmlcore-1.20.1-47.4.0.jar, it does not contain dependency information.
[18May2025 00:08:06.715] [main/DEBUG] [net.minecraftforge.fml.loading.moddiscovery.AbstractJarFileDependencyLocator/]: Failed to load resource META-INF/jarjar/metadata.json from lowcodelanguage-1.20.1-47.4.0.jar, it does not contain dependency information.
[18May2025 00:08:06.764] [main/DEBUG] [net.minecraftforge.fml.loading.moddiscovery.ModFileParser/LOADING]: Considering mod file candidate 
[18May2025 00:08:06.765] [main/DEBUG] [net.minecraftforge.fml.loading.moddiscovery.ModFileInfo/LOADING]: Found valid mod file mixinextras-forge-0.3.2.jar with {mixinextras} mods - versions {0.3.2}
[18May2025 00:08:06.768] [main/DEBUG] [net.minecraftforge.fml.loading.moddiscovery.ModFileParser/LOADING]: Considering mod file candidate 
[18May2025 00:08:06.768] [main/DEBUG] [net.minecraftforge.fml.loading.moddiscovery.ModFileInfo/LOADING]: Found valid mod file mixinextras-forge-0.2.0.jar with {mixinextras} mods - versions {0.2.0}
[18May2025 00:08:06.778] [main/DEBUG] [net.minecraftforge.fml.loading.moddiscovery.ModFileParser/LOADING]: Considering mod file candidate 
[18May2025 00:08:06.778] [main/DEBUG] [net.minecraftforge.fml.loading.moddiscovery.ModFileInfo/LOADING]: Found valid mod file mixinextras-forge-0.3.6.jar with {mixinextras} mods - versions {0.3.6}
[18May2025 00:08:06.782] [main/DEBUG] [net.minecraftforge.fml.loading.moddiscovery.ModFileParser/LOADING]: Considering mod file candidate 
[18May2025 00:08:06.783] [main/DEBUG] [net.minecraftforge.fml.loading.moddiscovery.ModFileInfo/LOADING]: Found valid mod file additionalentityattributes-forge-1.4.0.5+1.20.1.jar with {additionalentityattributes} mods - versions {1.4.0.5+1.20.1}
[18May2025 00:08:06.789] [main/DEBUG] [net.minecraftforge.fml.loading.moddiscovery.ModFileParser/LOADING]: Considering mod file candidate 
[18May2025 00:08:06.789] [main/DEBUG] [net.minecraftforge.fml.loading.moddiscovery.ModFileInfo/LOADING]: Found valid mod file calio-forge-1.20.1-1.11.0.5.jar with {calio} mods - versions {1.20.1-1.11.0.5}
[18May2025 00:08:06.813] [main/DEBUG] [net.minecraftforge.fml.loading.moddiscovery.ModFileParser/LOADING]: Considering mod file candidate 
[18May2025 00:08:06.814] [main/DEBUG] [net.minecraftforge.fml.loading.moddiscovery.ModFileInfo/LOADING]: Found valid mod file apoli-forge-1.20.1-2.9.0.8.jar with {apoli} mods - versions {1.20.1-2.9.0.8}
[18May2025 00:08:06.831] [main/DEBUG] [net.minecraftforge.fml.loading.moddiscovery.ModFileParser/LOADING]: Considering mod file candidate 
[18May2025 00:08:06.832] [main/DEBUG] [net.minecraftforge.fml.loading.moddiscovery.ModFileInfo/LOADING]: Found valid mod file mixinextras-forge-0.3.6.jar with {mixinextras} mods - versions {0.3.6}
[18May2025 00:08:06.839] [main/DEBUG] [net.minecraftforge.fml.loading.moddiscovery.ModFileParser/LOADING]: Considering mod file candidate 
[18May2025 00:08:06.839] [main/DEBUG] [net.minecraftforge.fml.loading.moddiscovery.ModFileInfo/LOADING]: Found valid mod file mixinextras-forge-0.3.1.jar with {mixinextras} mods - versions {0.3.1}
[18May2025 00:08:06.860] [main/DEBUG] [net.minecraftforge.fml.loading.moddiscovery.ModFileParser/LOADING]: Considering mod file candidate 
[18May2025 00:08:06.861] [main/DEBUG] [net.minecraftforge.fml.loading.moddiscovery.ModFileInfo/LOADING]: Found valid mod file mixinextras-forge-0.3.5.jar with {mixinextras} mods - versions {0.3.5}
[18May2025 00:08:06.863] [main/DEBUG] [net.minecraftforge.fml.loading.moddiscovery.ModFileParser/LOADING]: Considering mod file candidate 
[18May2025 00:08:06.864] [main/DEBUG] [net.minecraftforge.fml.loading.moddiscovery.ModFileInfo/LOADING]: Found valid mod file kuma-api-forge-20.1.8+1.20.1.jar with {kuma_api} mods - versions {20.1.8}
[18May2025 00:08:06.867] [main/DEBUG] [net.minecraftforge.fml.loading.moddiscovery.ModFileParser/LOADING]: Considering mod file candidate 
[18May2025 00:08:06.868] [main/DEBUG] [net.minecraftforge.fml.loading.moddiscovery.ModFileInfo/LOADING]: Found valid mod file mixinextras-forge-0.3.5.jar with {mixinextras} mods - versions {0.3.5}
[18May2025 00:08:06.881] [main/DEBUG] [net.minecraftforge.fml.loading.moddiscovery.AbstractJarFileDependencyLocator/]: Failed to load resource META-INF/jarjar/metadata.json from NanoLiveConfig-1.2.0.jar, it does not contain dependency information.
[18May2025 00:08:06.886] [main/DEBUG] [net.minecraftforge.fml.loading.moddiscovery.ModFileParser/LOADING]: Considering mod file candidate 
[18May2025 00:08:06.887] [main/DEBUG] [net.minecraftforge.fml.loading.moddiscovery.ModFileInfo/LOADING]: Found valid mod file mixinextras-forge-0.2.0-beta.8.jar with {mixinextras} mods - versions {0.2.0-beta.8}
[18May2025 00:08:06.887] [main/DEBUG] [net.minecraftforge.fml.loading.moddiscovery.AbstractJarFileDependencyLocator/]: Failed to load resource META-INF/jarjar/metadata.json from calio-forge-1.20.1-1.11.0.5.jar, it does not contain dependency information.
[18May2025 00:08:06.887] [main/DEBUG] [net.minecraftforge.fml.loading.moddiscovery.AbstractJarFileDependencyLocator/]: Failed to load resource META-INF/jarjar/metadata.json from apoli-forge-1.20.1-2.9.0.8.jar, it does not contain dependency information.
[18May2025 00:08:06.887] [main/DEBUG] [net.minecraftforge.fml.loading.moddiscovery.AbstractJarFileDependencyLocator/]: Failed to load resource META-INF/jarjar/metadata.json from jctools-core-4.0.5.jar, it does not contain dependency information.
[18May2025 00:08:06.909] [main/DEBUG] [net.minecraftforge.fml.loading.moddiscovery.AbstractJarFileDependencyLocator/]: Failed to load resource META-INF/jarjar/metadata.json from Reflect-1.3.4.jar, it does not contain dependency information.
[18May2025 00:08:06.915] [main/DEBUG] [net.minecraftforge.fml.loading.moddiscovery.AbstractJarFileDependencyLocator/]: Failed to load resource META-INF/jarjar/metadata.json from snakeyaml-2.2.jar, it does not contain dependency information.
[18May2025 00:08:06.915] [main/DEBUG] [net.minecraftforge.fml.loading.moddiscovery.AbstractJarFileDependencyLocator/]: Failed to load resource META-INF/jarjar/metadata.json from dazzleconf-core-1.3.0-M2.jar, it does not contain dependency information.
[18May2025 00:08:06.915] [main/DEBUG] [net.minecraftforge.fml.loading.moddiscovery.AbstractJarFileDependencyLocator/]: Failed to load resource META-INF/jarjar/metadata.json from dazzleconf-ext-snakeyaml-1.3.0-M2.jar, it does not contain dependency information.
[18May2025 00:08:06.921] [main/DEBUG] [net.minecraftforge.fml.loading.moddiscovery.AbstractJarFileDependencyLocator/]: Failed to load resource META-INF/jarjar/metadata.json from kuma-api-forge-20.1.8+1.20.1.jar, it does not contain dependency information.
[18May2025 00:08:06.926] [main/DEBUG] [net.minecraftforge.fml.loading.moddiscovery.AbstractJarFileDependencyLocator/]: Failed to load resource META-INF/jarjar/metadata.json from NanoLiveConfig-1.2.0.jar, it does not contain dependency information.
[18May2025 00:08:06.926] [main/DEBUG] [net.minecraftforge.fml.loading.moddiscovery.AbstractJarFileDependencyLocator/]: Failed to load resource META-INF/jarjar/metadata.json from MixinExtras-0.3.2.jar, it does not contain dependency information.
[18May2025 00:08:06.926] [main/DEBUG] [net.minecraftforge.fml.loading.moddiscovery.AbstractJarFileDependencyLocator/]: Failed to load resource META-INF/jarjar/metadata.json from MixinExtras-0.2.0.jar, it does not contain dependency information.
[18May2025 00:08:06.926] [main/DEBUG] [net.minecraftforge.fml.loading.moddiscovery.AbstractJarFileDependencyLocator/]: Failed to load resource META-INF/jarjar/metadata.json from MixinExtras-0.3.6.jar, it does not contain dependency information.
[18May2025 00:08:06.930] [main/DEBUG] [net.minecraftforge.fml.loading.moddiscovery.AbstractJarFileDependencyLocator/]: Failed to load resource META-INF/jarjar/metadata.json from MixinExtras-0.3.6.jar, it does not contain dependency information.
[18May2025 00:08:06.930] [main/DEBUG] [net.minecraftforge.fml.loading.moddiscovery.AbstractJarFileDependencyLocator/]: Failed to load resource META-INF/jarjar/metadata.json from MixinExtras-0.3.1.jar, it does not contain dependency information.
[18May2025 00:08:06.930] [main/DEBUG] [net.minecraftforge.fml.loading.moddiscovery.AbstractJarFileDependencyLocator/]: Failed to load resource META-INF/jarjar/metadata.json from MixinExtras-0.3.5.jar, it does not contain dependency information.
[18May2025 00:08:06.930] [main/DEBUG] [net.minecraftforge.fml.loading.moddiscovery.AbstractJarFileDependencyLocator/]: Failed to load resource META-INF/jarjar/metadata.json from MixinExtras-0.3.5.jar, it does not contain dependency information.
[18May2025 00:08:06.930] [main/DEBUG] [net.minecraftforge.fml.loading.moddiscovery.AbstractJarFileDependencyLocator/]: Failed to load resource META-INF/jarjar/metadata.json from MixinExtras-0.2.0-beta.8.jar, it does not contain dependency information.
[18May2025 00:08:06.956] [main/DEBUG] [net.minecraftforge.fml.loading.moddiscovery.ModFileParser/LOADING]: Considering mod file candidate 
[18May2025 00:08:06.957] [main/DEBUG] [net.minecraftforge.fml.loading.moddiscovery.ModFileInfo/LOADING]: Found valid mod file kuma-api-forge-20.1.8+1.20.1.jar with {kuma_api} mods - versions {20.1.8}
[18May2025 00:08:06.964] [main/DEBUG] [net.minecraftforge.fml.loading.moddiscovery.ModFileParser/LOADING]: Considering mod file candidate 
[18May2025 00:08:06.964] [main/DEBUG] [net.minecraftforge.fml.loading.moddiscovery.ModFileInfo/LOADING]: Found valid mod file additionalentityattributes-forge-1.4.0.5+1.20.1.jar with {additionalentityattributes} mods - versions {1.4.0.5+1.20.1}
[18May2025 00:08:06.980] [main/DEBUG] [net.minecraftforge.fml.loading.moddiscovery.ModFileParser/LOADING]: Considering mod file candidate 
[18May2025 00:08:06.981] [main/DEBUG] [net.minecraftforge.fml.loading.moddiscovery.ModFileInfo/LOADING]: Found valid mod file apoli-forge-1.20.1-2.9.0.8.jar with {apoli} mods - versions {1.20.1-2.9.0.8}
[18May2025 00:08:06.986] [main/DEBUG] [net.minecraftforge.fml.loading.moddiscovery.ModFileParser/LOADING]: Considering mod file candidate 
[18May2025 00:08:06.987] [main/DEBUG] [net.minecraftforge.fml.loading.moddiscovery.ModFileInfo/LOADING]: Found valid mod file calio-forge-1.20.1-1.11.0.5.jar with {calio} mods - versions {1.20.1-1.11.0.5}
[18May2025 00:08:06.988] [main/DEBUG] [net.minecraftforge.fml.loading.moddiscovery.ModFileParser/LOADING]: Considering mod file candidate 
[18May2025 00:08:06.988] [main/DEBUG] [net.minecraftforge.fml.loading.moddiscovery.ModFileInfo/LOADING]: Found valid mod file mixinextras-forge-0.3.6.jar with {mixinextras} mods - versions {0.3.6}
[18May2025 00:08:06.993] [main/DEBUG] [net.minecraftforge.fml.loading.moddiscovery.ModFileParser/LOADING]: Considering mod file candidate 
[18May2025 00:08:06.994] [main/DEBUG] [net.minecraftforge.fml.loading.moddiscovery.ModFileInfo/LOADING]: Found valid mod file mixinextras-forge-0.2.0-beta.8.jar with {mixinextras} mods - versions {0.2.0-beta.8}
[18May2025 00:08:07.011] [main/WARN] [net.minecraftforge.jarjar.selection.JarSelector/]: Attempted to select two dependency jars from JarJar which have the same identification: Mod File:  and Mod File: . Using Mod File: 
[18May2025 00:08:07.013] [main/INFO] [net.minecraftforge.fml.loading.moddiscovery.JarInJarDependencyLocator/]: Found 12 dependencies adding them to mods collection
[18May2025 00:08:07.015] [main/DEBUG] [net.minecraftforge.fml.loading.moddiscovery.ModFileParser/LOADING]: Considering mod file candidate /workspaces/EmcMc/servidor_minecraft/mods/dynamiclightsreforged-1.20.1_v1.6.0.jar
[18May2025 00:08:07.016] [main/DEBUG] [net.minecraftforge.fml.loading.moddiscovery.ModFileInfo/LOADING]: Found valid mod file dynamiclightsreforged-1.20.1_v1.6.0.jar with {dynamiclightsreforged} mods - versions {1.20.1_v1.6.0}
[18May2025 00:08:07.019] [main/DEBUG] [net.minecraftforge.fml.loading.moddiscovery.ModFile/LOADING]: Loading mod file /workspaces/EmcMc/servidor_minecraft/mods/dynamiclightsreforged-1.20.1_v1.6.0.jar with languages [LanguageSpec[languageName=javafml, acceptedVersions=[36,)]]
[18May2025 00:08:07.019] [main/DEBUG] [net.minecraftforge.fml.loading.moddiscovery.ModFileParser/LOADING]: Considering mod file candidate /workspaces/EmcMc/servidor_minecraft/mods/radium-mc1.20.1-0.12.3+git.50c5c33.jar
[18May2025 00:08:07.020] [main/DEBUG] [net.minecraftforge.fml.loading.moddiscovery.ModFileInfo/LOADING]: Found valid mod file radium-mc1.20.1-0.12.3+git.50c5c33.jar with {radium} mods - versions {0.12.3+git.50c5c33}
[18May2025 00:08:07.020] [main/DEBUG] [net.minecraftforge.fml.loading.moddiscovery.ModFile/LOADING]: Loading mod file /workspaces/EmcMc/servidor_minecraft/mods/radium-mc1.20.1-0.12.3+git.50c5c33.jar with languages [LanguageSpec[languageName=javafml, acceptedVersions=*]]
[18May2025 00:08:07.020] [main/DEBUG] [net.minecraftforge.fml.loading.moddiscovery.ModFileParser/LOADING]: Considering mod file candidate 
[18May2025 00:08:07.021] [main/DEBUG] [net.minecraftforge.fml.loading.moddiscovery.ModFileInfo/LOADING]: Found valid mod file kuma-api-forge-20.1.8+1.20.1.jar with {kuma_api} mods - versions {20.1.8}
[18May2025 00:08:07.021] [main/DEBUG] [net.minecraftforge.fml.loading.moddiscovery.ModFile/LOADING]: Loading mod file  with languages [LanguageSpec[languageName=javafml, acceptedVersions=[47,)]]
[18May2025 00:08:07.021] [main/DEBUG] [net.minecraftforge.fml.loading.moddiscovery.ModFileParser/LOADING]: Considering mod file candidate /workspaces/EmcMc/servidor_minecraft/mods/blue_skies-1.20.1-1.3.31.jar
[18May2025 00:08:07.022] [main/DEBUG] [net.minecraftforge.fml.loading.moddiscovery.ModFileInfo/LOADING]: Found valid mod file blue_skies-1.20.1-1.3.31.jar with {blue_skies} mods - versions {1.3.31}
[18May2025 00:08:07.022] [main/DEBUG] [net.minecraftforge.fml.loading.moddiscovery.ModFile/LOADING]: Loading mod file /workspaces/EmcMc/servidor_minecraft/mods/blue_skies-1.20.1-1.3.31.jar with languages [LanguageSpec[languageName=javafml, acceptedVersions=[47,)]]
[18May2025 00:08:07.024] [main/DEBUG] [net.minecraftforge.fml.loading.moddiscovery.ModFileParser/LOADING]: Considering mod file candidate /workspaces/EmcMc/servidor_minecraft/mods/embeddiumplus-1.20.1-v1.2.13.jar
[18May2025 00:08:07.025] [main/DEBUG] [net.minecraftforge.fml.loading.moddiscovery.ModFileInfo/LOADING]: Found valid mod file embeddiumplus-1.20.1-v1.2.13.jar with {embeddiumplus} mods - versions {1.2.13}
[18May2025 00:08:07.025] [main/DEBUG] [net.minecraftforge.fml.loading.moddiscovery.ModFile/LOADING]: Loading mod file /workspaces/EmcMc/servidor_minecraft/mods/embeddiumplus-1.20.1-v1.2.13.jar with languages [LanguageSpec[languageName=javafml, acceptedVersions=[47,)]]
[18May2025 00:08:07.025] [main/DEBUG] [net.minecraftforge.fml.loading.moddiscovery.ModFileParser/LOADING]: Considering mod file candidate /workspaces/EmcMc/servidor_minecraft/mods/skin_changer-forge-1.20.1-0.6.6.jar
[18May2025 00:08:07.026] [main/DEBUG] [net.minecraftforge.fml.loading.moddiscovery.ModFileInfo/LOADING]: Found valid mod file skin_changer-forge-1.20.1-0.6.6.jar with {skin_changer} mods - versions {0.6.6}
[18May2025 00:08:07.026] [main/DEBUG] [net.minecraftforge.fml.loading.moddiscovery.ModFile/LOADING]: Loading mod file /workspaces/EmcMc/servidor_minecraft/mods/skin_changer-forge-1.20.1-0.6.6.jar with languages [LanguageSpec[languageName=javafml, acceptedVersions=[47,)]]
[18May2025 00:08:07.026] [main/DEBUG] [net.minecraftforge.fml.loading.moddiscovery.ModFileParser/LOADING]: Considering mod file candidate /workspaces/EmcMc/servidor_minecraft/mods/netherportalfix-forge-1.20-13.0.1.jar
[18May2025 00:08:07.027] [main/DEBUG] [net.minecraftforge.fml.loading.moddiscovery.ModFileInfo/LOADING]: Found valid mod file netherportalfix-forge-1.20-13.0.1.jar with {netherportalfix} mods - versions {13.0.1}
[18May2025 00:08:07.027] [main/DEBUG] [net.minecraftforge.fml.loading.moddiscovery.ModFile/LOADING]: Loading mod file /workspaces/EmcMc/servidor_minecraft/mods/netherportalfix-forge-1.20-13.0.1.jar with languages [LanguageSpec[languageName=javafml, acceptedVersions=[46,)]]
[18May2025 00:08:07.027] [main/DEBUG] [net.minecraftforge.fml.loading.moddiscovery.ModFileParser/LOADING]: Considering mod file candidate 
[18May2025 00:08:07.028] [main/DEBUG] [net.minecraftforge.fml.loading.moddiscovery.ModFileInfo/LOADING]: Found valid mod file additionalentityattributes-forge-1.4.0.5+1.20.1.jar with {additionalentityattributes} mods - versions {1.4.0.5+1.20.1}
[18May2025 00:08:07.028] [main/DEBUG] [net.minecraftforge.fml.loading.moddiscovery.ModFile/LOADING]: Loading mod file  with languages [LanguageSpec[languageName=javafml, acceptedVersions=[41,)]]
[18May2025 00:08:07.028] [main/DEBUG] [net.minecraftforge.fml.loading.moddiscovery.ModFileParser/LOADING]: Found coremod aea_water_speed with Javascript path coremods/aea_water_speed.js
[18May2025 00:08:07.028] [main/DEBUG] [net.minecraftforge.fml.loading.moddiscovery.ModFile/LOADING]: Found coremod coremods/aea_water_speed.js
[18May2025 00:08:07.028] [main/DEBUG] [net.minecraftforge.fml.loading.moddiscovery.ModFileParser/LOADING]: Considering mod file candidate /workspaces/EmcMc/servidor_minecraft/mods/player-animation-lib-forge-1.0.2-rc1+1.20.jar
[18May2025 00:08:07.029] [main/DEBUG] [net.minecraftforge.fml.loading.moddiscovery.ModFileInfo/LOADING]: Found valid mod file player-animation-lib-forge-1.0.2-rc1+1.20.jar with {playeranimator} mods - versions {1.0.2-rc1+1.20}
[18May2025 00:08:07.029] [main/DEBUG] [net.minecraftforge.fml.loading.moddiscovery.ModFile/LOADING]: Loading mod file /workspaces/EmcMc/servidor_minecraft/mods/player-animation-lib-forge-1.0.2-rc1+1.20.jar with languages [LanguageSpec[languageName=javafml, acceptedVersions=[46.0.0,)]]
[18May2025 00:08:07.029] [main/DEBUG] [net.minecraftforge.fml.loading.moddiscovery.ModFileParser/LOADING]: Considering mod file candidate /workspaces/EmcMc/servidor_minecraft/mods/[1.20.1][Forge] RPG-HUD-3.10.jar
[18May2025 00:08:07.030] [main/DEBUG] [net.minecraftforge.fml.loading.moddiscovery.ModFileInfo/LOADING]: Found valid mod file [1.20.1][Forge] RPG-HUD-3.10.jar with {rpghud} mods - versions {3.10}
[18May2025 00:08:07.030] [main/DEBUG] [net.minecraftforge.fml.loading.moddiscovery.ModFile/LOADING]: Loading mod file /workspaces/EmcMc/servidor_minecraft/mods/[1.20.1][Forge] RPG-HUD-3.10.jar with languages [LanguageSpec[languageName=javafml, acceptedVersions=[47,)]]
[18May2025 00:08:07.030] [main/DEBUG] [net.minecraftforge.fml.loading.moddiscovery.ModFileParser/LOADING]: Considering mod file candidate /workspaces/EmcMc/servidor_minecraft/mods/jei-1.20.1-forge-15.20.0.106.jar
[18May2025 00:08:07.031] [main/DEBUG] [net.minecraftforge.fml.loading.moddiscovery.ModFileInfo/LOADING]: Found valid mod file jei-1.20.1-forge-15.20.0.106.jar with {jei} mods - versions {15.20.0.106}
[18May2025 00:08:07.031] [main/DEBUG] [net.minecraftforge.fml.loading.moddiscovery.ModFile/LOADING]: Loading mod file /workspaces/EmcMc/servidor_minecraft/mods/jei-1.20.1-forge-15.20.0.106.jar with languages [LanguageSpec[languageName=javafml, acceptedVersions=[47,)]]
[18May2025 00:08:07.031] [main/DEBUG] [net.minecraftforge.fml.loading.moddiscovery.ModFileParser/LOADING]: Considering mod file candidate /workspaces/EmcMc/servidor_minecraft/mods/majruszs-difficulty-forge-1.20.1-1.9.10.jar
[18May2025 00:08:07.031] [main/DEBUG] [net.minecraftforge.fml.loading.moddiscovery.ModFileInfo/LOADING]: Found valid mod file majruszs-difficulty-forge-1.20.1-1.9.10.jar with {majruszsdifficulty} mods - versions {1.9.10}
[18May2025 00:08:07.032] [main/DEBUG] [net.minecraftforge.fml.loading.moddiscovery.ModFile/LOADING]: Loading mod file /workspaces/EmcMc/servidor_minecraft/mods/majruszs-difficulty-forge-1.20.1-1.9.10.jar with languages [LanguageSpec[languageName=javafml, acceptedVersions=[47,)]]
[18May2025 00:08:07.032] [main/DEBUG] [net.minecraftforge.fml.loading.moddiscovery.ModFileParser/LOADING]: Considering mod file candidate /workspaces/EmcMc/servidor_minecraft/mods/connectivity-1.20.1-5.6.jar
[18May2025 00:08:07.033] [main/DEBUG] [net.minecraftforge.fml.loading.moddiscovery.ModFileInfo/LOADING]: Found valid mod file connectivity-1.20.1-5.6.jar with {connectivity} mods - versions {1.20.1-5.6}
[18May2025 00:08:07.033] [main/DEBUG] [net.minecraftforge.fml.loading.moddiscovery.ModFile/LOADING]: Loading mod file /workspaces/EmcMc/servidor_minecraft/mods/connectivity-1.20.1-5.6.jar with languages [LanguageSpec[languageName=javafml, acceptedVersions=[28,)]]
[18May2025 00:08:07.033] [main/DEBUG] [net.minecraftforge.fml.loading.moddiscovery.ModFileParser/LOADING]: Considering mod file candidate /workspaces/EmcMc/servidor_minecraft/mods/caelus-forge-3.2.0+1.20.1.jar
[18May2025 00:08:07.033] [main/DEBUG] [net.minecraftforge.fml.loading.moddiscovery.ModFileInfo/LOADING]: Found valid mod file caelus-forge-3.2.0+1.20.1.jar with {caelus} mods - versions {3.2.0+1.20.1}
[18May2025 00:08:07.033] [main/DEBUG] [net.minecraftforge.fml.loading.moddiscovery.ModFile/LOADING]: Loading mod file /workspaces/EmcMc/servidor_minecraft/mods/caelus-forge-3.2.0+1.20.1.jar with languages [LanguageSpec[languageName=javafml, acceptedVersions=[46,)]]
[18May2025 00:08:07.033] [main/DEBUG] [net.minecraftforge.fml.loading.moddiscovery.ModFileParser/LOADING]: Considering mod file candidate 
[18May2025 00:08:07.034] [main/DEBUG] [net.minecraftforge.fml.loading.moddiscovery.ModFileInfo/LOADING]: Found valid mod file apoli-forge-1.20.1-2.9.0.8.jar with {apoli} mods - versions {1.20.1-2.9.0.8}
[18May2025 00:08:07.034] [main/DEBUG] [net.minecraftforge.fml.loading.moddiscovery.ModFile/LOADING]: Loading mod file  with languages [LanguageSpec[languageName=javafml, acceptedVersions=[47,)]]
[18May2025 00:08:07.034] [main/DEBUG] [net.minecraftforge.fml.loading.moddiscovery.ModFileParser/LOADING]: Found coremod prevent_armor_equip with Javascript path coremods/apoli.js
[18May2025 00:08:07.034] [main/DEBUG] [net.minecraftforge.fml.loading.moddiscovery.ModFile/LOADING]: Found coremod coremods/apoli.js
[18May2025 00:08:07.035] [main/DEBUG] [net.minecraftforge.fml.loading.moddiscovery.ModFileParser/LOADING]: Considering mod file candidate /workspaces/EmcMc/servidor_minecraft/mods/Controlling-forge-1.20.1-12.0.2.jar
[18May2025 00:08:07.035] [main/DEBUG] [net.minecraftforge.fml.loading.moddiscovery.ModFileInfo/LOADING]: Found valid mod file Controlling-forge-1.20.1-12.0.2.jar with {controlling} mods - versions {12.0.2}
[18May2025 00:08:07.035] [main/DEBUG] [net.minecraftforge.fml.loading.moddiscovery.ModFile/LOADING]: Loading mod file /workspaces/EmcMc/servidor_minecraft/mods/Controlling-forge-1.20.1-12.0.2.jar with languages [LanguageSpec[languageName=javafml, acceptedVersions=[41,)]]
[18May2025 00:08:07.035] [main/DEBUG] [net.minecraftforge.fml.loading.moddiscovery.ModFileParser/LOADING]: Considering mod file candidate /workspaces/EmcMc/servidor_minecraft/mods/modernfix-forge-5.19.1+mc1.20.1.jar
[18May2025 00:08:07.036] [main/DEBUG] [net.minecraftforge.fml.loading.moddiscovery.ModFileInfo/LOADING]: Found valid mod file modernfix-forge-5.19.1+mc1.20.1.jar with {modernfix} mods - versions {5.19.1+mc1.20.1}
[18May2025 00:08:07.036] [main/DEBUG] [net.minecraftforge.fml.loading.moddiscovery.ModFile/LOADING]: Loading mod file /workspaces/EmcMc/servidor_minecraft/mods/modernfix-forge-5.19.1+mc1.20.1.jar with languages [LanguageSpec[languageName=javafml, acceptedVersions=[46,)]]
[18May2025 00:08:07.036] [main/DEBUG] [net.minecraftforge.fml.loading.moddiscovery.ModFileParser/LOADING]: Considering mod file candidate /workspaces/EmcMc/servidor_minecraft/mods/clickadv-1.20.1-3.8.jar
[18May2025 00:08:07.037] [main/DEBUG] [net.minecraftforge.fml.loading.moddiscovery.ModFileInfo/LOADING]: Found valid mod file clickadv-1.20.1-3.8.jar with {clickadv} mods - versions {1.20.1-3.8}
[18May2025 00:08:07.037] [main/DEBUG] [net.minecraftforge.fml.loading.moddiscovery.ModFile/LOADING]: Loading mod file /workspaces/EmcMc/servidor_minecraft/mods/clickadv-1.20.1-3.8.jar with languages [LanguageSpec[languageName=javafml, acceptedVersions=[36,)]]
[18May2025 00:08:07.037] [main/DEBUG] [net.minecraftforge.fml.loading.moddiscovery.ModFileParser/LOADING]: Considering mod file candidate /workspaces/EmcMc/servidor_minecraft/mods/balm-forge-1.20.1-7.3.9-all.jar
[18May2025 00:08:07.038] [main/DEBUG] [net.minecraftforge.fml.loading.moddiscovery.ModFileInfo/LOADING]: Found valid mod file balm-forge-1.20.1-7.3.9-all.jar with {balm} mods - versions {7.3.9}
[18May2025 00:08:07.038] [main/DEBUG] [net.minecraftforge.fml.loading.moddiscovery.ModFile/LOADING]: Loading mod file /workspaces/EmcMc/servidor_minecraft/mods/balm-forge-1.20.1-7.3.9-all.jar with languages [LanguageSpec[languageName=javafml, acceptedVersions=[46,)]]
[18May2025 00:08:07.038] [main/DEBUG] [net.minecraftforge.fml.loading.moddiscovery.ModFileParser/LOADING]: Considering mod file candidate /workspaces/EmcMc/servidor_minecraft/mods/farsight-1.20.1-3.7.jar
[18May2025 00:08:07.039] [main/DEBUG] [net.minecraftforge.fml.loading.moddiscovery.ModFileInfo/LOADING]: Found valid mod file farsight-1.20.1-3.7.jar with {farsight_view} mods - versions {1.20.1-3.7}
[18May2025 00:08:07.039] [main/DEBUG] [net.minecraftforge.fml.loading.moddiscovery.ModFile/LOADING]: Loading mod file /workspaces/EmcMc/servidor_minecraft/mods/farsight-1.20.1-3.7.jar with languages [LanguageSpec[languageName=javafml, acceptedVersions=[36,)]]
[18May2025 00:08:07.039] [main/DEBUG] [net.minecraftforge.fml.loading.moddiscovery.ModFileParser/LOADING]: Considering mod file candidate /workspaces/EmcMc/servidor_minecraft/mods/fusion-1.1.1-forge-mc1.20.1.jar
[18May2025 00:08:07.040] [main/DEBUG] [net.minecraftforge.fml.loading.moddiscovery.ModFileInfo/LOADING]: Found valid mod file fusion-1.1.1-forge-mc1.20.1.jar with {fusion} mods - versions {1.1.1}
[18May2025 00:08:07.040] [main/DEBUG] [net.minecraftforge.fml.loading.moddiscovery.ModFile/LOADING]: Loading mod file /workspaces/EmcMc/servidor_minecraft/mods/fusion-1.1.1-forge-mc1.20.1.jar with languages [LanguageSpec[languageName=javafml, acceptedVersions=[47,)]]
[18May2025 00:08:07.040] [main/DEBUG] [net.minecraftforge.fml.loading.moddiscovery.ModFileParser/LOADING]: Considering mod file candidate /workspaces/EmcMc/servidor_minecraft/mods/FpsReducer2-forge-1.20-2.5.jar
[18May2025 00:08:07.041] [main/DEBUG] [net.minecraftforge.fml.loading.moddiscovery.ModFileInfo/LOADING]: Found valid mod file FpsReducer2-forge-1.20-2.5.jar with {fpsreducer} mods - versions {1.20-2.5}
[18May2025 00:08:07.041] [main/DEBUG] [net.minecraftforge.fml.loading.moddiscovery.ModFile/LOADING]: Loading mod file /workspaces/EmcMc/servidor_minecraft/mods/FpsReducer2-forge-1.20-2.5.jar with languages [LanguageSpec[languageName=javafml, acceptedVersions=[46,)]]
[18May2025 00:08:07.041] [main/DEBUG] [net.minecraftforge.fml.loading.moddiscovery.ModFileParser/LOADING]: Considering mod file candidate /workspaces/EmcMc/servidor_minecraft/mods/cloth-config-11.1.118-forge.jar
[18May2025 00:08:07.041] [main/DEBUG] [net.minecraftforge.fml.loading.moddiscovery.ModFileInfo/LOADING]: Found valid mod file cloth-config-11.1.118-forge.jar with {cloth_config} mods - versions {11.1.118}
[18May2025 00:08:07.042] [main/DEBUG] [net.minecraftforge.fml.loading.moddiscovery.ModFile/LOADING]: Loading mod file /workspaces/EmcMc/servidor_minecraft/mods/cloth-config-11.1.118-forge.jar with languages [LanguageSpec[languageName=javafml, acceptedVersions=[34,)]]
[18May2025 00:08:07.042] [main/DEBUG] [net.minecraftforge.fml.loading.moddiscovery.ModFileParser/LOADING]: Considering mod file candidate /workspaces/EmcMc/servidor_minecraft/libraries/net/minecraftforge/forge/1.20.1-47.4.0/forge-1.20.1-47.4.0-universal.jar
[18May2025 00:08:07.042] [main/DEBUG] [net.minecraftforge.fml.loading.moddiscovery.ModFileInfo/LOADING]: Found valid mod file forge-1.20.1-47.4.0-universal.jar with {forge} mods - versions {47.4.0}
[18May2025 00:08:07.042] [main/DEBUG] [net.minecraftforge.fml.loading.moddiscovery.ModFile/LOADING]: Loading mod file /workspaces/EmcMc/servidor_minecraft/libraries/net/minecraftforge/forge/1.20.1-47.4.0/forge-1.20.1-47.4.0-universal.jar with languages [LanguageSpec[languageName=javafml, acceptedVersions=[24,]]]
[18May2025 00:08:07.043] [main/DEBUG] [net.minecraftforge.fml.loading.moddiscovery.ModFileParser/LOADING]: Found coremod field_to_method with Javascript path coremods/field_to_method.js
[18May2025 00:08:07.043] [main/DEBUG] [net.minecraftforge.fml.loading.moddiscovery.ModFileParser/LOADING]: Found coremod field_to_instanceof with Javascript path coremods/field_to_instanceof.js
[18May2025 00:08:07.043] [main/DEBUG] [net.minecraftforge.fml.loading.moddiscovery.ModFileParser/LOADING]: Found coremod add_bouncer_method with Javascript path coremods/add_bouncer_method.js
[18May2025 00:08:07.043] [main/DEBUG] [net.minecraftforge.fml.loading.moddiscovery.ModFileParser/LOADING]: Found coremod method_redirector with Javascript path coremods/method_redirector.js
[18May2025 00:08:07.043] [main/DEBUG] [net.minecraftforge.fml.loading.moddiscovery.ModFile/LOADING]: Found coremod coremods/field_to_method.js
[18May2025 00:08:07.043] [main/DEBUG] [net.minecraftforge.fml.loading.moddiscovery.ModFile/LOADING]: Found coremod coremods/field_to_instanceof.js
[18May2025 00:08:07.043] [main/DEBUG] [net.minecraftforge.fml.loading.moddiscovery.ModFile/LOADING]: Found coremod coremods/add_bouncer_method.js
[18May2025 00:08:07.043] [main/DEBUG] [net.minecraftforge.fml.loading.moddiscovery.ModFile/LOADING]: Found coremod coremods/method_redirector.js
[18May2025 00:08:07.043] [main/DEBUG] [net.minecraftforge.fml.loading.moddiscovery.ModFileParser/LOADING]: Considering mod file candidate /workspaces/EmcMc/servidor_minecraft/mods/twilightforest-1.20.1-4.3.2508-universal.jar
[18May2025 00:08:07.044] [main/DEBUG] [net.minecraftforge.fml.loading.moddiscovery.ModFileInfo/LOADING]: Found valid mod file twilightforest-1.20.1-4.3.2508-universal.jar with {twilightforest} mods - versions {4.3.2508}
[18May2025 00:08:07.044] [main/DEBUG] [net.minecraftforge.fml.loading.moddiscovery.ModFile/LOADING]: Loading mod file /workspaces/EmcMc/servidor_minecraft/mods/twilightforest-1.20.1-4.3.2508-universal.jar with languages [LanguageSpec[languageName=javafml, acceptedVersions=[47,)]]
[18May2025 00:08:07.045] [main/DEBUG] [net.minecraftforge.fml.loading.moddiscovery.ModFileParser/LOADING]: Found coremod seed with Javascript path META-INF/asm/seed.js
[18May2025 00:08:07.045] [main/DEBUG] [net.minecraftforge.fml.loading.moddiscovery.ModFileParser/LOADING]: Found coremod maprendercontext with Javascript path META-INF/asm/maprendercontext.js
[18May2025 00:08:07.048] [main/DEBUG] [net.minecraftforge.fml.loading.moddiscovery.ModFileParser/LOADING]: Found coremod music with Javascript path META-INF/asm/music.js
[18May2025 00:08:07.048] [main/DEBUG] [net.minecraftforge.fml.loading.moddiscovery.ModFileParser/LOADING]: Found coremod multipart with Javascript path META-INF/asm/multipart.js
[18May2025 00:08:07.048] [main/DEBUG] [net.minecraftforge.fml.loading.moddiscovery.ModFileParser/LOADING]: Found coremod foliage with Javascript path META-INF/asm/foliage.js
[18May2025 00:08:07.048] [main/DEBUG] [net.minecraftforge.fml.loading.moddiscovery.ModFileParser/LOADING]: Found coremod mount with Javascript path META-INF/asm/mount.js
[18May2025 00:08:07.048] [main/DEBUG] [net.minecraftforge.fml.loading.moddiscovery.ModFileParser/LOADING]: Found coremod book with Javascript path META-INF/asm/book.js
[18May2025 00:08:07.048] [main/DEBUG] [net.minecraftforge.fml.loading.moddiscovery.ModFileParser/LOADING]: Found coremod conquered with Javascript path META-INF/asm/conquered.js
[18May2025 00:08:07.048] [main/DEBUG] [net.minecraftforge.fml.loading.moddiscovery.ModFileParser/LOADING]: Found coremod reach with Javascript path META-INF/asm/reach.js
[18May2025 00:08:07.048] [main/DEBUG] [net.minecraftforge.fml.loading.moddiscovery.ModFileParser/LOADING]: Found coremod shroom with Javascript path META-INF/asm/shroom.js
[18May2025 00:08:07.049] [main/DEBUG] [net.minecraftforge.fml.loading.moddiscovery.ModFileParser/LOADING]: Found coremod cloud with Javascript path META-INF/asm/cloud.js
[18May2025 00:08:07.049] [main/DEBUG] [net.minecraftforge.fml.loading.moddiscovery.ModFileParser/LOADING]: Found coremod lead with Javascript path META-INF/asm/lead.js
[18May2025 00:08:07.049] [main/DEBUG] [net.minecraftforge.fml.loading.moddiscovery.ModFile/LOADING]: Found coremod META-INF/asm/seed.js
[18May2025 00:08:07.049] [main/DEBUG] [net.minecraftforge.fml.loading.moddiscovery.ModFile/LOADING]: Found coremod META-INF/asm/maprendercontext.js
[18May2025 00:08:07.049] [main/DEBUG] [net.minecraftforge.fml.loading.moddiscovery.ModFile/LOADING]: Found coremod META-INF/asm/music.js
[18May2025 00:08:07.049] [main/DEBUG] [net.minecraftforge.fml.loading.moddiscovery.ModFile/LOADING]: Found coremod META-INF/asm/multipart.js
[18May2025 00:08:07.049] [main/DEBUG] [net.minecraftforge.fml.loading.moddiscovery.ModFile/LOADING]: Found coremod META-INF/asm/foliage.js
[18May2025 00:08:07.049] [main/DEBUG] [net.minecraftforge.fml.loading.moddiscovery.ModFile/LOADING]: Found coremod META-INF/asm/mount.js
[18May2025 00:08:07.049] [main/DEBUG] [net.minecraftforge.fml.loading.moddiscovery.ModFile/LOADING]: Found coremod META-INF/asm/book.js
[18May2025 00:08:07.049] [main/DEBUG] [net.minecraftforge.fml.loading.moddiscovery.ModFile/LOADING]: Found coremod META-INF/asm/conquered.js
[18May2025 00:08:07.049] [main/DEBUG] [net.minecraftforge.fml.loading.moddiscovery.ModFile/LOADING]: Found coremod META-INF/asm/reach.js
[18May2025 00:08:07.049] [main/DEBUG] [net.minecraftforge.fml.loading.moddiscovery.ModFile/LOADING]: Found coremod META-INF/asm/shroom.js
[18May2025 00:08:07.049] [main/DEBUG] [net.minecraftforge.fml.loading.moddiscovery.ModFile/LOADING]: Found coremod META-INF/asm/cloud.js
[18May2025 00:08:07.050] [main/DEBUG] [net.minecraftforge.fml.loading.moddiscovery.ModFile/LOADING]: Found coremod META-INF/asm/lead.js
[18May2025 00:08:07.050] [main/DEBUG] [net.minecraftforge.fml.loading.moddiscovery.ModFileParser/LOADING]: Considering mod file candidate /workspaces/EmcMc/servidor_minecraft/mods/embeddium-0.3.30+mc1.20.1.jar
[18May2025 00:08:07.051] [main/DEBUG] [net.minecraftforge.fml.loading.moddiscovery.ModFileInfo/LOADING]: Found valid mod file embeddium-0.3.30+mc1.20.1.jar with {embeddium,rubidium} mods - versions {0.3.30+mc1.20.1,0.7.1}
[18May2025 00:08:07.051] [main/DEBUG] [net.minecraftforge.fml.loading.moddiscovery.ModFile/LOADING]: Loading mod file /workspaces/EmcMc/servidor_minecraft/mods/embeddium-0.3.30+mc1.20.1.jar with languages [LanguageSpec[languageName=javafml, acceptedVersions=[47,)]]
[18May2025 00:08:07.054] [main/DEBUG] [net.minecraftforge.fml.loading.moddiscovery.ModFileParser/LOADING]: Considering mod file candidate /workspaces/EmcMc/servidor_minecraft/mods/Log-Begone-Forge-1.20.1-1.0.8.jar
[18May2025 00:08:07.054] [main/DEBUG] [net.minecraftforge.fml.loading.moddiscovery.ModFileInfo/LOADING]: Found valid mod file Log-Begone-Forge-1.20.1-1.0.8.jar with {logbegone} mods - versions {1.0.8}
[18May2025 00:08:07.054] [main/DEBUG] [net.minecraftforge.fml.loading.moddiscovery.ModFile/LOADING]: Loading mod file /workspaces/EmcMc/servidor_minecraft/mods/Log-Begone-Forge-1.20.1-1.0.8.jar with languages [LanguageSpec[languageName=javafml, acceptedVersions=[46,)]]
[18May2025 00:08:07.055] [main/DEBUG] [net.minecraftforge.fml.loading.moddiscovery.ModFileParser/LOADING]: Considering mod file candidate /workspaces/EmcMc/servidor_minecraft/mods/structure_gel-1.20.1-2.16.2.jar
[18May2025 00:08:07.055] [main/DEBUG] [net.minecraftforge.fml.loading.moddiscovery.ModFileInfo/LOADING]: Found valid mod file structure_gel-1.20.1-2.16.2.jar with {structure_gel} mods - versions {2.16.2}
[18May2025 00:08:07.056] [main/DEBUG] [net.minecraftforge.fml.loading.moddiscovery.ModFile/LOADING]: Loading mod file /workspaces/EmcMc/servidor_minecraft/mods/structure_gel-1.20.1-2.16.2.jar with languages [LanguageSpec[languageName=javafml, acceptedVersions=[47,)]]
[18May2025 00:08:07.058] [main/DEBUG] [net.minecraftforge.fml.loading.moddiscovery.ModFileParser/LOADING]: Considering mod file candidate /workspaces/EmcMc/servidor_minecraft/mods/DungeonsArise-1.20.x-2.1.58-release.jar
[18May2025 00:08:07.059] [main/DEBUG] [net.minecraftforge.fml.loading.moddiscovery.ModFileInfo/LOADING]: Found valid mod file DungeonsArise-1.20.x-2.1.58-release.jar with {dungeons_arise} mods - versions {2.1.58-1.20.x}
[18May2025 00:08:07.059] [main/DEBUG] [net.minecraftforge.fml.loading.moddiscovery.ModFile/LOADING]: Loading mod file /workspaces/EmcMc/servidor_minecraft/mods/DungeonsArise-1.20.x-2.1.58-release.jar with languages [LanguageSpec[languageName=javafml, acceptedVersions=[41,)]]
[18May2025 00:08:07.059] [main/DEBUG] [net.minecraftforge.fml.loading.moddiscovery.ModFileParser/LOADING]: Considering mod file candidate /workspaces/EmcMc/servidor_minecraft/mods/okzoomer-forge-1.20-3.0.1.jar
[18May2025 00:08:07.060] [main/DEBUG] [net.minecraftforge.fml.loading.moddiscovery.ModFileInfo/LOADING]: Found valid mod file okzoomer-forge-1.20-3.0.1.jar with {okzoomer} mods - versions {3.0.1}
[18May2025 00:08:07.060] [main/DEBUG] [net.minecraftforge.fml.loading.moddiscovery.ModFile/LOADING]: Loading mod file /workspaces/EmcMc/servidor_minecraft/mods/okzoomer-forge-1.20-3.0.1.jar with languages [LanguageSpec[languageName=javafml, acceptedVersions=[44,)]]
[18May2025 00:08:07.060] [main/DEBUG] [net.minecraftforge.fml.loading.moddiscovery.ModFileParser/LOADING]: Considering mod file candidate /workspaces/EmcMc/servidor_minecraft/mods/smoothchunk-1.20.1-3.6.jar
[18May2025 00:08:07.061] [main/DEBUG] [net.minecraftforge.fml.loading.moddiscovery.ModFileInfo/LOADING]: Found valid mod file smoothchunk-1.20.1-3.6.jar with {smoothchunk} mods - versions {1.20.1-3.6}
[18May2025 00:08:07.061] [main/DEBUG] [net.minecraftforge.fml.loading.moddiscovery.ModFile/LOADING]: Loading mod file /workspaces/EmcMc/servidor_minecraft/mods/smoothchunk-1.20.1-3.6.jar with languages [LanguageSpec[languageName=javafml, acceptedVersions=[36,)]]
[18May2025 00:08:07.062] [main/DEBUG] [net.minecraftforge.fml.loading.moddiscovery.ModFileInfo/LOADING]: Found valid mod file server-1.20.1-20230612.114412-srg.jar with {minecraft} mods - versions {1.20.1}
[18May2025 00:08:07.062] [main/DEBUG] [net.minecraftforge.fml.loading.moddiscovery.ModFile/LOADING]: Loading mod file /workspaces/EmcMc/servidor_minecraft/libraries/net/minecraft/server/1.20.1-20230612.114412/server-1.20.1-20230612.114412-srg.jar with languages [LanguageSpec[languageName=minecraft, acceptedVersions=1]]
[18May2025 00:08:07.062] [main/DEBUG] [net.minecraftforge.fml.loading.moddiscovery.ModFileParser/LOADING]: Considering mod file candidate /workspaces/EmcMc/servidor_minecraft/mods/AmbientSounds_FORGE_v6.1.10_mc1.20.1.jar
[18May2025 00:08:07.063] [main/DEBUG] [net.minecraftforge.fml.loading.moddiscovery.ModFileInfo/LOADING]: Found valid mod file AmbientSounds_FORGE_v6.1.10_mc1.20.1.jar with {ambientsounds} mods - versions {6.1.10}
[18May2025 00:08:07.063] [main/DEBUG] [net.minecraftforge.fml.loading.moddiscovery.ModFile/LOADING]: Loading mod file /workspaces/EmcMc/servidor_minecraft/mods/AmbientSounds_FORGE_v6.1.10_mc1.20.1.jar with languages [LanguageSpec[languageName=javafml, acceptedVersions=[46,)]]
[18May2025 00:08:07.063] [main/DEBUG] [net.minecraftforge.fml.loading.moddiscovery.ModFileParser/LOADING]: Considering mod file candidate /workspaces/EmcMc/servidor_minecraft/mods/better_weaponry-1.1.3-forge-1.20.1.jar
[18May2025 00:08:07.064] [main/DEBUG] [net.minecraftforge.fml.loading.moddiscovery.ModFileInfo/LOADING]: Found valid mod file better_weaponry-1.1.3-forge-1.20.1.jar with {better_weaponry} mods - versions {1.1.3}
[18May2025 00:08:07.064] [main/DEBUG] [net.minecraftforge.fml.loading.moddiscovery.ModFile/LOADING]: Loading mod file /workspaces/EmcMc/servidor_minecraft/mods/better_weaponry-1.1.3-forge-1.20.1.jar with languages [LanguageSpec[languageName=javafml, acceptedVersions=[47,)]]
[18May2025 00:08:07.064] [main/DEBUG] [net.minecraftforge.fml.loading.moddiscovery.ModFileParser/LOADING]: Considering mod file candidate /workspaces/EmcMc/servidor_minecraft/mods/bettercombat-forge-1.8.6+1.20.1.jar
[18May2025 00:08:07.065] [main/DEBUG] [net.minecraftforge.fml.loading.moddiscovery.ModFileInfo/LOADING]: Found valid mod file bettercombat-forge-1.8.6+1.20.1.jar with {bettercombat} mods - versions {1.8.6+1.20.1}
[18May2025 00:08:07.065] [main/DEBUG] [net.minecraftforge.fml.loading.moddiscovery.ModFile/LOADING]: Loading mod file /workspaces/EmcMc/servidor_minecraft/mods/bettercombat-forge-1.8.6+1.20.1.jar with languages [LanguageSpec[languageName=javafml, acceptedVersions=[39,)]]
[18May2025 00:08:07.065] [main/DEBUG] [net.minecraftforge.fml.loading.moddiscovery.ModFileParser/LOADING]: Considering mod file candidate /workspaces/EmcMc/servidor_minecraft/mods/MouseTweaks-forge-mc1.20.1-2.25.1.jar
[18May2025 00:08:07.066] [main/DEBUG] [net.minecraftforge.fml.loading.moddiscovery.ModFileInfo/LOADING]: Found valid mod file MouseTweaks-forge-mc1.20.1-2.25.1.jar with {mousetweaks} mods - versions {2.25.1}
[18May2025 00:08:07.066] [main/DEBUG] [net.minecraftforge.fml.loading.moddiscovery.ModFile/LOADING]: Loading mod file /workspaces/EmcMc/servidor_minecraft/mods/MouseTweaks-forge-mc1.20.1-2.25.1.jar with languages [LanguageSpec[languageName=javafml, acceptedVersions=[46,)]]
[18May2025 00:08:07.066] [main/DEBUG] [net.minecraftforge.fml.loading.moddiscovery.ModFileParser/LOADING]: Considering mod file candidate /workspaces/EmcMc/servidor_minecraft/mods/silent-lib-1.20.1-8.0.0.jar
[18May2025 00:08:07.067] [main/DEBUG] [net.minecraftforge.fml.loading.moddiscovery.ModFileInfo/LOADING]: Found valid mod file silent-lib-1.20.1-8.0.0.jar with {silentlib} mods - versions {8.0.0}
[18May2025 00:08:07.067] [main/DEBUG] [net.minecraftforge.fml.loading.moddiscovery.ModFile/LOADING]: Loading mod file /workspaces/EmcMc/servidor_minecraft/mods/silent-lib-1.20.1-8.0.0.jar with languages [LanguageSpec[languageName=javafml, acceptedVersions=[46,)]]
[18May2025 00:08:07.067] [main/DEBUG] [net.minecraftforge.fml.loading.moddiscovery.ModFileParser/LOADING]: Considering mod file candidate /workspaces/EmcMc/servidor_minecraft/mods/NoChatReports-FORGE-1.20.1-v2.2.2.jar
[18May2025 00:08:07.068] [main/DEBUG] [net.minecraftforge.fml.loading.moddiscovery.ModFileInfo/LOADING]: Found valid mod file NoChatReports-FORGE-1.20.1-v2.2.2.jar with {nochatreports} mods - versions {1.20.1-v2.2.2}
[18May2025 00:08:07.068] [main/DEBUG] [net.minecraftforge.fml.loading.moddiscovery.ModFile/LOADING]: Loading mod file /workspaces/EmcMc/servidor_minecraft/mods/NoChatReports-FORGE-1.20.1-v2.2.2.jar with languages [LanguageSpec[languageName=javafml, acceptedVersions=[31,)]]
[18May2025 00:08:07.068] [main/DEBUG] [net.minecraftforge.fml.loading.moddiscovery.ModFileParser/LOADING]: Considering mod file candidate /workspaces/EmcMc/servidor_minecraft/mods/ShoulderSurfing-Forge-1.20.1-4.3.0.jar
[18May2025 00:08:07.069] [main/DEBUG] [net.minecraftforge.fml.loading.moddiscovery.ModFileInfo/LOADING]: Found valid mod file ShoulderSurfing-Forge-1.20.1-4.3.0.jar with {shouldersurfing} mods - versions {1.20.1-4.3.0}
[18May2025 00:08:07.069] [main/DEBUG] [net.minecraftforge.fml.loading.moddiscovery.ModFile/LOADING]: Loading mod file /workspaces/EmcMc/servidor_minecraft/mods/ShoulderSurfing-Forge-1.20.1-4.3.0.jar with languages [LanguageSpec[languageName=javafml, acceptedVersions=[46,48)]]
[18May2025 00:08:07.069] [main/DEBUG] [net.minecraftforge.fml.loading.moddiscovery.ModFileParser/LOADING]: Considering mod file candidate /workspaces/EmcMc/servidor_minecraft/mods/Boat-Item-View-Forge-1.20.1-0.0.5.jar
[18May2025 00:08:07.070] [main/DEBUG] [net.minecraftforge.fml.loading.moddiscovery.ModFileInfo/LOADING]: Found valid mod file Boat-Item-View-Forge-1.20.1-0.0.5.jar with {boatiview} mods - versions {0.0.5}
[18May2025 00:08:07.070] [main/DEBUG] [net.minecraftforge.fml.loading.moddiscovery.ModFile/LOADING]: Loading mod file /workspaces/EmcMc/servidor_minecraft/mods/Boat-Item-View-Forge-1.20.1-0.0.5.jar with languages [LanguageSpec[languageName=javafml, acceptedVersions=[46,)]]
[18May2025 00:08:07.070] [main/DEBUG] [net.minecraftforge.fml.loading.moddiscovery.ModFileParser/LOADING]: Considering mod file candidate /workspaces/EmcMc/servidor_minecraft/mods/CreativeCore_FORGE_v2.12.32_mc1.20.1.jar
[18May2025 00:08:07.070] [main/DEBUG] [net.minecraftforge.fml.loading.moddiscovery.ModFileInfo/LOADING]: Found valid mod file CreativeCore_FORGE_v2.12.32_mc1.20.1.jar with {creativecore} mods - versions {2.12.32}
[18May2025 00:08:07.071] [main/DEBUG] [net.minecraftforge.fml.loading.moddiscovery.ModFile/LOADING]: Loading mod file /workspaces/EmcMc/servidor_minecraft/mods/CreativeCore_FORGE_v2.12.32_mc1.20.1.jar with languages [LanguageSpec[languageName=javafml, acceptedVersions=[46,)]]
[18May2025 00:08:07.071] [main/DEBUG] [net.minecraftforge.fml.loading.moddiscovery.ModFileParser/LOADING]: Considering mod file candidate /workspaces/EmcMc/servidor_minecraft/mods/CullLessLeaves-Reforged-1.20.1-1.0.5.jar
[18May2025 00:08:07.072] [main/DEBUG] [net.minecraftforge.fml.loading.moddiscovery.ModFileInfo/LOADING]: Found valid mod file CullLessLeaves-Reforged-1.20.1-1.0.5.jar with {culllessleaves} mods - versions {1.20.1-1.0.5}
[18May2025 00:08:07.072] [main/DEBUG] [net.minecraftforge.fml.loading.moddiscovery.ModFile/LOADING]: Loading mod file /workspaces/EmcMc/servidor_minecraft/mods/CullLessLeaves-Reforged-1.20.1-1.0.5.jar with languages [LanguageSpec[languageName=javafml, acceptedVersions=[47,)]]
[18May2025 00:08:07.072] [main/DEBUG] [net.minecraftforge.fml.loading.moddiscovery.ModFileParser/LOADING]: Considering mod file candidate /workspaces/EmcMc/servidor_minecraft/mods/servercore-forge-1.5.2+1.20.1.jar
[18May2025 00:08:07.073] [main/DEBUG] [net.minecraftforge.fml.loading.moddiscovery.ModFileInfo/LOADING]: Found valid mod file servercore-forge-1.5.2+1.20.1.jar with {servercore} mods - versions {1.5.2+1.20.1}
[18May2025 00:08:07.073] [main/DEBUG] [net.minecraftforge.fml.loading.moddiscovery.ModFile/LOADING]: Loading mod file /workspaces/EmcMc/servidor_minecraft/mods/servercore-forge-1.5.2+1.20.1.jar with languages [LanguageSpec[languageName=javafml, acceptedVersions=[46,)]]
[18May2025 00:08:07.073] [main/DEBUG] [net.minecraftforge.fml.loading.moddiscovery.ModFileParser/LOADING]: Considering mod file candidate 
[18May2025 00:08:07.074] [main/DEBUG] [net.minecraftforge.fml.loading.moddiscovery.ModFileInfo/LOADING]: Found valid mod file calio-forge-1.20.1-1.11.0.5.jar with {calio} mods - versions {1.20.1-1.11.0.5}
[18May2025 00:08:07.074] [main/DEBUG] [net.minecraftforge.fml.loading.moddiscovery.ModFile/LOADING]: Loading mod file  with languages [LanguageSpec[languageName=javafml, acceptedVersions=[47,)]]
[18May2025 00:08:07.074] [main/DEBUG] [net.minecraftforge.fml.loading.moddiscovery.ModFileParser/LOADING]: Found coremod accessors with Javascript path coremods/accessors.js
[18May2025 00:08:07.075] [main/DEBUG] [net.minecraftforge.fml.loading.moddiscovery.ModFileParser/LOADING]: Found coremod tooltip with Javascript path coremods/tooltip.js
[18May2025 00:08:07.075] [main/DEBUG] [net.minecraftforge.fml.loading.moddiscovery.ModFile/LOADING]: Found coremod coremods/accessors.js
[18May2025 00:08:07.075] [main/DEBUG] [net.minecraftforge.fml.loading.moddiscovery.ModFile/LOADING]: Found coremod coremods/tooltip.js
[18May2025 00:08:07.075] [main/DEBUG] [net.minecraftforge.fml.loading.moddiscovery.ModFileParser/LOADING]: Considering mod file candidate /workspaces/EmcMc/servidor_minecraft/mods/YouDied-1.20-3.0.0.17-forge.jar
[18May2025 00:08:07.076] [main/DEBUG] [net.minecraftforge.fml.loading.moddiscovery.ModFileInfo/LOADING]: Found valid mod file YouDied-1.20-3.0.0.17-forge.jar with {you_died} mods - versions {3.0.0.17}
[18May2025 00:08:07.076] [main/DEBUG] [net.minecraftforge.fml.loading.moddiscovery.ModFile/LOADING]: Loading mod file /workspaces/EmcMc/servidor_minecraft/mods/YouDied-1.20-3.0.0.17-forge.jar with languages [LanguageSpec[languageName=javafml, acceptedVersions=[46,)]]
[18May2025 00:08:07.076] [main/DEBUG] [net.minecraftforge.fml.loading.moddiscovery.ModFileParser/LOADING]: Considering mod file candidate /workspaces/EmcMc/servidor_minecraft/mods/origins-forge-1.20.1-1.10.0.9-all.jar
[18May2025 00:08:07.076] [main/DEBUG] [net.minecraftforge.fml.loading.moddiscovery.ModFileInfo/LOADING]: Found valid mod file origins-forge-1.20.1-1.10.0.9-all.jar with {origins} mods - versions {1.20.1-1.10.0.9}
[18May2025 00:08:07.077] [main/DEBUG] [net.minecraftforge.fml.loading.moddiscovery.ModFile/LOADING]: Loading mod file /workspaces/EmcMc/servidor_minecraft/mods/origins-forge-1.20.1-1.10.0.9-all.jar with languages [LanguageSpec[languageName=javafml, acceptedVersions=[47,)]]
[18May2025 00:08:07.077] [main/DEBUG] [net.minecraftforge.fml.loading.moddiscovery.ModFileParser/LOADING]: Considering mod file candidate /workspaces/EmcMc/servidor_minecraft/mods/Searchables-forge-1.20.1-1.0.3.jar
[18May2025 00:08:07.078] [main/DEBUG] [net.minecraftforge.fml.loading.moddiscovery.ModFileInfo/LOADING]: Found valid mod file Searchables-forge-1.20.1-1.0.3.jar with {searchables} mods - versions {1.0.3}
[18May2025 00:08:07.079] [main/DEBUG] [net.minecraftforge.fml.loading.moddiscovery.ModFile/LOADING]: Loading mod file /workspaces/EmcMc/servidor_minecraft/mods/Searchables-forge-1.20.1-1.0.3.jar with languages [LanguageSpec[languageName=javafml, acceptedVersions=[41,)]]
[18May2025 00:08:07.080] [main/DEBUG] [net.minecraftforge.fml.loading.moddiscovery.ModFileParser/LOADING]: Considering mod file candidate /workspaces/EmcMc/servidor_minecraft/mods/tombstone-1.20.1-8.9.4.jar
[18May2025 00:08:07.081] [main/DEBUG] [net.minecraftforge.fml.loading.moddiscovery.ModFileInfo/LOADING]: Found valid mod file tombstone-1.20.1-8.9.4.jar with {tombstone} mods - versions {8.9.4}
[18May2025 00:08:07.081] [main/DEBUG] [net.minecraftforge.fml.loading.moddiscovery.ModFile/LOADING]: Loading mod file /workspaces/EmcMc/servidor_minecraft/mods/tombstone-1.20.1-8.9.4.jar with languages [LanguageSpec[languageName=javafml, acceptedVersions=[46,)]]
[18May2025 00:08:07.081] [main/DEBUG] [net.minecraftforge.fml.loading.moddiscovery.ModFileParser/LOADING]: Considering mod file candidate /workspaces/EmcMc/servidor_minecraft/mods/ImmediatelyFast-Forge-1.2.20+1.20.4.jar
[18May2025 00:08:07.082] [main/DEBUG] [net.minecraftforge.fml.loading.moddiscovery.ModFileInfo/LOADING]: Found valid mod file ImmediatelyFast-Forge-1.2.20+1.20.4.jar with {immediatelyfast} mods - versions {1.2.20+1.20.4}
[18May2025 00:08:07.082] [main/DEBUG] [net.minecraftforge.fml.loading.moddiscovery.ModFile/LOADING]: Loading mod file /workspaces/EmcMc/servidor_minecraft/mods/ImmediatelyFast-Forge-1.2.20+1.20.4.jar with languages [LanguageSpec[languageName=javafml, acceptedVersions=[46,)]]
[18May2025 00:08:07.082] [main/DEBUG] [net.minecraftforge.fml.loading.moddiscovery.ModFileParser/LOADING]: Considering mod file candidate /workspaces/EmcMc/servidor_minecraft/mods/architectury-9.2.14-forge.jar
[18May2025 00:08:07.083] [main/DEBUG] [net.minecraftforge.fml.loading.moddiscovery.ModFileInfo/LOADING]: Found valid mod file architectury-9.2.14-forge.jar with {architectury} mods - versions {9.2.14}
[18May2025 00:08:07.083] [main/DEBUG] [net.minecraftforge.fml.loading.moddiscovery.ModFile/LOADING]: Loading mod file /workspaces/EmcMc/servidor_minecraft/mods/architectury-9.2.14-forge.jar with languages [LanguageSpec[languageName=javafml, acceptedVersions=[46,)]]
[18May2025 00:08:07.083] [main/DEBUG] [net.minecraftforge.fml.loading.moddiscovery.ModFileParser/LOADING]: Considering mod file candidate /workspaces/EmcMc/servidor_minecraft/mods/ferritecore-6.0.1-forge.jar
[18May2025 00:08:07.083] [main/DEBUG] [net.minecraftforge.fml.loading.moddiscovery.ModFileInfo/LOADING]: Found valid mod file ferritecore-6.0.1-forge.jar with {ferritecore} mods - versions {6.0.1}
[18May2025 00:08:07.083] [main/DEBUG] [net.minecraftforge.fml.loading.moddiscovery.ModFile/LOADING]: Loading mod file /workspaces/EmcMc/servidor_minecraft/mods/ferritecore-6.0.1-forge.jar with languages [LanguageSpec[languageName=javafml, acceptedVersions=[28,)]]
[18May2025 00:08:07.084] [main/DEBUG] [net.minecraftforge.fml.loading.moddiscovery.ModFileParser/LOADING]: Considering mod file candidate /workspaces/EmcMc/servidor_minecraft/mods/cupboard-1.20.1-2.7.jar
[18May2025 00:08:07.084] [main/DEBUG] [net.minecraftforge.fml.loading.moddiscovery.ModFileInfo/LOADING]: Found valid mod file cupboard-1.20.1-2.7.jar with {cupboard} mods - versions {1.20.1-2.7}
[18May2025 00:08:07.085] [main/DEBUG] [net.minecraftforge.fml.loading.moddiscovery.ModFile/LOADING]: Loading mod file /workspaces/EmcMc/servidor_minecraft/mods/cupboard-1.20.1-2.7.jar with languages [LanguageSpec[languageName=javafml, acceptedVersions=[36,)]]
[18May2025 00:08:07.085] [main/DEBUG] [net.minecraftforge.fml.loading.moddiscovery.ModFileParser/LOADING]: Considering mod file candidate /workspaces/EmcMc/servidor_minecraft/mods/rubidium-extra-0.5.4.3+mc1.20.1-build.121.jar
[18May2025 00:08:07.086] [main/DEBUG] [net.minecraftforge.fml.loading.moddiscovery.ModFileInfo/LOADING]: Found valid mod file rubidium-extra-0.5.4.3+mc1.20.1-build.121.jar with {embeddium_extra} mods - versions {0.5.4.3+mc1.20.1-build.121}
[18May2025 00:08:07.086] [main/DEBUG] [net.minecraftforge.fml.loading.moddiscovery.ModFile/LOADING]: Loading mod file /workspaces/EmcMc/servidor_minecraft/mods/rubidium-extra-0.5.4.3+mc1.20.1-build.121.jar with languages [LanguageSpec[languageName=javafml, acceptedVersions=*]]
[18May2025 00:08:07.086] [main/DEBUG] [net.minecraftforge.fml.loading.moddiscovery.ModFileParser/LOADING]: Considering mod file candidate /workspaces/EmcMc/servidor_minecraft/mods/rrls-4.0.6.1+mc1.20.1-forge.jar
[18May2025 00:08:07.087] [main/DEBUG] [net.minecraftforge.fml.loading.moddiscovery.ModFileInfo/LOADING]: Found valid mod file rrls-4.0.6.1+mc1.20.1-forge.jar with {rrls} mods - versions {4.0.6.1+mc1.20.1-forge}
[18May2025 00:08:07.087] [main/DEBUG] [net.minecraftforge.fml.loading.moddiscovery.ModFile/LOADING]: Loading mod file /workspaces/EmcMc/servidor_minecraft/mods/rrls-4.0.6.1+mc1.20.1-forge.jar with languages [LanguageSpec[languageName=lowcodefml, acceptedVersions=*]]
[18May2025 00:08:07.087] [main/DEBUG] [net.minecraftforge.fml.loading.moddiscovery.ModFileParser/LOADING]: Considering mod file candidate /workspaces/EmcMc/servidor_minecraft/mods/ScalingHealth-1.20.1-8.0.2+9.jar
[18May2025 00:08:07.088] [main/DEBUG] [net.minecraftforge.fml.loading.moddiscovery.ModFileInfo/LOADING]: Found valid mod file ScalingHealth-1.20.1-8.0.2+9.jar with {scalinghealth} mods - versions {8.0.2+9}
[18May2025 00:08:07.088] [main/DEBUG] [net.minecraftforge.fml.loading.moddiscovery.ModFile/LOADING]: Loading mod file /workspaces/EmcMc/servidor_minecraft/mods/ScalingHealth-1.20.1-8.0.2+9.jar with languages [LanguageSpec[languageName=javafml, acceptedVersions=[47,)]]
[18May2025 00:08:07.088] [main/DEBUG] [net.minecraftforge.fml.loading.moddiscovery.ModFileParser/LOADING]: Considering mod file candidate /workspaces/EmcMc/servidor_minecraft/mods/YeetusExperimentus-Forge-2.3.1-build.6+mc1.20.1.jar
[18May2025 00:08:07.089] [main/DEBUG] [net.minecraftforge.fml.loading.moddiscovery.ModFileInfo/LOADING]: Found valid mod file YeetusExperimentus-Forge-2.3.1-build.6+mc1.20.1.jar with {yeetusexperimentus} mods - versions {2.3.1-build.6+mc1.20.1}
[18May2025 00:08:07.089] [main/DEBUG] [net.minecraftforge.fml.loading.moddiscovery.ModFile/LOADING]: Loading mod file /workspaces/EmcMc/servidor_minecraft/mods/YeetusExperimentus-Forge-2.3.1-build.6+mc1.20.1.jar with languages [LanguageSpec[languageName=javafml, acceptedVersions=[44,)]]
[18May2025 00:08:07.089] [main/DEBUG] [net.minecraftforge.fml.loading.moddiscovery.ModFileParser/LOADING]: Considering mod file candidate /workspaces/EmcMc/servidor_minecraft/mods/majrusz-library-forge-1.20.1-7.0.8.jar
[18May2025 00:08:07.090] [main/DEBUG] [net.minecraftforge.fml.loading.moddiscovery.ModFileInfo/LOADING]: Found valid mod file majrusz-library-forge-1.20.1-7.0.8.jar with {majruszlibrary} mods - versions {7.0.8}
[18May2025 00:08:07.090] [main/DEBUG] [net.minecraftforge.fml.loading.moddiscovery.ModFile/LOADING]: Loading mod file /workspaces/EmcMc/servidor_minecraft/mods/majrusz-library-forge-1.20.1-7.0.8.jar with languages [LanguageSpec[languageName=javafml, acceptedVersions=[47,)]]
[18May2025 00:08:07.090] [main/DEBUG] [net.minecraftforge.fml.loading.moddiscovery.ModFile/LOADING]: Loading mod file  with languages []
[18May2025 00:08:07.090] [main/DEBUG] [net.minecraftforge.fml.loading.moddiscovery.ModFileParser/LOADING]: Considering mod file candidate 
[18May2025 00:08:07.091] [main/DEBUG] [net.minecraftforge.fml.loading.moddiscovery.ModFileInfo/LOADING]: Found valid mod file mixinextras-forge-0.3.6.jar with {mixinextras} mods - versions {0.3.6}
[18May2025 00:08:07.091] [main/DEBUG] [net.minecraftforge.fml.loading.moddiscovery.ModFile/LOADING]: Loading mod file  with languages [LanguageSpec[languageName=javafml, acceptedVersions=*]]
[18May2025 00:08:07.091] [main/DEBUG] [net.minecraftforge.fml.loading.moddiscovery.ModFile/LOADING]: Loading mod file  with languages []
[18May2025 00:08:07.091] [main/DEBUG] [net.minecraftforge.fml.loading.moddiscovery.ModFile/LOADING]: Loading mod file  with languages []
[18May2025 00:08:07.091] [main/DEBUG] [net.minecraftforge.fml.loading.moddiscovery.ModFile/LOADING]: Loading mod file  with languages []
[18May2025 00:08:07.091] [main/DEBUG] [net.minecraftforge.fml.loading.moddiscovery.ModFile/LOADING]: Loading mod file  with languages []
[18May2025 00:08:07.092] [main/DEBUG] [net.minecraftforge.fml.loading.moddiscovery.ModFile/LOADING]: Loading mod file  with languages []
[18May2025 00:08:07.092] [main/DEBUG] [net.minecraftforge.fml.loading.moddiscovery.ModFile/LOADING]: Loading mod file  with languages []
[18May2025 00:08:07.092] [main/DEBUG] [net.minecraftforge.fml.loading.moddiscovery.ModFile/LOADING]: Loading mod file  with languages []
[18May2025 00:08:07.092] [main/DEBUG] [net.minecraftforge.fml.loading.moddiscovery.ModFileParser/LOADING]: Considering mod file candidate 
[18May2025 00:08:07.092] [main/DEBUG] [net.minecraftforge.fml.loading.moddiscovery.ModFileInfo/LOADING]: Found valid mod file mixinextras-forge-0.3.6.jar with {mixinextras} mods - versions {0.3.6}
[18May2025 00:08:07.092] [main/DEBUG] [net.minecraftforge.fml.loading.moddiscovery.ModFile/LOADING]: Loading mod file  with languages [LanguageSpec[languageName=javafml, acceptedVersions=*]]
[18May2025 00:08:07.093] [main/DEBUG] [net.minecraftforge.fml.loading.moddiscovery.ModFile/LOADING]: Loading mod file  with languages []
[18May2025 00:08:07.093] [main/DEBUG] [net.minecraftforge.fml.loading.moddiscovery.ModFile/LOADING]: Loading mod file  with languages []
[18May2025 00:08:07.093] [main/DEBUG] [net.minecraftforge.fml.loading.moddiscovery.ModFile/LOADING]: Loading mod file  with languages []
[18May2025 00:08:07.093] [main/DEBUG] [net.minecraftforge.fml.loading.moddiscovery.ModFile/LOADING]: Loading mod file  with languages []
[18May2025 00:08:07.093] [main/DEBUG] [net.minecraftforge.fml.loading.moddiscovery.ModFile/LOADING]: Loading mod file  with languages []
[18May2025 00:08:07.093] [main/DEBUG] [net.minecraftforge.fml.loading.moddiscovery.ModFile/LOADING]: Loading mod file  with languages []
[18May2025 00:08:07.094] [main/DEBUG] [cpw.mods.modlauncher.TransformationServiceDecorator/MODLAUNCHER]: End scan trigger - transformation service fml
[18May2025 00:08:07.109] [main/DEBUG] [net.minecraftforge.fml.loading.LanguageLoadingProvider/CORE]: Found 3 language providers
[18May2025 00:08:07.112] [main/DEBUG] [net.minecraftforge.fml.loading.LanguageLoadingProvider/CORE]: Found language provider minecraft, version 1.0
[18May2025 00:08:07.113] [main/DEBUG] [net.minecraftforge.fml.loading.LanguageLoadingProvider/CORE]: Found language provider lowcodefml, version 47
[18May2025 00:08:07.113] [main/DEBUG] [net.minecraftforge.fml.loading.LanguageLoadingProvider/CORE]: Found language provider javafml, version 47
[18May2025 00:08:07.118] [main/DEBUG] [net.minecraftforge.fml.loading.UniqueModListBuilder/]: Found 2 mods for first modid NanoLiveConfig, selecting most recent based on version data
[18May2025 00:08:07.118] [main/DEBUG] [net.minecraftforge.fml.loading.UniqueModListBuilder/]: Selected file NanoLiveConfig-1.2.0.jar for modid NanoLiveConfig with version 0.0NONE
[18May2025 00:08:07.118] [main/DEBUG] [net.minecraftforge.fml.loading.UniqueModListBuilder/]: Found 2 mods for first modid mixinextras, selecting most recent based on version data
[18May2025 00:08:07.118] [main/DEBUG] [net.minecraftforge.fml.loading.UniqueModListBuilder/]: Selected file mixinextras-forge-0.3.6.jar for modid mixinextras with version 0.3.6
[18May2025 00:08:07.118] [main/DEBUG] [net.minecraftforge.fml.loading.UniqueModListBuilder/]: Found 2 mods for first modid space.arim.dazzleconf, selecting most recent based on version data
[18May2025 00:08:07.119] [main/DEBUG] [net.minecraftforge.fml.loading.UniqueModListBuilder/]: Selected file dazzleconf-core-1.3.0-M2.jar for modid space.arim.dazzleconf with version 0.0NONE
[18May2025 00:08:07.119] [main/DEBUG] [net.minecraftforge.fml.loading.UniqueModListBuilder/]: Found 2 mods for first modid org.yaml.snakeyaml, selecting most recent based on version data
[18May2025 00:08:07.119] [main/DEBUG] [net.minecraftforge.fml.loading.UniqueModListBuilder/]: Selected file snakeyaml-2.2.jar for modid org.yaml.snakeyaml with version 0.0NONE
[18May2025 00:08:07.119] [main/DEBUG] [net.minecraftforge.fml.loading.UniqueModListBuilder/]: Found 2 mods for first modid space.arim.dazzleconf.ext.snakeyaml, selecting most recent based on version data
[18May2025 00:08:07.119] [main/DEBUG] [net.minecraftforge.fml.loading.UniqueModListBuilder/]: Selected file dazzleconf-ext-snakeyaml-1.3.0-M2.jar for modid space.arim.dazzleconf.ext.snakeyaml with version 0.0NONE
[18May2025 00:08:07.119] [main/DEBUG] [net.minecraftforge.fml.loading.UniqueModListBuilder/]: Found 2 mods for first modid MixinExtras, selecting most recent based on version data
[18May2025 00:08:07.119] [main/DEBUG] [net.minecraftforge.fml.loading.UniqueModListBuilder/]: Selected file MixinExtras-0.3.6.jar for modid MixinExtras with version 0.0NONE
[18May2025 00:08:07.119] [main/DEBUG] [net.minecraftforge.fml.loading.UniqueModListBuilder/]: Found 2 mods for first modid org.jctools.core, selecting most recent based on version data
[18May2025 00:08:07.119] [main/DEBUG] [net.minecraftforge.fml.loading.UniqueModListBuilder/]: Selected file jctools-core-4.0.5.jar for modid org.jctools.core with version 0.0NONE
[18May2025 00:08:07.120] [main/DEBUG] [net.minecraftforge.fml.loading.UniqueModListBuilder/]: Found 2 mods for first modid Reflect, selecting most recent based on version data
[18May2025 00:08:07.120] [main/DEBUG] [net.minecraftforge.fml.loading.UniqueModListBuilder/]: Selected file Reflect-1.3.4.jar for modid Reflect with version 0.0NONE
[18May2025 00:08:07.123] [main/DEBUG] [net.minecraftforge.fml.loading.ModSorter/]: Configured system mods: [minecraft, forge]
[18May2025 00:08:07.123] [main/DEBUG] [net.minecraftforge.fml.loading.ModSorter/]: Found system mod: minecraft
[18May2025 00:08:07.123] [main/DEBUG] [net.minecraftforge.fml.loading.ModSorter/]: Found system mod: forge
[18May2025 00:08:07.127] [main/DEBUG] [net.minecraftforge.fml.loading.ModSorter/LOADING]: Found 96 mod requirements (96 mandatory, 0 optional)
[18May2025 00:08:07.128] [main/DEBUG] [net.minecraftforge.fml.loading.ModSorter/LOADING]: Found 0 mod requirements missing (0 mandatory, 0 optional)
[18May2025 00:08:07.612] [main/DEBUG] [cpw.mods.modlauncher.TransformationServicesHandler/MODLAUNCHER]: Transformation services loading transformers
[18May2025 00:08:07.613] [main/DEBUG] [cpw.mods.modlauncher.TransformationServiceDecorator/MODLAUNCHER]: Initializing transformers for transformation service mixin
[18May2025 00:08:07.613] [main/DEBUG] [cpw.mods.modlauncher.TransformationServiceDecorator/MODLAUNCHER]: Initialized transformers for transformation service mixin
[18May2025 00:08:07.613] [main/DEBUG] [cpw.mods.modlauncher.TransformationServiceDecorator/MODLAUNCHER]: Initializing transformers for transformation service fml
[18May2025 00:08:07.613] [main/DEBUG] [net.minecraftforge.fml.loading.FMLServiceProvider/CORE]: Loading coremod transformers
[18May2025 00:08:07.613] [main/DEBUG] [net.minecraftforge.coremod.CoreModEngine/COREMOD]: Loading CoreMod from coremods/aea_water_speed.js
[18May2025 00:08:07.775] [main/DEBUG] [net.minecraftforge.coremod.CoreModEngine/COREMOD]: CoreMod loaded successfully
[18May2025 00:08:07.775] [main/DEBUG] [net.minecraftforge.coremod.CoreModEngine/COREMOD]: Loading CoreMod from coremods/apoli.js
[18May2025 00:08:07.823] [main/DEBUG] [net.minecraftforge.coremod.CoreModEngine/COREMOD]: CoreMod loaded successfully
[18May2025 00:08:07.823] [main/DEBUG] [net.minecraftforge.coremod.CoreModEngine/COREMOD]: Loading CoreMod from META-INF/asm/seed.js
[18May2025 00:08:07.839] [main/DEBUG] [net.minecraftforge.coremod.CoreModEngine/COREMOD]: CoreMod loaded successfully
[18May2025 00:08:07.839] [main/DEBUG] [net.minecraftforge.coremod.CoreModEngine/COREMOD]: Loading CoreMod from META-INF/asm/maprendercontext.js
[18May2025 00:08:07.901] [main/DEBUG] [net.minecraftforge.coremod.CoreModEngine/COREMOD]: CoreMod loaded successfully
[18May2025 00:08:07.901] [main/DEBUG] [net.minecraftforge.coremod.CoreModEngine/COREMOD]: Loading CoreMod from META-INF/asm/music.js
[18May2025 00:08:07.915] [main/DEBUG] [net.minecraftforge.coremod.CoreModEngine/COREMOD]: CoreMod loaded successfully
[18May2025 00:08:07.916] [main/DEBUG] [net.minecraftforge.coremod.CoreModEngine/COREMOD]: Loading CoreMod from META-INF/asm/multipart.js
[18May2025 00:08:07.941] [main/DEBUG] [net.minecraftforge.coremod.CoreModEngine/COREMOD]: CoreMod loaded successfully
[18May2025 00:08:07.941] [main/DEBUG] [net.minecraftforge.coremod.CoreModEngine/COREMOD]: Loading CoreMod from META-INF/asm/foliage.js
[18May2025 00:08:07.955] [main/DEBUG] [net.minecraftforge.coremod.CoreModEngine/COREMOD]: CoreMod loaded successfully
[18May2025 00:08:07.955] [main/DEBUG] [net.minecraftforge.coremod.CoreModEngine/COREMOD]: Loading CoreMod from META-INF/asm/mount.js
[18May2025 00:08:07.969] [main/DEBUG] [net.minecraftforge.coremod.CoreModEngine/COREMOD]: CoreMod loaded successfully
[18May2025 00:08:07.970] [main/DEBUG] [net.minecraftforge.coremod.CoreModEngine/COREMOD]: Loading CoreMod from META-INF/asm/book.js
[18May2025 00:08:07.982] [main/DEBUG] [net.minecraftforge.coremod.CoreModEngine/COREMOD]: CoreMod loaded successfully
[18May2025 00:08:07.982] [main/DEBUG] [net.minecraftforge.coremod.CoreModEngine/COREMOD]: Loading CoreMod from META-INF/asm/conquered.js
[18May2025 00:08:07.994] [main/DEBUG] [net.minecraftforge.coremod.CoreModEngine/COREMOD]: CoreMod loaded successfully
[18May2025 00:08:07.995] [main/DEBUG] [net.minecraftforge.coremod.CoreModEngine/COREMOD]: Loading CoreMod from META-INF/asm/reach.js
[18May2025 00:08:08.007] [main/DEBUG] [net.minecraftforge.coremod.CoreModEngine/COREMOD]: CoreMod loaded successfully
[18May2025 00:08:08.007] [main/DEBUG] [net.minecraftforge.coremod.CoreModEngine/COREMOD]: Loading CoreMod from META-INF/asm/shroom.js
[18May2025 00:08:08.018] [main/DEBUG] [net.minecraftforge.coremod.CoreModEngine/COREMOD]: CoreMod loaded successfully
[18May2025 00:08:08.019] [main/DEBUG] [net.minecraftforge.coremod.CoreModEngine/COREMOD]: Loading CoreMod from META-INF/asm/cloud.js
[18May2025 00:08:08.042] [main/DEBUG] [net.minecraftforge.coremod.CoreModEngine/COREMOD]: CoreMod loaded successfully
[18May2025 00:08:08.042] [main/DEBUG] [net.minecraftforge.coremod.CoreModEngine/COREMOD]: Loading CoreMod from META-INF/asm/lead.js
[18May2025 00:08:08.053] [main/DEBUG] [net.minecraftforge.coremod.CoreModEngine/COREMOD]: CoreMod loaded successfully
[18May2025 00:08:08.053] [main/DEBUG] [net.minecraftforge.coremod.CoreModEngine/COREMOD]: Loading CoreMod from coremods/accessors.js
[18May2025 00:08:08.063] [main/DEBUG] [net.minecraftforge.coremod.CoreModEngine/COREMOD]: CoreMod loaded successfully
[18May2025 00:08:08.064] [main/DEBUG] [net.minecraftforge.coremod.CoreModEngine/COREMOD]: Loading CoreMod from coremods/tooltip.js
[18May2025 00:08:08.082] [main/DEBUG] [net.minecraftforge.coremod.CoreModEngine/COREMOD]: CoreMod loaded successfully
[18May2025 00:08:08.082] [main/DEBUG] [net.minecraftforge.coremod.CoreModEngine/COREMOD]: Loading CoreMod from coremods/field_to_method.js
[18May2025 00:08:08.096] [main/DEBUG] [net.minecraftforge.coremod.CoreModEngine/COREMOD]: CoreMod loaded successfully
[18May2025 00:08:08.096] [main/DEBUG] [net.minecraftforge.coremod.CoreModEngine/COREMOD]: Loading CoreMod from coremods/field_to_instanceof.js
[18May2025 00:08:08.122] [main/DEBUG] [net.minecraftforge.coremod.CoreModEngine/COREMOD]: CoreMod loaded successfully
[18May2025 00:08:08.122] [main/DEBUG] [net.minecraftforge.coremod.CoreModEngine/COREMOD]: Loading CoreMod from coremods/add_bouncer_method.js
[18May2025 00:08:08.141] [main/DEBUG] [net.minecraftforge.coremod.CoreModEngine/COREMOD]: CoreMod loaded successfully
[18May2025 00:08:08.141] [main/DEBUG] [net.minecraftforge.coremod.CoreModEngine/COREMOD]: Loading CoreMod from coremods/method_redirector.js
[18May2025 00:08:08.193] [main/DEBUG] [net.minecraftforge.coremod.CoreModEngine/COREMOD]: CoreMod loaded successfully
[18May2025 00:08:08.204] [main/DEBUG] [cpw.mods.modlauncher.TransformStore/MODLAUNCHER]: Adding transformer net.minecraftforge.coremod.transformer.CoreModMethodTransformer@385d819 to Target : METHOD {Lnet/minecraftforge/common/extensions/IForgeLivingEntity;} {jumpInFluid} {(Lnet/minecraftforge/fluids/FluidType;)V}
[18May2025 00:08:08.206] [main/DEBUG] [cpw.mods.modlauncher.TransformStore/MODLAUNCHER]: Adding transformer net.minecraftforge.coremod.transformer.CoreModMethodTransformer@76437e9b to Target : METHOD {Lnet/minecraftforge/common/extensions/IForgeLivingEntity;} {sinkInFluid} {(Lnet/minecraftforge/fluids/FluidType;)V}
[18May2025 00:08:08.206] [main/DEBUG] [cpw.mods.modlauncher.TransformStore/MODLAUNCHER]: Adding transformer net.minecraftforge.coremod.transformer.CoreModMethodTransformer@236ae13d to Target : METHOD {Lnet/minecraftforge/common/extensions/IForgeItemStack;} {canEquip} {(Lnet/minecraft/world/entity/EquipmentSlot;Lnet/minecraft/world/entity/Entity;)Z}
[18May2025 00:08:08.206] [main/DEBUG] [cpw.mods.modlauncher.TransformStore/MODLAUNCHER]: Adding transformer net.minecraftforge.coremod.transformer.CoreModMethodTransformer@193eb1ba to Target : METHOD {Lnet/minecraftforge/common/extensions/IForgeItemStack;} {getFoodProperties} {(Lnet/minecraft/world/entity/LivingEntity;)Lnet/minecraft/world/food/FoodProperties;}
[18May2025 00:08:08.207] [main/DEBUG] [cpw.mods.modlauncher.TransformStore/MODLAUNCHER]: Adding transformer net.minecraftforge.coremod.transformer.CoreModMethodTransformer@2be818da to Target : METHOD {Lnet/minecraftforge/common/extensions/IForgeBlockState;} {getFriction} {(Lnet/minecraft/world/level/LevelReader;Lnet/minecraft/core/BlockPos;Lnet/minecraft/world/entity/Entity;)F}
[18May2025 00:08:08.207] [main/DEBUG] [cpw.mods.modlauncher.TransformStore/MODLAUNCHER]: Adding transformer net.minecraftforge.coremod.transformer.CoreModMethodTransformer@46320c9a to Target : METHOD {Lnet/minecraftforge/common/extensions/IForgeBlockState;} {canHarvestBlock} {(Lnet/minecraft/world/level/BlockGetter;Lnet/minecraft/core/BlockPos;Lnet/minecraft/world/entity/player/Player;)Z}
[18May2025 00:08:08.207] [main/DEBUG] [cpw.mods.modlauncher.TransformStore/MODLAUNCHER]: Adding transformer net.minecraftforge.coremod.transformer.CoreModMethodTransformer@32256e68 to Target : METHOD {Lnet/minecraft/world/level/levelgen/WorldOptions;} {<init>} {(JZZLjava/util/Optional;)V}
[18May2025 00:08:08.207] [main/DEBUG] [cpw.mods.modlauncher.TransformStore/MODLAUNCHER]: Adding transformer net.minecraftforge.coremod.transformer.CoreModMethodTransformer@5e7abaf7 to Target : METHOD {Lnet/minecraft/client/gui/MapRenderer$MapInstance;} {m_93291_} {(Lcom/mojang/blaze3d/vertex/PoseStack;Lnet/minecraft/client/renderer/MultiBufferSource;ZI)V}
[18May2025 00:08:08.207] [main/DEBUG] [cpw.mods.modlauncher.TransformStore/MODLAUNCHER]: Adding transformer net.minecraftforge.coremod.transformer.CoreModMethodTransformer@353f472a to Target : METHOD {Lnet/minecraft/client/renderer/ItemInHandRenderer;} {m_109371_} {(Lnet/minecraft/client/player/AbstractClientPlayer;FFLnet/minecraft/world/InteractionHand;FLnet/minecraft/world/item/ItemStack;FLcom/mojang/blaze3d/vertex/PoseStack;Lnet/minecraft/client/renderer/MultiBufferSource;I)V}
[18May2025 00:08:08.207] [main/DEBUG] [cpw.mods.modlauncher.TransformStore/MODLAUNCHER]: Adding transformer net.minecraftforge.coremod.transformer.CoreModMethodTransformer@63bfdbcb to Target : METHOD {Lnet/minecraft/world/entity/decoration/ItemFrame;} {m_218868_} {()Ljava/util/OptionalInt;}
[18May2025 00:08:08.207] [main/DEBUG] [cpw.mods.modlauncher.TransformStore/MODLAUNCHER]: Adding transformer net.minecraftforge.coremod.transformer.CoreModMethodTransformer@7af0affa to Target : METHOD {Lnet/minecraft/client/renderer/ItemInHandRenderer;} {m_109366_} {(Lcom/mojang/blaze3d/vertex/PoseStack;Lnet/minecraft/client/renderer/MultiBufferSource;ILnet/minecraft/world/item/ItemStack;)V}
[18May2025 00:08:08.207] [main/DEBUG] [cpw.mods.modlauncher.TransformStore/MODLAUNCHER]: Adding transformer net.minecraftforge.coremod.transformer.CoreModMethodTransformer@71560f51 to Target : METHOD {Lnet/minecraft/world/item/MapItem;} {m_7373_} {(Lnet/minecraft/world/item/ItemStack;Lnet/minecraft/world/level/Level;Ljava/util/List;Lnet/minecraft/world/item/TooltipFlag;)V}
[18May2025 00:08:08.208] [main/DEBUG] [cpw.mods.modlauncher.TransformStore/MODLAUNCHER]: Adding transformer net.minecraftforge.coremod.transformer.CoreModMethodTransformer@3e1f1046 to Target : METHOD {Lnet/minecraft/client/sounds/MusicManager;} {m_120183_} {()V}
[18May2025 00:08:08.208] [main/DEBUG] [cpw.mods.modlauncher.TransformStore/MODLAUNCHER]: Adding transformer net.minecraftforge.coremod.transformer.CoreModMethodTransformer@23e3f5cd to Target : METHOD {Lnet/minecraft/server/level/ServerEntity;} {m_8543_} {()V}
[18May2025 00:08:08.208] [main/DEBUG] [cpw.mods.modlauncher.TransformStore/MODLAUNCHER]: Adding transformer net.minecraftforge.coremod.transformer.CoreModMethodTransformer@5c931134 to Target : METHOD {Lnet/minecraft/client/renderer/entity/EntityRenderDispatcher;} {m_6213_} {(Lnet/minecraft/server/packs/resources/ResourceManager;)V}
[18May2025 00:08:08.208] [main/DEBUG] [cpw.mods.modlauncher.TransformStore/MODLAUNCHER]: Adding transformer net.minecraftforge.coremod.transformer.CoreModMethodTransformer@1d7eb170 to Target : METHOD {Lnet/minecraft/client/renderer/entity/EntityRenderDispatcher;} {m_114382_} {(Lnet/minecraft/world/entity/Entity;)Lnet/minecraft/client/renderer/entity/EntityRenderer;}
[18May2025 00:08:08.208] [main/DEBUG] [cpw.mods.modlauncher.TransformStore/MODLAUNCHER]: Adding transformer net.minecraftforge.coremod.transformer.CoreModMethodTransformer@5b251fb9 to Target : METHOD {Lnet/minecraft/client/renderer/LevelRenderer;} {m_109599_} {(Lcom/mojang/blaze3d/vertex/PoseStack;FJZLnet/minecraft/client/Camera;Lnet/minecraft/client/renderer/GameRenderer;Lnet/minecraft/client/renderer/LightTexture;Lorg/joml/Matrix4f;)V}
[18May2025 00:08:08.208] [main/DEBUG] [cpw.mods.modlauncher.TransformStore/MODLAUNCHER]: Adding transformer net.minecraftforge.coremod.transformer.CoreModMethodTransformer@67d4c48d to Target : METHOD {Lnet/minecraft/client/renderer/BiomeColors;} {m_108807_} {(Lnet/minecraft/world/level/biome/Biome;DD)I}
[18May2025 00:08:08.208] [main/DEBUG] [cpw.mods.modlauncher.TransformStore/MODLAUNCHER]: Adding transformer net.minecraftforge.coremod.transformer.CoreModMethodTransformer@230a73f2 to Target : METHOD {Lnet/minecraft/client/player/LocalPlayer;} {m_6083_} {()V}
[18May2025 00:08:08.209] [main/DEBUG] [cpw.mods.modlauncher.TransformStore/MODLAUNCHER]: Adding transformer net.minecraftforge.coremod.transformer.CoreModMethodTransformer@4b97b3d2 to Target : METHOD {Lnet/minecraft/world/item/WrittenBookItem;} {m_7626_} {(Lnet/minecraft/world/item/ItemStack;)Lnet/minecraft/network/chat/Component;}
[18May2025 00:08:08.209] [main/DEBUG] [cpw.mods.modlauncher.TransformStore/MODLAUNCHER]: Adding transformer net.minecraftforge.coremod.transformer.CoreModMethodTransformer@383cb5ce to Target : METHOD {Lnet/minecraft/world/level/levelgen/structure/StructureStart;} {m_226857_} {(Lnet/minecraft/world/level/levelgen/structure/pieces/StructurePieceSerializationContext;Lnet/minecraft/nbt/CompoundTag;J)Lnet/minecraft/world/level/levelgen/structure/StructureStart;}
[18May2025 00:08:08.210] [main/DEBUG] [cpw.mods.modlauncher.TransformStore/MODLAUNCHER]: Adding transformer net.minecraftforge.coremod.transformer.CoreModMethodTransformer@798deee8 to Target : METHOD {Lnet/minecraft/world/item/Item;} {m_41435_} {(Lnet/minecraft/world/level/Level;Lnet/minecraft/world/entity/player/Player;Lnet/minecraft/world/level/ClipContext$Fluid;)Lnet/minecraft/world/phys/BlockHitResult;}
[18May2025 00:08:08.210] [main/DEBUG] [cpw.mods.modlauncher.TransformStore/MODLAUNCHER]: Adding transformer net.minecraftforge.coremod.transformer.CoreModMethodTransformer@96897c8 to Target : METHOD {Lnet/minecraft/world/level/block/MushroomBlock;} {m_7898_} {(Lnet/minecraft/world/level/block/state/BlockState;Lnet/minecraft/world/level/LevelReader;Lnet/minecraft/core/BlockPos;)Z}
[18May2025 00:08:08.210] [main/DEBUG] [cpw.mods.modlauncher.TransformStore/MODLAUNCHER]: Adding transformer net.minecraftforge.coremod.transformer.CoreModMethodTransformer@7f97bc14 to Target : METHOD {Lnet/minecraft/world/level/Level;} {m_46758_} {(Lnet/minecraft/core/BlockPos;)Z}
[18May2025 00:08:08.210] [main/DEBUG] [cpw.mods.modlauncher.TransformStore/MODLAUNCHER]: Adding transformer net.minecraftforge.coremod.transformer.CoreModMethodTransformer@22d8f4ed to Target : METHOD {Lnet/minecraft/world/entity/decoration/LeashFenceKnotEntity;} {m_7088_} {()Z}
[18May2025 00:08:08.210] [main/DEBUG] [cpw.mods.modlauncher.TransformStore/MODLAUNCHER]: Adding transformer net.minecraftforge.coremod.transformer.CoreModMethodTransformer@3434a4f0 to Target : METHOD {Lnet/minecraftforge/common/extensions/IForgeItemStack;} {getHighlightTip} {(Lnet/minecraft/network/chat/Component;)Lnet/minecraft/network/chat/Component;}
[18May2025 00:08:08.210] [main/DEBUG] [cpw.mods.modlauncher.TransformStore/MODLAUNCHER]: Adding transformer net.minecraftforge.coremod.transformer.CoreModMethodTransformer@79afa369 to Target : METHOD {Lnet/minecraft/world/item/ItemStack;} {m_41787_} {()V}
[18May2025 00:08:08.210] [main/DEBUG] [cpw.mods.modlauncher.TransformStore/MODLAUNCHER]: Adding transformer net.minecraftforge.coremod.transformer.CoreModClassTransformer@5e002356 to Target : CLASS {Lnet/minecraft/world/entity/Entity;} {} {V}
[18May2025 00:08:08.211] [main/DEBUG] [cpw.mods.modlauncher.TransformStore/MODLAUNCHER]: Adding transformer net.minecraftforge.coremod.transformer.CoreModClassTransformer@4f820f42 to Target : CLASS {Lnet/minecraft/client/gui/screens/inventory/AbstractContainerScreen;} {} {V}
[18May2025 00:08:08.211] [main/DEBUG] [cpw.mods.modlauncher.TransformStore/MODLAUNCHER]: Adding transformer net.minecraftforge.coremod.transformer.CoreModClassTransformer@4b325930 to Target : CLASS {Lnet/minecraft/world/level/biome/Biome;} {} {V}
[18May2025 00:08:08.211] [main/DEBUG] [cpw.mods.modlauncher.TransformStore/MODLAUNCHER]: Adding transformer net.minecraftforge.coremod.transformer.CoreModClassTransformer@267f9765 to Target : CLASS {Lnet/minecraft/world/level/levelgen/structure/Structure;} {} {V}
[18May2025 00:08:08.211] [main/DEBUG] [cpw.mods.modlauncher.TransformStore/MODLAUNCHER]: Adding transformer net.minecraftforge.coremod.transformer.CoreModClassTransformer@79ba0a6f to Target : CLASS {Lnet/minecraft/world/effect/MobEffectInstance;} {} {V}
[18May2025 00:08:08.211] [main/DEBUG] [cpw.mods.modlauncher.TransformStore/MODLAUNCHER]: Adding transformer net.minecraftforge.coremod.transformer.CoreModClassTransformer@261de205 to Target : CLASS {Lnet/minecraft/world/level/block/LiquidBlock;} {} {V}
[18May2025 00:08:08.211] [main/DEBUG] [cpw.mods.modlauncher.TransformStore/MODLAUNCHER]: Adding transformer net.minecraftforge.coremod.transformer.CoreModClassTransformer@7f3fc42f to Target : CLASS {Lnet/minecraft/world/item/BucketItem;} {} {V}
[18May2025 00:08:08.211] [main/DEBUG] [cpw.mods.modlauncher.TransformStore/MODLAUNCHER]: Adding transformer net.minecraftforge.coremod.transformer.CoreModClassTransformer@25a1a012 to Target : CLASS {Lnet/minecraft/world/level/block/StairBlock;} {} {V}
[18May2025 00:08:08.212] [main/DEBUG] [cpw.mods.modlauncher.TransformStore/MODLAUNCHER]: Adding transformer net.minecraftforge.coremod.transformer.CoreModClassTransformer@ce12fbb to Target : CLASS {Lnet/minecraft/world/level/block/FlowerPotBlock;} {} {V}
[18May2025 00:08:08.212] [main/DEBUG] [cpw.mods.modlauncher.TransformStore/MODLAUNCHER]: Adding transformer net.minecraftforge.coremod.transformer.CoreModClassTransformer@4525e9e8 to Target : CLASS {Lnet/minecraft/world/item/ItemStack;} {} {V}
[18May2025 00:08:08.212] [main/DEBUG] [cpw.mods.modlauncher.TransformStore/MODLAUNCHER]: Adding transformer net.minecraftforge.coremod.transformer.CoreModClassTransformer@443a53df to Target : CLASS {Lnet/minecraft/network/play/client/CClientSettingsPacket;} {} {V}
[18May2025 00:08:08.212] [main/DEBUG] [cpw.mods.modlauncher.TransformStore/MODLAUNCHER]: Adding transformer net.minecraftforge.coremod.transformer.CoreModClassTransformer@6c33da7a to Target : CLASS {Lnet/minecraft/world/level/levelgen/PatrolSpawner;} {} {V}
[18May2025 00:08:08.212] [main/DEBUG] [cpw.mods.modlauncher.TransformStore/MODLAUNCHER]: Adding transformer net.minecraftforge.coremod.transformer.CoreModClassTransformer@6c33da7a to Target : CLASS {Lnet/minecraft/world/entity/animal/frog/Tadpole;} {} {V}
[18May2025 00:08:08.212] [main/DEBUG] [cpw.mods.modlauncher.TransformStore/MODLAUNCHER]: Adding transformer net.minecraftforge.coremod.transformer.CoreModClassTransformer@6c33da7a to Target : CLASS {Lnet/minecraft/world/entity/monster/Strider;} {} {V}
[18May2025 00:08:08.212] [main/DEBUG] [cpw.mods.modlauncher.TransformStore/MODLAUNCHER]: Adding transformer net.minecraftforge.coremod.transformer.CoreModClassTransformer@6c33da7a to Target : CLASS {Lnet/minecraft/world/entity/monster/Spider;} {} {V}
[18May2025 00:08:08.212] [main/DEBUG] [cpw.mods.modlauncher.TransformStore/MODLAUNCHER]: Adding transformer net.minecraftforge.coremod.transformer.CoreModClassTransformer@6c33da7a to Target : CLASS {Lnet/minecraft/world/level/levelgen/PhantomSpawner;} {} {V}
[18May2025 00:08:08.212] [main/DEBUG] [cpw.mods.modlauncher.TransformStore/MODLAUNCHER]: Adding transformer net.minecraftforge.coremod.transformer.CoreModClassTransformer@6c33da7a to Target : CLASS {Lnet/minecraft/world/entity/monster/Zombie;} {} {V}
[18May2025 00:08:08.213] [main/DEBUG] [cpw.mods.modlauncher.TransformStore/MODLAUNCHER]: Adding transformer net.minecraftforge.coremod.transformer.CoreModClassTransformer@6c33da7a to Target : CLASS {Lnet/minecraft/world/entity/monster/ZombieVillager;} {} {V}
[18May2025 00:08:08.213] [main/DEBUG] [cpw.mods.modlauncher.TransformStore/MODLAUNCHER]: Adding transformer net.minecraftforge.coremod.transformer.CoreModClassTransformer@6c33da7a to Target : CLASS {Lnet/minecraft/world/entity/raid/Raid;} {} {V}
[18May2025 00:08:08.213] [main/DEBUG] [cpw.mods.modlauncher.TransformStore/MODLAUNCHER]: Adding transformer net.minecraftforge.coremod.transformer.CoreModClassTransformer@6c33da7a to Target : CLASS {Lnet/minecraft/server/commands/SummonCommand;} {} {V}
[18May2025 00:08:08.213] [main/DEBUG] [cpw.mods.modlauncher.TransformStore/MODLAUNCHER]: Adding transformer net.minecraftforge.coremod.transformer.CoreModClassTransformer@6c33da7a to Target : CLASS {Lnet/minecraft/world/level/levelgen/structure/structures/OceanRuinPieces$OceanRuinPiece;} {} {V}
[18May2025 00:08:08.213] [main/DEBUG] [cpw.mods.modlauncher.TransformStore/MODLAUNCHER]: Adding transformer net.minecraftforge.coremod.transformer.CoreModClassTransformer@6c33da7a to Target : CLASS {Lnet/minecraft/world/entity/EntityType;} {} {V}
[18May2025 00:08:08.213] [main/DEBUG] [cpw.mods.modlauncher.TransformStore/MODLAUNCHER]: Adding transformer net.minecraftforge.coremod.transformer.CoreModClassTransformer@6c33da7a to Target : CLASS {Lnet/minecraft/world/level/levelgen/structure/structures/SwampHutPiece;} {} {V}
[18May2025 00:08:08.213] [main/DEBUG] [cpw.mods.modlauncher.TransformStore/MODLAUNCHER]: Adding transformer net.minecraftforge.coremod.transformer.CoreModClassTransformer@6c33da7a to Target : CLASS {Lnet/minecraft/server/commands/RaidCommand;} {} {V}
[18May2025 00:08:08.213] [main/DEBUG] [cpw.mods.modlauncher.TransformStore/MODLAUNCHER]: Adding transformer net.minecraftforge.coremod.transformer.CoreModClassTransformer@6c33da7a to Target : CLASS {Lnet/minecraft/world/entity/npc/CatSpawner;} {} {V}
[18May2025 00:08:08.213] [main/DEBUG] [cpw.mods.modlauncher.TransformStore/MODLAUNCHER]: Adding transformer net.minecraftforge.coremod.transformer.CoreModClassTransformer@6c33da7a to Target : CLASS {Lnet/minecraft/world/entity/ai/village/VillageSiege;} {} {V}
[18May2025 00:08:08.214] [main/DEBUG] [cpw.mods.modlauncher.TransformStore/MODLAUNCHER]: Adding transformer net.minecraftforge.coremod.transformer.CoreModClassTransformer@6c33da7a to Target : CLASS {Lnet/minecraft/world/entity/monster/Evoker$EvokerSummonSpellGoal;} {} {V}
[18May2025 00:08:08.214] [main/DEBUG] [cpw.mods.modlauncher.TransformStore/MODLAUNCHER]: Adding transformer net.minecraftforge.coremod.transformer.CoreModClassTransformer@6c33da7a to Target : CLASS {Lnet/minecraft/world/level/NaturalSpawner;} {} {V}
[18May2025 00:08:08.214] [main/DEBUG] [cpw.mods.modlauncher.TransformStore/MODLAUNCHER]: Adding transformer net.minecraftforge.coremod.transformer.CoreModClassTransformer@6c33da7a to Target : CLASS {Lnet/minecraft/world/entity/animal/horse/SkeletonTrapGoal;} {} {V}
[18May2025 00:08:08.214] [main/DEBUG] [cpw.mods.modlauncher.TransformStore/MODLAUNCHER]: Adding transformer net.minecraftforge.coremod.transformer.CoreModClassTransformer@6c33da7a to Target : CLASS {Lnet/minecraft/world/entity/npc/Villager;} {} {V}
[18May2025 00:08:08.214] [main/DEBUG] [cpw.mods.modlauncher.TransformStore/MODLAUNCHER]: Adding transformer net.minecraftforge.coremod.transformer.CoreModClassTransformer@6c33da7a to Target : CLASS {Lnet/minecraft/world/level/levelgen/structure/structures/OceanMonumentPieces$OceanMonumentPiece;} {} {V}
[18May2025 00:08:08.214] [main/DEBUG] [cpw.mods.modlauncher.TransformStore/MODLAUNCHER]: Adding transformer net.minecraftforge.coremod.transformer.CoreModClassTransformer@6c33da7a to Target : CLASS {Lnet/minecraft/world/level/levelgen/structure/structures/WoodlandMansionPieces$WoodlandMansionPiece;} {} {V}
[18May2025 00:08:08.214] [main/DEBUG] [cpw.mods.modlauncher.TransformStore/MODLAUNCHER]: Adding transformer net.minecraftforge.coremod.transformer.CoreModClassTransformer@6c33da7a to Target : CLASS {Lnet/minecraft/world/level/levelgen/structure/templatesystem/StructureTemplate;} {} {V}
[18May2025 00:08:08.214] [main/DEBUG] [cpw.mods.modlauncher.TransformationServiceDecorator/MODLAUNCHER]: Initialized transformers for transformation service fml
[18May2025 00:08:09.099] [main/DEBUG] [mixin/]: Processing prepare() for PlatformAgent[MixinPlatformAgentDefault:ModLauncher Root Container(ModLauncher:4f56a0a2)]
[18May2025 00:08:09.099] [main/DEBUG] [mixin/]: Processing launch tasks for PlatformAgent[MixinPlatformAgentDefault:ModLauncher Root Container(ModLauncher:4f56a0a2)]
[18May2025 00:08:09.099] [main/DEBUG] [mixin/]: Adding mixin platform agents for container SecureJarResource(dynamiclightsreforged)
[18May2025 00:08:09.099] [main/DEBUG] [mixin/]: Instancing new MixinPlatformAgentMinecraftForge for SecureJarResource(dynamiclightsreforged)
[18May2025 00:08:09.099] [main/DEBUG] [mixin/]: MixinPlatformAgentMinecraftForge rejected container SecureJarResource(dynamiclightsreforged)
[18May2025 00:08:09.099] [main/DEBUG] [mixin/]: Instancing new MixinPlatformAgentDefault for SecureJarResource(dynamiclightsreforged)
[18May2025 00:08:09.100] [main/DEBUG] [mixin/]: MixinPlatformAgentDefault accepted container SecureJarResource(dynamiclightsreforged)
[18May2025 00:08:09.100] [main/DEBUG] [mixin/]: Processing prepare() for PlatformAgent[MixinPlatformAgentDefault:SecureJarResource(dynamiclightsreforged)]
[18May2025 00:08:09.100] [main/DEBUG] [mixin/]: Registering mixin config: dynamiclightsreforged.mixins.json
[18May2025 00:08:09.113] [main/DEBUG] [mixin/]: Compatibility level JAVA_8 specified by dynamiclightsreforged.mixins.json is lower than the default level supported by the current mixin service (JAVA_16).
[18May2025 00:08:09.114] [main/ERROR] [mixin/]: Mixin config dynamiclightsreforged.mixins.json does not specify "minVersion" property
[18May2025 00:08:09.115] [main/DEBUG] [mixin/]: Adding mixin platform agents for container SecureJarResource(radium)
[18May2025 00:08:09.115] [main/DEBUG] [mixin/]: Instancing new MixinPlatformAgentMinecraftForge for SecureJarResource(radium)
[18May2025 00:08:09.115] [main/DEBUG] [mixin/]: MixinPlatformAgentMinecraftForge rejected container SecureJarResource(radium)
[18May2025 00:08:09.115] [main/DEBUG] [mixin/]: Instancing new MixinPlatformAgentDefault for SecureJarResource(radium)
[18May2025 00:08:09.115] [main/DEBUG] [mixin/]: MixinPlatformAgentDefault accepted container SecureJarResource(radium)
[18May2025 00:08:09.115] [main/DEBUG] [mixin/]: Processing prepare() for PlatformAgent[MixinPlatformAgentDefault:SecureJarResource(radium)]
[18May2025 00:08:09.115] [main/DEBUG] [mixin/]: Registering mixin config: lithium.mixins.json
[18May2025 00:08:09.117] [main/DEBUG] [mixin/]: Adding mixin platform agents for container SecureJarResource(kuma_api)
[18May2025 00:08:09.117] [main/DEBUG] [mixin/]: Instancing new MixinPlatformAgentMinecraftForge for SecureJarResource(kuma_api)
[18May2025 00:08:09.117] [main/DEBUG] [mixin/]: MixinPlatformAgentMinecraftForge rejected container SecureJarResource(kuma_api)
[18May2025 00:08:09.117] [main/DEBUG] [mixin/]: Instancing new MixinPlatformAgentDefault for SecureJarResource(kuma_api)
[18May2025 00:08:09.118] [main/DEBUG] [mixin/]: MixinPlatformAgentDefault accepted container SecureJarResource(kuma_api)
[18May2025 00:08:09.118] [main/DEBUG] [mixin/]: Processing prepare() for PlatformAgent[MixinPlatformAgentDefault:SecureJarResource(kuma_api)]
[18May2025 00:08:09.118] [main/DEBUG] [mixin/]: Registering mixin config: kuma_api.mixins.json
[18May2025 00:08:09.120] [main/DEBUG] [mixin/]: Compatibility level JAVA_17 specified by kuma_api.mixins.json is higher than the maximum level supported by this version of mixin (JAVA_13).
[18May2025 00:08:09.123] [main/INFO] [mixin/]: Compatibility level set to JAVA_17
[18May2025 00:08:09.123] [main/DEBUG] [mixin/]: Registering mixin config: kuma_api.forge.mixins.json
[18May2025 00:08:09.125] [main/DEBUG] [mixin/]: Adding mixin platform agents for container SecureJarResource(blue_skies)
[18May2025 00:08:09.125] [main/DEBUG] [mixin/]: Instancing new MixinPlatformAgentMinecraftForge for SecureJarResource(blue_skies)
[18May2025 00:08:09.125] [main/DEBUG] [mixin/]: MixinPlatformAgentMinecraftForge rejected container SecureJarResource(blue_skies)
[18May2025 00:08:09.126] [main/DEBUG] [mixin/]: Instancing new MixinPlatformAgentDefault for SecureJarResource(blue_skies)
[18May2025 00:08:09.126] [main/DEBUG] [mixin/]: MixinPlatformAgentDefault accepted container SecureJarResource(blue_skies)
[18May2025 00:08:09.126] [main/DEBUG] [mixin/]: Processing prepare() for PlatformAgent[MixinPlatformAgentDefault:SecureJarResource(blue_skies)]
[18May2025 00:08:09.126] [main/DEBUG] [mixin/]: Registering mixin config: blue_skies.mixins.json
[18May2025 00:08:09.128] [main/DEBUG] [mixin/]: Adding mixin platform agents for container SecureJarResource(netherportalfix)
[18May2025 00:08:09.129] [main/DEBUG] [mixin/]: Instancing new MixinPlatformAgentMinecraftForge for SecureJarResource(netherportalfix)
[18May2025 00:08:09.129] [main/DEBUG] [mixin/]: MixinPlatformAgentMinecraftForge rejected container SecureJarResource(netherportalfix)
[18May2025 00:08:09.129] [main/DEBUG] [mixin/]: Instancing new MixinPlatformAgentDefault for SecureJarResource(netherportalfix)
[18May2025 00:08:09.129] [main/DEBUG] [mixin/]: MixinPlatformAgentDefault accepted container SecureJarResource(netherportalfix)
[18May2025 00:08:09.129] [main/DEBUG] [mixin/]: Processing prepare() for PlatformAgent[MixinPlatformAgentDefault:SecureJarResource(netherportalfix)]
[18May2025 00:08:09.129] [main/DEBUG] [mixin/]: Registering mixin config: netherportalfix.mixins.json
[18May2025 00:08:09.131] [main/DEBUG] [mixin/]: Adding mixin platform agents for container SecureJarResource(additionalentityattributes)
[18May2025 00:08:09.131] [main/DEBUG] [mixin/]: Instancing new MixinPlatformAgentMinecraftForge for SecureJarResource(additionalentityattributes)
[18May2025 00:08:09.132] [main/DEBUG] [mixin/]: MixinPlatformAgentMinecraftForge rejected container SecureJarResource(additionalentityattributes)
[18May2025 00:08:09.132] [main/DEBUG] [mixin/]: Instancing new MixinPlatformAgentDefault for SecureJarResource(additionalentityattributes)
[18May2025 00:08:09.132] [main/DEBUG] [mixin/]: MixinPlatformAgentDefault accepted container SecureJarResource(additionalentityattributes)
[18May2025 00:08:09.132] [main/DEBUG] [mixin/]: Processing prepare() for PlatformAgent[MixinPlatformAgentDefault:SecureJarResource(additionalentityattributes)]
[18May2025 00:08:09.132] [main/DEBUG] [mixin/]: Registering mixin config: additionalentityattributes.mixins.json
[18May2025 00:08:09.134] [main/DEBUG] [mixin/]: Adding mixin platform agents for container SecureJarResource(playeranimator)
[18May2025 00:08:09.134] [main/DEBUG] [mixin/]: Instancing new MixinPlatformAgentMinecraftForge for SecureJarResource(playeranimator)
[18May2025 00:08:09.134] [main/DEBUG] [mixin/]: MixinPlatformAgentMinecraftForge rejected container SecureJarResource(playeranimator)
[18May2025 00:08:09.135] [main/DEBUG] [mixin/]: Instancing new MixinPlatformAgentDefault for SecureJarResource(playeranimator)
[18May2025 00:08:09.135] [main/DEBUG] [mixin/]: MixinPlatformAgentDefault accepted container SecureJarResource(playeranimator)
[18May2025 00:08:09.135] [main/DEBUG] [mixin/]: Processing prepare() for PlatformAgent[MixinPlatformAgentDefault:SecureJarResource(playeranimator)]
[18May2025 00:08:09.135] [main/DEBUG] [mixin/]: Registering mixin config: playerAnimator-common.mixins.json
[18May2025 00:08:09.136] [main/DEBUG] [mixin/]: Compatibility level JAVA_16 specified by playerAnimator-common.mixins.json is higher than the maximum level supported by this version of mixin (JAVA_13).
[18May2025 00:08:09.137] [main/DEBUG] [mixin/]: Adding mixin platform agents for container SecureJarResource(rpghud)
[18May2025 00:08:09.137] [main/DEBUG] [mixin/]: Instancing new MixinPlatformAgentMinecraftForge for SecureJarResource(rpghud)
[18May2025 00:08:09.137] [main/DEBUG] [mixin/]: MixinPlatformAgentMinecraftForge rejected container SecureJarResource(rpghud)
[18May2025 00:08:09.137] [main/DEBUG] [mixin/]: Instancing new MixinPlatformAgentDefault for SecureJarResource(rpghud)
[18May2025 00:08:09.137] [main/DEBUG] [mixin/]: MixinPlatformAgentDefault accepted container SecureJarResource(rpghud)
[18May2025 00:08:09.137] [main/DEBUG] [mixin/]: Processing prepare() for PlatformAgent[MixinPlatformAgentDefault:SecureJarResource(rpghud)]
[18May2025 00:08:09.137] [main/DEBUG] [mixin/]: Adding mixin platform agents for container SecureJarResource(majruszsdifficulty)
[18May2025 00:08:09.137] [main/DEBUG] [mixin/]: Instancing new MixinPlatformAgentMinecraftForge for SecureJarResource(majruszsdifficulty)
[18May2025 00:08:09.137] [main/DEBUG] [mixin/]: MixinPlatformAgentMinecraftForge rejected container SecureJarResource(majruszsdifficulty)
[18May2025 00:08:09.137] [main/DEBUG] [mixin/]: Instancing new MixinPlatformAgentDefault for SecureJarResource(majruszsdifficulty)
[18May2025 00:08:09.137] [main/DEBUG] [mixin/]: MixinPlatformAgentDefault accepted container SecureJarResource(majruszsdifficulty)
[18May2025 00:08:09.137] [main/DEBUG] [mixin/]: Processing prepare() for PlatformAgent[MixinPlatformAgentDefault:SecureJarResource(majruszsdifficulty)]
[18May2025 00:08:09.138] [main/DEBUG] [mixin/]: Registering mixin config: majruszsdifficulty-common.mixins.json
[18May2025 00:08:09.139] [main/DEBUG] [mixin/]: Registering mixin config: majruszsdifficulty-forge.mixins.json
[18May2025 00:08:09.141] [main/DEBUG] [mixin/]: Adding mixin platform agents for container SecureJarResource(connectivity)
[18May2025 00:08:09.141] [main/DEBUG] [mixin/]: Instancing new MixinPlatformAgentMinecraftForge for SecureJarResource(connectivity)
[18May2025 00:08:09.141] [main/DEBUG] [mixin/]: MixinPlatformAgentMinecraftForge rejected container SecureJarResource(connectivity)
[18May2025 00:08:09.141] [main/DEBUG] [mixin/]: Instancing new MixinPlatformAgentDefault for SecureJarResource(connectivity)
[18May2025 00:08:09.141] [main/DEBUG] [mixin/]: MixinPlatformAgentDefault accepted container SecureJarResource(connectivity)
[18May2025 00:08:09.141] [main/DEBUG] [mixin/]: Processing prepare() for PlatformAgent[MixinPlatformAgentDefault:SecureJarResource(connectivity)]
[18May2025 00:08:09.141] [main/DEBUG] [mixin/]: Registering mixin config: connectivity.mixins.json
[18May2025 00:08:09.143] [main/DEBUG] [mixin/]: Adding mixin platform agents for container SecureJarResource(caelus)
[18May2025 00:08:09.143] [main/DEBUG] [mixin/]: Instancing new MixinPlatformAgentMinecraftForge for SecureJarResource(caelus)
[18May2025 00:08:09.143] [main/DEBUG] [mixin/]: MixinPlatformAgentMinecraftForge rejected container SecureJarResource(caelus)
[18May2025 00:08:09.143] [main/DEBUG] [mixin/]: Instancing new MixinPlatformAgentDefault for SecureJarResource(caelus)
[18May2025 00:08:09.143] [main/DEBUG] [mixin/]: MixinPlatformAgentDefault accepted container SecureJarResource(caelus)
[18May2025 00:08:09.143] [main/DEBUG] [mixin/]: Processing prepare() for PlatformAgent[MixinPlatformAgentDefault:SecureJarResource(caelus)]
[18May2025 00:08:09.143] [main/DEBUG] [mixin/]: Registering mixin config: caelus.mixins.json
[18May2025 00:08:09.144] [main/DEBUG] [mixin/]: Adding mixin platform agents for container SecureJarResource(apoli)
[18May2025 00:08:09.145] [main/DEBUG] [mixin/]: Instancing new MixinPlatformAgentMinecraftForge for SecureJarResource(apoli)
[18May2025 00:08:09.145] [main/DEBUG] [mixin/]: MixinPlatformAgentMinecraftForge rejected container SecureJarResource(apoli)
[18May2025 00:08:09.145] [main/DEBUG] [mixin/]: Instancing new MixinPlatformAgentDefault for SecureJarResource(apoli)
[18May2025 00:08:09.145] [main/DEBUG] [mixin/]: MixinPlatformAgentDefault accepted container SecureJarResource(apoli)
[18May2025 00:08:09.145] [main/DEBUG] [mixin/]: Processing prepare() for PlatformAgent[MixinPlatformAgentDefault:SecureJarResource(apoli)]
[18May2025 00:08:09.145] [main/DEBUG] [mixin/]: Registering mixin config: apoli.mixins.json
[18May2025 00:08:09.146] [main/DEBUG] [mixin/]: Adding mixin platform agents for container SecureJarResource(controlling)
[18May2025 00:08:09.147] [main/DEBUG] [mixin/]: Instancing new MixinPlatformAgentMinecraftForge for SecureJarResource(controlling)
[18May2025 00:08:09.147] [main/DEBUG] [mixin/]: MixinPlatformAgentMinecraftForge rejected container SecureJarResource(controlling)
[18May2025 00:08:09.147] [main/DEBUG] [mixin/]: Instancing new MixinPlatformAgentDefault for SecureJarResource(controlling)
[18May2025 00:08:09.147] [main/DEBUG] [mixin/]: MixinPlatformAgentDefault accepted container SecureJarResource(controlling)
[18May2025 00:08:09.147] [main/DEBUG] [mixin/]: Processing prepare() for PlatformAgent[MixinPlatformAgentDefault:SecureJarResource(controlling)]
[18May2025 00:08:09.147] [main/DEBUG] [mixin/]: Registering mixin config: controlling.mixins.json
[18May2025 00:08:09.148] [main/DEBUG] [mixin/]: Registering mixin config: controlling.forge.mixins.json
[18May2025 00:08:09.150] [main/DEBUG] [mixin/]: Adding mixin platform agents for container SecureJarResource(modernfix)
[18May2025 00:08:09.150] [main/DEBUG] [mixin/]: Instancing new MixinPlatformAgentMinecraftForge for SecureJarResource(modernfix)
[18May2025 00:08:09.151] [main/DEBUG] [mixin/]: MixinPlatformAgentMinecraftForge rejected container SecureJarResource(modernfix)
[18May2025 00:08:09.151] [main/DEBUG] [mixin/]: Instancing new MixinPlatformAgentDefault for SecureJarResource(modernfix)
[18May2025 00:08:09.151] [main/DEBUG] [mixin/]: MixinPlatformAgentDefault accepted container SecureJarResource(modernfix)
[18May2025 00:08:09.151] [main/DEBUG] [mixin/]: Processing prepare() for PlatformAgent[MixinPlatformAgentDefault:SecureJarResource(modernfix)]
[18May2025 00:08:09.151] [main/DEBUG] [mixin/]: Registering mixin config: modernfix-common.mixins.json
[18May2025 00:08:09.153] [main/DEBUG] [mixin/]: Registering mixin config: modernfix-forge.mixins.json
[18May2025 00:08:09.155] [main/DEBUG] [mixin/]: Adding mixin platform agents for container SecureJarResource(jei)
[18May2025 00:08:09.155] [main/DEBUG] [mixin/]: Instancing new MixinPlatformAgentMinecraftForge for SecureJarResource(jei)
[18May2025 00:08:09.155] [main/DEBUG] [mixin/]: MixinPlatformAgentMinecraftForge rejected container SecureJarResource(jei)
[18May2025 00:08:09.155] [main/DEBUG] [mixin/]: Instancing new MixinPlatformAgentDefault for SecureJarResource(jei)
[18May2025 00:08:09.155] [main/DEBUG] [mixin/]: MixinPlatformAgentDefault accepted container SecureJarResource(jei)
[18May2025 00:08:09.155] [main/DEBUG] [mixin/]: Processing prepare() for PlatformAgent[MixinPlatformAgentDefault:SecureJarResource(jei)]
[18May2025 00:08:09.155] [main/DEBUG] [mixin/]: Adding mixin platform agents for container SecureJarResource(mixinextras)
[18May2025 00:08:09.155] [main/DEBUG] [mixin/]: Instancing new MixinPlatformAgentMinecraftForge for SecureJarResource(mixinextras)
[18May2025 00:08:09.156] [main/DEBUG] [mixin/]: MixinPlatformAgentMinecraftForge rejected container SecureJarResource(mixinextras)
[18May2025 00:08:09.156] [main/DEBUG] [mixin/]: Instancing new MixinPlatformAgentDefault for SecureJarResource(mixinextras)
[18May2025 00:08:09.156] [main/DEBUG] [mixin/]: MixinPlatformAgentDefault accepted container SecureJarResource(mixinextras)
[18May2025 00:08:09.156] [main/DEBUG] [mixin/]: Processing prepare() for PlatformAgent[MixinPlatformAgentDefault:SecureJarResource(mixinextras)]
[18May2025 00:08:09.156] [main/DEBUG] [mixin/]: Registering mixin config: mixinextras.init.mixins.json
[18May2025 00:08:09.157] [main/DEBUG] [mixin/]: Adding mixin platform agents for container SecureJarResource(clickadv)
[18May2025 00:08:09.158] [main/DEBUG] [mixin/]: Instancing new MixinPlatformAgentMinecraftForge for SecureJarResource(clickadv)
[18May2025 00:08:09.158] [main/DEBUG] [mixin/]: MixinPlatformAgentMinecraftForge rejected container SecureJarResource(clickadv)
[18May2025 00:08:09.158] [main/DEBUG] [mixin/]: Instancing new MixinPlatformAgentDefault for SecureJarResource(clickadv)
[18May2025 00:08:09.158] [main/DEBUG] [mixin/]: MixinPlatformAgentDefault accepted container SecureJarResource(clickadv)
[18May2025 00:08:09.158] [main/DEBUG] [mixin/]: Processing prepare() for PlatformAgent[MixinPlatformAgentDefault:SecureJarResource(clickadv)]
[18May2025 00:08:09.158] [main/DEBUG] [mixin/]: Registering mixin config: clickadv.mixins.json
[18May2025 00:08:09.159] [main/DEBUG] [mixin/]: Adding mixin platform agents for container SecureJarResource(farsight_view)
[18May2025 00:08:09.160] [main/DEBUG] [mixin/]: Instancing new MixinPlatformAgentMinecraftForge for SecureJarResource(farsight_view)
[18May2025 00:08:09.160] [main/DEBUG] [mixin/]: MixinPlatformAgentMinecraftForge rejected container SecureJarResource(farsight_view)
[18May2025 00:08:09.160] [main/DEBUG] [mixin/]: Instancing new MixinPlatformAgentDefault for SecureJarResource(farsight_view)
[18May2025 00:08:09.160] [main/DEBUG] [mixin/]: MixinPlatformAgentDefault accepted container SecureJarResource(farsight_view)
[18May2025 00:08:09.160] [main/DEBUG] [mixin/]: Processing prepare() for PlatformAgent[MixinPlatformAgentDefault:SecureJarResource(farsight_view)]
[18May2025 00:08:09.160] [main/DEBUG] [mixin/]: Registering mixin config: farsight.mixins.json
[18May2025 00:08:09.161] [main/DEBUG] [mixin/]: Adding mixin platform agents for container SecureJarResource(balm)
[18May2025 00:08:09.162] [main/DEBUG] [mixin/]: Instancing new MixinPlatformAgentMinecraftForge for SecureJarResource(balm)
[18May2025 00:08:09.162] [main/DEBUG] [mixin/]: MixinPlatformAgentMinecraftForge rejected container SecureJarResource(balm)
[18May2025 00:08:09.162] [main/DEBUG] [mixin/]: Instancing new MixinPlatformAgentDefault for SecureJarResource(balm)
[18May2025 00:08:09.162] [main/DEBUG] [mixin/]: MixinPlatformAgentDefault accepted container SecureJarResource(balm)
[18May2025 00:08:09.162] [main/DEBUG] [mixin/]: Processing prepare() for PlatformAgent[MixinPlatformAgentDefault:SecureJarResource(balm)]
[18May2025 00:08:09.162] [main/DEBUG] [mixin/]: Registering mixin config: balm.mixins.json
[18May2025 00:08:09.163] [main/DEBUG] [mixin/]: Adding mixin platform agents for container SecureJarResource(fusion)
[18May2025 00:08:09.163] [main/DEBUG] [mixin/]: Instancing new MixinPlatformAgentMinecraftForge for SecureJarResource(fusion)
[18May2025 00:08:09.163] [main/DEBUG] [mixin/]: MixinPlatformAgentMinecraftForge rejected container SecureJarResource(fusion)
[18May2025 00:08:09.164] [main/DEBUG] [mixin/]: Instancing new MixinPlatformAgentDefault for SecureJarResource(fusion)
[18May2025 00:08:09.164] [main/DEBUG] [mixin/]: MixinPlatformAgentDefault accepted container SecureJarResource(fusion)
[18May2025 00:08:09.164] [main/DEBUG] [mixin/]: Processing prepare() for PlatformAgent[MixinPlatformAgentDefault:SecureJarResource(fusion)]
[18May2025 00:08:09.164] [main/DEBUG] [mixin/]: Registering mixin config: fusion.mixins.json
[18May2025 00:08:09.165] [main/DEBUG] [mixin/]: Adding mixin platform agents for container SecureJarResource(fpsreducer)
[18May2025 00:08:09.165] [main/DEBUG] [mixin/]: Instancing new MixinPlatformAgentMinecraftForge for SecureJarResource(fpsreducer)
[18May2025 00:08:09.165] [main/DEBUG] [mixin/]: MixinPlatformAgentMinecraftForge rejected container SecureJarResource(fpsreducer)
[18May2025 00:08:09.165] [main/DEBUG] [mixin/]: Instancing new MixinPlatformAgentDefault for SecureJarResource(fpsreducer)
[18May2025 00:08:09.166] [main/DEBUG] [mixin/]: MixinPlatformAgentDefault accepted container SecureJarResource(fpsreducer)
[18May2025 00:08:09.166] [main/DEBUG] [mixin/]: Processing prepare() for PlatformAgent[MixinPlatformAgentDefault:SecureJarResource(fpsreducer)]
[18May2025 00:08:09.166] [main/DEBUG] [mixin/]: Registering mixin config: fpsreducer.mixins.json
[18May2025 00:08:09.167] [main/DEBUG] [mixin/]: Adding mixin platform agents for container SecureJarResource(cloth_config)
[18May2025 00:08:09.167] [main/DEBUG] [mixin/]: Instancing new MixinPlatformAgentMinecraftForge for SecureJarResource(cloth_config)
[18May2025 00:08:09.167] [main/DEBUG] [mixin/]: MixinPlatformAgentMinecraftForge rejected container SecureJarResource(cloth_config)
[18May2025 00:08:09.167] [main/DEBUG] [mixin/]: Instancing new MixinPlatformAgentDefault for SecureJarResource(cloth_config)
[18May2025 00:08:09.167] [main/DEBUG] [mixin/]: MixinPlatformAgentDefault accepted container SecureJarResource(cloth_config)
[18May2025 00:08:09.167] [main/DEBUG] [mixin/]: Processing prepare() for PlatformAgent[MixinPlatformAgentDefault:SecureJarResource(cloth_config)]
[18May2025 00:08:09.167] [main/DEBUG] [mixin/]: Adding mixin platform agents for container SecureJarResource(twilightforest)
[18May2025 00:08:09.167] [main/DEBUG] [mixin/]: Instancing new MixinPlatformAgentMinecraftForge for SecureJarResource(twilightforest)
[18May2025 00:08:09.167] [main/DEBUG] [mixin/]: MixinPlatformAgentMinecraftForge rejected container SecureJarResource(twilightforest)
[18May2025 00:08:09.167] [main/DEBUG] [mixin/]: Instancing new MixinPlatformAgentDefault for SecureJarResource(twilightforest)
[18May2025 00:08:09.167] [main/DEBUG] [mixin/]: MixinPlatformAgentDefault accepted container SecureJarResource(twilightforest)
[18May2025 00:08:09.168] [main/DEBUG] [mixin/]: Processing prepare() for PlatformAgent[MixinPlatformAgentDefault:SecureJarResource(twilightforest)]
[18May2025 00:08:09.168] [main/DEBUG] [mixin/]: Adding mixin platform agents for container SecureJarResource(embeddium)
[18May2025 00:08:09.168] [main/DEBUG] [mixin/]: Instancing new MixinPlatformAgentMinecraftForge for SecureJarResource(embeddium)
[18May2025 00:08:09.168] [main/DEBUG] [mixin/]: MixinPlatformAgentMinecraftForge rejected container SecureJarResource(embeddium)
[18May2025 00:08:09.168] [main/DEBUG] [mixin/]: Instancing new MixinPlatformAgentDefault for SecureJarResource(embeddium)
[18May2025 00:08:09.168] [main/DEBUG] [mixin/]: MixinPlatformAgentDefault accepted container SecureJarResource(embeddium)
[18May2025 00:08:09.168] [main/DEBUG] [mixin/]: Processing prepare() for PlatformAgent[MixinPlatformAgentDefault:SecureJarResource(embeddium)]
[18May2025 00:08:09.168] [main/DEBUG] [mixin/]: Registering mixin config: embeddium.mixins.json
[18May2025 00:08:09.169] [main/DEBUG] [mixin/]: Adding mixin platform agents for container SecureJarResource(embeddiumplus)
[18May2025 00:08:09.169] [main/DEBUG] [mixin/]: Instancing new MixinPlatformAgentMinecraftForge for SecureJarResource(embeddiumplus)
[18May2025 00:08:09.170] [main/DEBUG] [mixin/]: MixinPlatformAgentMinecraftForge rejected container SecureJarResource(embeddiumplus)
[18May2025 00:08:09.170] [main/DEBUG] [mixin/]: Instancing new MixinPlatformAgentDefault for SecureJarResource(embeddiumplus)
[18May2025 00:08:09.170] [main/DEBUG] [mixin/]: MixinPlatformAgentDefault accepted container SecureJarResource(embeddiumplus)
[18May2025 00:08:09.170] [main/DEBUG] [mixin/]: Processing prepare() for PlatformAgent[MixinPlatformAgentDefault:SecureJarResource(embeddiumplus)]
[18May2025 00:08:09.170] [main/DEBUG] [mixin/]: Registering mixin config: embeddiumplus.mixin.json
[18May2025 00:08:09.171] [main/DEBUG] [mixin/]: Adding mixin platform agents for container SecureJarResource(logbegone)
[18May2025 00:08:09.171] [main/DEBUG] [mixin/]: Instancing new MixinPlatformAgentMinecraftForge for SecureJarResource(logbegone)
[18May2025 00:08:09.171] [main/DEBUG] [mixin/]: MixinPlatformAgentMinecraftForge rejected container SecureJarResource(logbegone)
[18May2025 00:08:09.171] [main/DEBUG] [mixin/]: Instancing new MixinPlatformAgentDefault for SecureJarResource(logbegone)
[18May2025 00:08:09.171] [main/DEBUG] [mixin/]: MixinPlatformAgentDefault accepted container SecureJarResource(logbegone)
[18May2025 00:08:09.171] [main/DEBUG] [mixin/]: Processing prepare() for PlatformAgent[MixinPlatformAgentDefault:SecureJarResource(logbegone)]
[18May2025 00:08:09.171] [main/DEBUG] [mixin/]: Adding mixin platform agents for container SecureJarResource(structure_gel)
[18May2025 00:08:09.172] [main/DEBUG] [mixin/]: Instancing new MixinPlatformAgentMinecraftForge for SecureJarResource(structure_gel)
[18May2025 00:08:09.172] [main/DEBUG] [mixin/]: MixinPlatformAgentMinecraftForge rejected container SecureJarResource(structure_gel)
[18May2025 00:08:09.172] [main/DEBUG] [mixin/]: Instancing new MixinPlatformAgentDefault for SecureJarResource(structure_gel)
[18May2025 00:08:09.172] [main/DEBUG] [mixin/]: MixinPlatformAgentDefault accepted container SecureJarResource(structure_gel)
[18May2025 00:08:09.172] [main/DEBUG] [mixin/]: Processing prepare() for PlatformAgent[MixinPlatformAgentDefault:SecureJarResource(structure_gel)]
[18May2025 00:08:09.172] [main/DEBUG] [mixin/]: Registering mixin config: structure_gel.mixins.json
[18May2025 00:08:09.173] [main/DEBUG] [mixin/]: Adding mixin platform agents for container SecureJarResource(dungeons_arise)
[18May2025 00:08:09.174] [main/DEBUG] [mixin/]: Instancing new MixinPlatformAgentMinecraftForge for SecureJarResource(dungeons_arise)
[18May2025 00:08:09.174] [main/DEBUG] [mixin/]: MixinPlatformAgentMinecraftForge rejected container SecureJarResource(dungeons_arise)
[18May2025 00:08:09.174] [main/DEBUG] [mixin/]: Instancing new MixinPlatformAgentDefault for SecureJarResource(dungeons_arise)
[18May2025 00:08:09.174] [main/DEBUG] [mixin/]: MixinPlatformAgentDefault accepted container SecureJarResource(dungeons_arise)
[18May2025 00:08:09.174] [main/DEBUG] [mixin/]: Processing prepare() for PlatformAgent[MixinPlatformAgentDefault:SecureJarResource(dungeons_arise)]
[18May2025 00:08:09.174] [main/DEBUG] [mixin/]: Adding mixin platform agents for container SecureJarResource(minecraft)
[18May2025 00:08:09.174] [main/DEBUG] [mixin/]: Instancing new MixinPlatformAgentMinecraftForge for SecureJarResource(minecraft)
[18May2025 00:08:09.174] [main/DEBUG] [mixin/]: MixinPlatformAgentMinecraftForge rejected container SecureJarResource(minecraft)
[18May2025 00:08:09.174] [main/DEBUG] [mixin/]: Instancing new MixinPlatformAgentDefault for SecureJarResource(minecraft)
[18May2025 00:08:09.174] [main/DEBUG] [mixin/]: MixinPlatformAgentDefault accepted container SecureJarResource(minecraft)
[18May2025 00:08:09.174] [main/DEBUG] [mixin/]: Processing prepare() for PlatformAgent[MixinPlatformAgentDefault:SecureJarResource(minecraft)]
[18May2025 00:08:09.174] [main/DEBUG] [mixin/]: Adding mixin platform agents for container SecureJarResource(smoothchunk)
[18May2025 00:08:09.174] [main/DEBUG] [mixin/]: Instancing new MixinPlatformAgentMinecraftForge for SecureJarResource(smoothchunk)
[18May2025 00:08:09.174] [main/DEBUG] [mixin/]: MixinPlatformAgentMinecraftForge rejected container SecureJarResource(smoothchunk)
[18May2025 00:08:09.174] [main/DEBUG] [mixin/]: Instancing new MixinPlatformAgentDefault for SecureJarResource(smoothchunk)
[18May2025 00:08:09.175] [main/DEBUG] [mixin/]: MixinPlatformAgentDefault accepted container SecureJarResource(smoothchunk)
[18May2025 00:08:09.175] [main/DEBUG] [mixin/]: Processing prepare() for PlatformAgent[MixinPlatformAgentDefault:SecureJarResource(smoothchunk)]
[18May2025 00:08:09.175] [main/DEBUG] [mixin/]: Registering mixin config: smoothchunk.mixins.json
[18May2025 00:08:09.176] [main/DEBUG] [mixin/]: Adding mixin platform agents for container SecureJarResource(okzoomer)
[18May2025 00:08:09.176] [main/DEBUG] [mixin/]: Instancing new MixinPlatformAgentMinecraftForge for SecureJarResource(okzoomer)
[18May2025 00:08:09.176] [main/DEBUG] [mixin/]: MixinPlatformAgentMinecraftForge rejected container SecureJarResource(okzoomer)
[18May2025 00:08:09.177] [main/DEBUG] [mixin/]: Instancing new MixinPlatformAgentDefault for SecureJarResource(okzoomer)
[18May2025 00:08:09.177] [main/DEBUG] [mixin/]: MixinPlatformAgentDefault accepted container SecureJarResource(okzoomer)
[18May2025 00:08:09.177] [main/DEBUG] [mixin/]: Processing prepare() for PlatformAgent[MixinPlatformAgentDefault:SecureJarResource(okzoomer)]
[18May2025 00:08:09.177] [main/DEBUG] [mixin/]: Registering mixin config: okzoomer.mixins.json
[18May2025 00:08:09.180] [main/ERROR] [mixin/]: Mixin config okzoomer.mixins.json does not specify "minVersion" property
[18May2025 00:08:09.180] [main/DEBUG] [mixin/]: Adding mixin platform agents for container SecureJarResource(better_weaponry)
[18May2025 00:08:09.180] [main/DEBUG] [mixin/]: Instancing new MixinPlatformAgentMinecraftForge for SecureJarResource(better_weaponry)
[18May2025 00:08:09.180] [main/DEBUG] [mixin/]: MixinPlatformAgentMinecraftForge rejected container SecureJarResource(better_weaponry)
[18May2025 00:08:09.180] [main/DEBUG] [mixin/]: Instancing new MixinPlatformAgentDefault for SecureJarResource(better_weaponry)
[18May2025 00:08:09.181] [main/DEBUG] [mixin/]: MixinPlatformAgentDefault accepted container SecureJarResource(better_weaponry)
[18May2025 00:08:09.181] [main/DEBUG] [mixin/]: Processing prepare() for PlatformAgent[MixinPlatformAgentDefault:SecureJarResource(better_weaponry)]
[18May2025 00:08:09.181] [main/DEBUG] [mixin/]: Adding mixin platform agents for container SecureJarResource(ambientsounds)
[18May2025 00:08:09.181] [main/DEBUG] [mixin/]: Instancing new MixinPlatformAgentMinecraftForge for SecureJarResource(ambientsounds)
[18May2025 00:08:09.181] [main/DEBUG] [mixin/]: MixinPlatformAgentMinecraftForge rejected container SecureJarResource(ambientsounds)
[18May2025 00:08:09.181] [main/DEBUG] [mixin/]: Instancing new MixinPlatformAgentDefault for SecureJarResource(ambientsounds)
[18May2025 00:08:09.181] [main/DEBUG] [mixin/]: MixinPlatformAgentDefault accepted container SecureJarResource(ambientsounds)
[18May2025 00:08:09.181] [main/DEBUG] [mixin/]: Processing prepare() for PlatformAgent[MixinPlatformAgentDefault:SecureJarResource(ambientsounds)]
[18May2025 00:08:09.181] [main/DEBUG] [mixin/]: Registering mixin config: ambientsounds.mixins.json
[18May2025 00:08:09.183] [main/DEBUG] [mixin/]: Adding mixin platform agents for container SecureJarResource(mousetweaks)
[18May2025 00:08:09.183] [main/DEBUG] [mixin/]: Instancing new MixinPlatformAgentMinecraftForge for SecureJarResource(mousetweaks)
[18May2025 00:08:09.183] [main/DEBUG] [mixin/]: MixinPlatformAgentMinecraftForge rejected container SecureJarResource(mousetweaks)
[18May2025 00:08:09.183] [main/DEBUG] [mixin/]: Instancing new MixinPlatformAgentDefault for SecureJarResource(mousetweaks)
[18May2025 00:08:09.183] [main/DEBUG] [mixin/]: MixinPlatformAgentDefault accepted container SecureJarResource(mousetweaks)
[18May2025 00:08:09.183] [main/DEBUG] [mixin/]: Processing prepare() for PlatformAgent[MixinPlatformAgentDefault:SecureJarResource(mousetweaks)]
[18May2025 00:08:09.183] [main/DEBUG] [mixin/]: Registering mixin config: mousetweaks.mixins.json
[18May2025 00:08:09.185] [main/DEBUG] [mixin/]: Adding mixin platform agents for container SecureJarResource(bettercombat)
[18May2025 00:08:09.185] [main/DEBUG] [mixin/]: Instancing new MixinPlatformAgentMinecraftForge for SecureJarResource(bettercombat)
[18May2025 00:08:09.185] [main/DEBUG] [mixin/]: MixinPlatformAgentMinecraftForge rejected container SecureJarResource(bettercombat)
[18May2025 00:08:09.185] [main/DEBUG] [mixin/]: Instancing new MixinPlatformAgentDefault for SecureJarResource(bettercombat)
[18May2025 00:08:09.185] [main/DEBUG] [mixin/]: MixinPlatformAgentDefault accepted container SecureJarResource(bettercombat)
[18May2025 00:08:09.185] [main/DEBUG] [mixin/]: Processing prepare() for PlatformAgent[MixinPlatformAgentDefault:SecureJarResource(bettercombat)]
[18May2025 00:08:09.185] [main/DEBUG] [mixin/]: Registering mixin config: bettercombat.mixins.json
[18May2025 00:08:09.187] [main/DEBUG] [mixin/]: Adding mixin platform agents for container SecureJarResource(silentlib)
[18May2025 00:08:09.190] [main/DEBUG] [mixin/]: Instancing new MixinPlatformAgentMinecraftForge for SecureJarResource(silentlib)
[18May2025 00:08:09.190] [main/DEBUG] [mixin/]: MixinPlatformAgentMinecraftForge rejected container SecureJarResource(silentlib)
[18May2025 00:08:09.190] [main/DEBUG] [mixin/]: Instancing new MixinPlatformAgentDefault for SecureJarResource(silentlib)
[18May2025 00:08:09.190] [main/DEBUG] [mixin/]: MixinPlatformAgentDefault accepted container SecureJarResource(silentlib)
[18May2025 00:08:09.191] [main/DEBUG] [mixin/]: Processing prepare() for PlatformAgent[MixinPlatformAgentDefault:SecureJarResource(silentlib)]
[18May2025 00:08:09.191] [main/DEBUG] [mixin/]: Adding mixin platform agents for container SecureJarResource(nochatreports)
[18May2025 00:08:09.191] [main/DEBUG] [mixin/]: Instancing new MixinPlatformAgentMinecraftForge for SecureJarResource(nochatreports)
[18May2025 00:08:09.191] [main/DEBUG] [mixin/]: MixinPlatformAgentMinecraftForge rejected container SecureJarResource(nochatreports)
[18May2025 00:08:09.192] [main/DEBUG] [mixin/]: Instancing new MixinPlatformAgentDefault for SecureJarResource(nochatreports)
[18May2025 00:08:09.192] [main/DEBUG] [mixin/]: MixinPlatformAgentDefault accepted container SecureJarResource(nochatreports)
[18May2025 00:08:09.192] [main/DEBUG] [mixin/]: Processing prepare() for PlatformAgent[MixinPlatformAgentDefault:SecureJarResource(nochatreports)]
[18May2025 00:08:09.192] [main/DEBUG] [mixin/]: Registering mixin config: mixins/common/nochatreports.mixins.json
[18May2025 00:08:09.194] [main/DEBUG] [mixin/]: Registering mixin config: mixins/forge/nochatreports-forge.mixins.json
[18May2025 00:08:09.196] [main/DEBUG] [mixin/]: Adding mixin platform agents for container SecureJarResource(shouldersurfing)
[18May2025 00:08:09.196] [main/DEBUG] [mixin/]: Instancing new MixinPlatformAgentMinecraftForge for SecureJarResource(shouldersurfing)
[18May2025 00:08:09.196] [main/DEBUG] [mixin/]: MixinPlatformAgentMinecraftForge rejected container SecureJarResource(shouldersurfing)
[18May2025 00:08:09.197] [main/DEBUG] [mixin/]: Instancing new MixinPlatformAgentDefault for SecureJarResource(shouldersurfing)
[18May2025 00:08:09.197] [main/DEBUG] [mixin/]: MixinPlatformAgentDefault accepted container SecureJarResource(shouldersurfing)
[18May2025 00:08:09.197] [main/DEBUG] [mixin/]: Processing prepare() for PlatformAgent[MixinPlatformAgentDefault:SecureJarResource(shouldersurfing)]
[18May2025 00:08:09.197] [main/DEBUG] [mixin/]: Registering mixin config: shouldersurfing.common.mixins.json
[18May2025 00:08:09.199] [main/DEBUG] [mixin/]: Registering mixin config: shouldersurfing.common.compat.mixins.json
[18May2025 00:08:09.201] [main/DEBUG] [mixin/]: Registering mixin config: shouldersurfing.forge.mixins.json
[18May2025 00:08:09.202] [main/DEBUG] [mixin/]: Registering mixin config: shouldersurfing.compat.oculus.mixins.json
[18May2025 00:08:09.204] [main/DEBUG] [mixin/]: Adding mixin platform agents for container SecureJarResource(culllessleaves)
[18May2025 00:08:09.204] [main/DEBUG] [mixin/]: Instancing new MixinPlatformAgentMinecraftForge for SecureJarResource(culllessleaves)
[18May2025 00:08:09.204] [main/DEBUG] [mixin/]: MixinPlatformAgentMinecraftForge rejected container SecureJarResource(culllessleaves)
[18May2025 00:08:09.204] [main/DEBUG] [mixin/]: Instancing new MixinPlatformAgentDefault for SecureJarResource(culllessleaves)
[18May2025 00:08:09.204] [main/DEBUG] [mixin/]: MixinPlatformAgentDefault accepted container SecureJarResource(culllessleaves)
[18May2025 00:08:09.204] [main/DEBUG] [mixin/]: Processing prepare() for PlatformAgent[MixinPlatformAgentDefault:SecureJarResource(culllessleaves)]
[18May2025 00:08:09.204] [main/DEBUG] [mixin/]: Registering mixin config: cull-less-leaves.mixins.json
[18May2025 00:08:09.206] [main/DEBUG] [mixin/]: Adding mixin platform agents for container SecureJarResource(creativecore)
[18May2025 00:08:09.206] [main/DEBUG] [mixin/]: Instancing new MixinPlatformAgentMinecraftForge for SecureJarResource(creativecore)
[18May2025 00:08:09.206] [main/DEBUG] [mixin/]: MixinPlatformAgentMinecraftForge rejected container SecureJarResource(creativecore)
[18May2025 00:08:09.206] [main/DEBUG] [mixin/]: Instancing new MixinPlatformAgentDefault for SecureJarResource(creativecore)
[18May2025 00:08:09.207] [main/DEBUG] [mixin/]: MixinPlatformAgentDefault accepted container SecureJarResource(creativecore)
[18May2025 00:08:09.207] [main/DEBUG] [mixin/]: Processing prepare() for PlatformAgent[MixinPlatformAgentDefault:SecureJarResource(creativecore)]
[18May2025 00:08:09.207] [main/DEBUG] [mixin/]: Registering mixin config: creativecore.mixins.json
[18May2025 00:08:09.208] [main/DEBUG] [mixin/]: Registering mixin config: creativecore.forge.mixins.json
[18May2025 00:08:09.210] [main/DEBUG] [mixin/]: Adding mixin platform agents for container SecureJarResource(boatiview)
[18May2025 00:08:09.210] [main/DEBUG] [mixin/]: Instancing new MixinPlatformAgentMinecraftForge for SecureJarResource(boatiview)
[18May2025 00:08:09.210] [main/DEBUG] [mixin/]: MixinPlatformAgentMinecraftForge rejected container SecureJarResource(boatiview)
[18May2025 00:08:09.210] [main/DEBUG] [mixin/]: Instancing new MixinPlatformAgentDefault for SecureJarResource(boatiview)
[18May2025 00:08:09.210] [main/DEBUG] [mixin/]: MixinPlatformAgentDefault accepted container SecureJarResource(boatiview)
[18May2025 00:08:09.210] [main/DEBUG] [mixin/]: Processing prepare() for PlatformAgent[MixinPlatformAgentDefault:SecureJarResource(boatiview)]
[18May2025 00:08:09.210] [main/DEBUG] [mixin/]: Registering mixin config: boatiview.mixins.json
[18May2025 00:08:09.212] [main/DEBUG] [mixin/]: Adding mixin platform agents for container SecureJarResource(servercore)
[18May2025 00:08:09.212] [main/DEBUG] [mixin/]: Instancing new MixinPlatformAgentMinecraftForge for SecureJarResource(servercore)
[18May2025 00:08:09.213] [main/DEBUG] [mixin/]: MixinPlatformAgentMinecraftForge rejected container SecureJarResource(servercore)
[18May2025 00:08:09.213] [main/DEBUG] [mixin/]: Instancing new MixinPlatformAgentDefault for SecureJarResource(servercore)
[18May2025 00:08:09.213] [main/DEBUG] [mixin/]: MixinPlatformAgentDefault accepted container SecureJarResource(servercore)
[18May2025 00:08:09.213] [main/DEBUG] [mixin/]: Processing prepare() for PlatformAgent[MixinPlatformAgentDefault:SecureJarResource(servercore)]
[18May2025 00:08:09.213] [main/DEBUG] [mixin/]: Registering mixin config: servercore.common.mixins.json
[18May2025 00:08:09.216] [main/DEBUG] [mixin/]: Compatibility level JAVA_16 specified by servercore.common.mixins.json is higher than the maximum level supported by this version of mixin (JAVA_13).
[18May2025 00:08:09.217] [main/DEBUG] [mixin/]: Adding mixin platform agents for container SecureJarResource(calio)
[18May2025 00:08:09.217] [main/DEBUG] [mixin/]: Instancing new MixinPlatformAgentMinecraftForge for SecureJarResource(calio)
[18May2025 00:08:09.217] [main/DEBUG] [mixin/]: MixinPlatformAgentMinecraftForge rejected container SecureJarResource(calio)
[18May2025 00:08:09.217] [main/DEBUG] [mixin/]: Instancing new MixinPlatformAgentDefault for SecureJarResource(calio)
[18May2025 00:08:09.217] [main/DEBUG] [mixin/]: MixinPlatformAgentDefault accepted container SecureJarResource(calio)
[18May2025 00:08:09.217] [main/DEBUG] [mixin/]: Processing prepare() for PlatformAgent[MixinPlatformAgentDefault:SecureJarResource(calio)]
[18May2025 00:08:09.217] [main/DEBUG] [mixin/]: Registering mixin config: calio.mixins.json
[18May2025 00:08:09.218] [main/DEBUG] [mixin/]: Adding mixin platform agents for container SecureJarResource(you_died)
[18May2025 00:08:09.219] [main/DEBUG] [mixin/]: Instancing new MixinPlatformAgentMinecraftForge for SecureJarResource(you_died)
[18May2025 00:08:09.219] [main/DEBUG] [mixin/]: MixinPlatformAgentMinecraftForge rejected container SecureJarResource(you_died)
[18May2025 00:08:09.219] [main/DEBUG] [mixin/]: Instancing new MixinPlatformAgentDefault for SecureJarResource(you_died)
[18May2025 00:08:09.219] [main/DEBUG] [mixin/]: MixinPlatformAgentDefault accepted container SecureJarResource(you_died)
[18May2025 00:08:09.221] [main/DEBUG] [mixin/]: Processing prepare() for PlatformAgent[MixinPlatformAgentDefault:SecureJarResource(you_died)]
[18May2025 00:08:09.221] [main/DEBUG] [mixin/]: Adding mixin platform agents for container SecureJarResource(origins)
[18May2025 00:08:09.221] [main/DEBUG] [mixin/]: Instancing new MixinPlatformAgentMinecraftForge for SecureJarResource(origins)
[18May2025 00:08:09.221] [main/DEBUG] [mixin/]: MixinPlatformAgentMinecraftForge rejected container SecureJarResource(origins)
[18May2025 00:08:09.221] [main/DEBUG] [mixin/]: Instancing new MixinPlatformAgentDefault for SecureJarResource(origins)
[18May2025 00:08:09.221] [main/DEBUG] [mixin/]: MixinPlatformAgentDefault accepted container SecureJarResource(origins)
[18May2025 00:08:09.221] [main/DEBUG] [mixin/]: Processing prepare() for PlatformAgent[MixinPlatformAgentDefault:SecureJarResource(origins)]
[18May2025 00:08:09.221] [main/DEBUG] [mixin/]: Registering mixin config: origins.mixins.json
[18May2025 00:08:09.225] [main/DEBUG] [mixin/]: Adding mixin platform agents for container SecureJarResource(searchables)
[18May2025 00:08:09.225] [main/DEBUG] [mixin/]: Instancing new MixinPlatformAgentMinecraftForge for SecureJarResource(searchables)
[18May2025 00:08:09.225] [main/DEBUG] [mixin/]: MixinPlatformAgentMinecraftForge rejected container SecureJarResource(searchables)
[18May2025 00:08:09.225] [main/DEBUG] [mixin/]: Instancing new MixinPlatformAgentDefault for SecureJarResource(searchables)
[18May2025 00:08:09.225] [main/DEBUG] [mixin/]: MixinPlatformAgentDefault accepted container SecureJarResource(searchables)
[18May2025 00:08:09.225] [main/DEBUG] [mixin/]: Processing prepare() for PlatformAgent[MixinPlatformAgentDefault:SecureJarResource(searchables)]
[18May2025 00:08:09.225] [main/DEBUG] [mixin/]: Registering mixin config: searchables.mixins.json
[18May2025 00:08:09.229] [main/DEBUG] [mixin/]: Registering mixin config: searchables.forge.mixins.json
[18May2025 00:08:09.231] [main/DEBUG] [mixin/]: Adding mixin platform agents for container SecureJarResource(tombstone)
[18May2025 00:08:09.232] [main/DEBUG] [mixin/]: Instancing new MixinPlatformAgentMinecraftForge for SecureJarResource(tombstone)
[18May2025 00:08:09.232] [main/DEBUG] [mixin/]: MixinPlatformAgentMinecraftForge rejected container SecureJarResource(tombstone)
[18May2025 00:08:09.232] [main/DEBUG] [mixin/]: Instancing new MixinPlatformAgentDefault for SecureJarResource(tombstone)
[18May2025 00:08:09.232] [main/DEBUG] [mixin/]: MixinPlatformAgentDefault accepted container SecureJarResource(tombstone)
[18May2025 00:08:09.232] [main/DEBUG] [mixin/]: Processing prepare() for PlatformAgent[MixinPlatformAgentDefault:SecureJarResource(tombstone)]
[18May2025 00:08:09.232] [main/DEBUG] [mixin/]: Registering mixin config: tombstone.mixins.json
[18May2025 00:08:09.234] [main/DEBUG] [mixin/]: Adding mixin platform agents for container SecureJarResource(immediatelyfast)
[18May2025 00:08:09.234] [main/DEBUG] [mixin/]: Instancing new MixinPlatformAgentMinecraftForge for SecureJarResource(immediatelyfast)
[18May2025 00:08:09.234] [main/DEBUG] [mixin/]: MixinPlatformAgentMinecraftForge rejected container SecureJarResource(immediatelyfast)
[18May2025 00:08:09.234] [main/DEBUG] [mixin/]: Instancing new MixinPlatformAgentDefault for SecureJarResource(immediatelyfast)
[18May2025 00:08:09.234] [main/DEBUG] [mixin/]: MixinPlatformAgentDefault accepted container SecureJarResource(immediatelyfast)
[18May2025 00:08:09.234] [main/DEBUG] [mixin/]: Processing prepare() for PlatformAgent[MixinPlatformAgentDefault:SecureJarResource(immediatelyfast)]
[18May2025 00:08:09.234] [main/DEBUG] [mixin/]: Registering mixin config: immediatelyfast-forge.mixins.json
[18May2025 00:08:09.238] [main/DEBUG] [mixin/]: Registering mixin config: immediatelyfast-common.mixins.json
[18May2025 00:08:09.240] [main/DEBUG] [mixin/]: Adding mixin platform agents for container SecureJarResource(architectury)
[18May2025 00:08:09.240] [main/DEBUG] [mixin/]: Instancing new MixinPlatformAgentMinecraftForge for SecureJarResource(architectury)
[18May2025 00:08:09.240] [main/DEBUG] [mixin/]: MixinPlatformAgentMinecraftForge rejected container SecureJarResource(architectury)
[18May2025 00:08:09.240] [main/DEBUG] [mixin/]: Instancing new MixinPlatformAgentDefault for SecureJarResource(architectury)
[18May2025 00:08:09.240] [main/DEBUG] [mixin/]: MixinPlatformAgentDefault accepted container SecureJarResource(architectury)
[18May2025 00:08:09.241] [main/DEBUG] [mixin/]: Processing prepare() for PlatformAgent[MixinPlatformAgentDefault:SecureJarResource(architectury)]
[18May2025 00:08:09.241] [main/DEBUG] [mixin/]: Registering mixin config: architectury.mixins.json
[18May2025 00:08:09.244] [main/DEBUG] [mixin/]: Compatibility level JAVA_16 specified by architectury.mixins.json is higher than the maximum level supported by this version of mixin (JAVA_13).
[18May2025 00:08:09.245] [main/DEBUG] [mixin/]: Registering mixin config: architectury-common.mixins.json
[18May2025 00:08:09.246] [main/DEBUG] [mixin/]: Compatibility level JAVA_16 specified by architectury-common.mixins.json is higher than the maximum level supported by this version of mixin (JAVA_13).
[18May2025 00:08:09.246] [main/DEBUG] [mixin/]: Adding mixin platform agents for container SecureJarResource(skin_changer)
[18May2025 00:08:09.247] [main/DEBUG] [mixin/]: Instancing new MixinPlatformAgentMinecraftForge for SecureJarResource(skin_changer)
[18May2025 00:08:09.247] [main/DEBUG] [mixin/]: MixinPlatformAgentMinecraftForge rejected container SecureJarResource(skin_changer)
[18May2025 00:08:09.247] [main/DEBUG] [mixin/]: Instancing new MixinPlatformAgentDefault for SecureJarResource(skin_changer)
[18May2025 00:08:09.247] [main/DEBUG] [mixin/]: MixinPlatformAgentDefault accepted container SecureJarResource(skin_changer)
[18May2025 00:08:09.247] [main/DEBUG] [mixin/]: Processing prepare() for PlatformAgent[MixinPlatformAgentDefault:SecureJarResource(skin_changer)]
[18May2025 00:08:09.247] [main/DEBUG] [mixin/]: Registering mixin config: skin_changer.mixins.json
[18May2025 00:08:09.252] [main/DEBUG] [mixin/]: Adding mixin platform agents for container SecureJarResource(ferritecore)
[18May2025 00:08:09.252] [main/DEBUG] [mixin/]: Instancing new MixinPlatformAgentMinecraftForge for SecureJarResource(ferritecore)
[18May2025 00:08:09.252] [main/DEBUG] [mixin/]: MixinPlatformAgentMinecraftForge rejected container SecureJarResource(ferritecore)
[18May2025 00:08:09.252] [main/DEBUG] [mixin/]: Instancing new MixinPlatformAgentDefault for SecureJarResource(ferritecore)
[18May2025 00:08:09.254] [main/DEBUG] [mixin/]: MixinPlatformAgentDefault accepted container SecureJarResource(ferritecore)
[18May2025 00:08:09.254] [main/DEBUG] [mixin/]: Processing prepare() for PlatformAgent[MixinPlatformAgentDefault:SecureJarResource(ferritecore)]
[18May2025 00:08:09.254] [main/DEBUG] [mixin/]: Registering mixin config: ferritecore.predicates.mixin.json
[18May2025 00:08:09.256] [main/DEBUG] [mixin/]: Registering mixin config: ferritecore.fastmap.mixin.json
[18May2025 00:08:09.258] [main/DEBUG] [mixin/]: Registering mixin config: ferritecore.mrl.mixin.json
[18May2025 00:08:09.262] [main/DEBUG] [mixin/]: Registering mixin config: ferritecore.dedupmultipart.mixin.json
[18May2025 00:08:09.263] [main/DEBUG] [mixin/]: Registering mixin config: ferritecore.blockstatecache.mixin.json
[18May2025 00:08:09.269] [main/DEBUG] [mixin/]: Registering mixin config: ferritecore.dedupbakedquad.mixin.json
[18May2025 00:08:09.271] [main/DEBUG] [mixin/]: Registering mixin config: ferritecore.threaddetec.mixin.json
[18May2025 00:08:09.272] [main/DEBUG] [mixin/]: Registering mixin config: ferritecore.modelsides.mixin.json
[18May2025 00:08:09.274] [main/DEBUG] [mixin/]: Adding mixin platform agents for container SecureJarResource(embeddium_extra)
[18May2025 00:08:09.274] [main/DEBUG] [mixin/]: Instancing new MixinPlatformAgentMinecraftForge for SecureJarResource(embeddium_extra)
[18May2025 00:08:09.274] [main/DEBUG] [mixin/]: MixinPlatformAgentMinecraftForge rejected container SecureJarResource(embeddium_extra)
[18May2025 00:08:09.274] [main/DEBUG] [mixin/]: Instancing new MixinPlatformAgentDefault for SecureJarResource(embeddium_extra)
[18May2025 00:08:09.274] [main/DEBUG] [mixin/]: MixinPlatformAgentDefault accepted container SecureJarResource(embeddium_extra)
[18May2025 00:08:09.274] [main/DEBUG] [mixin/]: Processing prepare() for PlatformAgent[MixinPlatformAgentDefault:SecureJarResource(embeddium_extra)]
[18May2025 00:08:09.274] [main/DEBUG] [mixin/]: Registering mixin config: sodium-extra.mixins.json
[18May2025 00:08:09.276] [main/DEBUG] [mixin/]: Adding mixin platform agents for container SecureJarResource(cupboard)
[18May2025 00:08:09.276] [main/DEBUG] [mixin/]: Instancing new MixinPlatformAgentMinecraftForge for SecureJarResource(cupboard)
[18May2025 00:08:09.276] [main/DEBUG] [mixin/]: MixinPlatformAgentMinecraftForge rejected container SecureJarResource(cupboard)
[18May2025 00:08:09.276] [main/DEBUG] [mixin/]: Instancing new MixinPlatformAgentDefault for SecureJarResource(cupboard)
[18May2025 00:08:09.276] [main/DEBUG] [mixin/]: MixinPlatformAgentDefault accepted container SecureJarResource(cupboard)
[18May2025 00:08:09.276] [main/DEBUG] [mixin/]: Processing prepare() for PlatformAgent[MixinPlatformAgentDefault:SecureJarResource(cupboard)]
[18May2025 00:08:09.276] [main/DEBUG] [mixin/]: Registering mixin config: cupboard.mixins.json
[18May2025 00:08:09.277] [main/DEBUG] [mixin/]: Adding mixin platform agents for container SecureJarResource(rrls)
[18May2025 00:08:09.278] [main/DEBUG] [mixin/]: Instancing new MixinPlatformAgentMinecraftForge for SecureJarResource(rrls)
[18May2025 00:08:09.278] [main/DEBUG] [mixin/]: MixinPlatformAgentMinecraftForge rejected container SecureJarResource(rrls)
[18May2025 00:08:09.278] [main/DEBUG] [mixin/]: Instancing new MixinPlatformAgentDefault for SecureJarResource(rrls)
[18May2025 00:08:09.278] [main/DEBUG] [mixin/]: MixinPlatformAgentDefault accepted container SecureJarResource(rrls)
[18May2025 00:08:09.278] [main/DEBUG] [mixin/]: Processing prepare() for PlatformAgent[MixinPlatformAgentDefault:SecureJarResource(rrls)]
[18May2025 00:08:09.278] [main/DEBUG] [mixin/]: Registering mixin config: rrls-forge.mixins.json
[18May2025 00:08:09.279] [main/DEBUG] [mixin/]: Registering mixin config: rrls.mixins.json
[18May2025 00:08:09.282] [main/DEBUG] [mixin/]: Adding mixin platform agents for container SecureJarResource(scalinghealth)
[18May2025 00:08:09.282] [main/DEBUG] [mixin/]: Instancing new MixinPlatformAgentMinecraftForge for SecureJarResource(scalinghealth)
[18May2025 00:08:09.282] [main/DEBUG] [mixin/]: MixinPlatformAgentMinecraftForge rejected container SecureJarResource(scalinghealth)
[18May2025 00:08:09.282] [main/DEBUG] [mixin/]: Instancing new MixinPlatformAgentDefault for SecureJarResource(scalinghealth)
[18May2025 00:08:09.282] [main/DEBUG] [mixin/]: MixinPlatformAgentDefault accepted container SecureJarResource(scalinghealth)
[18May2025 00:08:09.282] [main/DEBUG] [mixin/]: Processing prepare() for PlatformAgent[MixinPlatformAgentDefault:SecureJarResource(scalinghealth)]
[18May2025 00:08:09.282] [main/DEBUG] [mixin/]: Adding mixin platform agents for container SecureJarResource(forge)
[18May2025 00:08:09.282] [main/DEBUG] [mixin/]: Instancing new MixinPlatformAgentMinecraftForge for SecureJarResource(forge)
[18May2025 00:08:09.282] [main/DEBUG] [mixin/]: MixinPlatformAgentMinecraftForge rejected container SecureJarResource(forge)
[18May2025 00:08:09.282] [main/DEBUG] [mixin/]: Instancing new MixinPlatformAgentDefault for SecureJarResource(forge)
[18May2025 00:08:09.282] [main/DEBUG] [mixin/]: MixinPlatformAgentDefault accepted container SecureJarResource(forge)
[18May2025 00:08:09.282] [main/DEBUG] [mixin/]: Processing prepare() for PlatformAgent[MixinPlatformAgentDefault:SecureJarResource(forge)]
[18May2025 00:08:09.282] [main/DEBUG] [mixin/]: Adding mixin platform agents for container SecureJarResource(yeetusexperimentus)
[18May2025 00:08:09.282] [main/DEBUG] [mixin/]: Instancing new MixinPlatformAgentMinecraftForge for SecureJarResource(yeetusexperimentus)
[18May2025 00:08:09.282] [main/DEBUG] [mixin/]: MixinPlatformAgentMinecraftForge rejected container SecureJarResource(yeetusexperimentus)
[18May2025 00:08:09.282] [main/DEBUG] [mixin/]: Instancing new MixinPlatformAgentDefault for SecureJarResource(yeetusexperimentus)
[18May2025 00:08:09.282] [main/DEBUG] [mixin/]: MixinPlatformAgentDefault accepted container SecureJarResource(yeetusexperimentus)
[18May2025 00:08:09.282] [main/DEBUG] [mixin/]: Processing prepare() for PlatformAgent[MixinPlatformAgentDefault:SecureJarResource(yeetusexperimentus)]
[18May2025 00:08:09.282] [main/DEBUG] [mixin/]: Registering mixin config: yeetusexperimentus.mixins.json
[18May2025 00:08:09.283] [main/DEBUG] [mixin/]: Adding mixin platform agents for container SecureJarResource(majruszlibrary)
[18May2025 00:08:09.283] [main/DEBUG] [mixin/]: Instancing new MixinPlatformAgentMinecraftForge for SecureJarResource(majruszlibrary)
[18May2025 00:08:09.283] [main/DEBUG] [mixin/]: MixinPlatformAgentMinecraftForge rejected container SecureJarResource(majruszlibrary)
[18May2025 00:08:09.283] [main/DEBUG] [mixin/]: Instancing new MixinPlatformAgentDefault for SecureJarResource(majruszlibrary)
[18May2025 00:08:09.284] [main/DEBUG] [mixin/]: MixinPlatformAgentDefault accepted container SecureJarResource(majruszlibrary)
[18May2025 00:08:09.284] [main/DEBUG] [mixin/]: Processing prepare() for PlatformAgent[MixinPlatformAgentDefault:SecureJarResource(majruszlibrary)]
[18May2025 00:08:09.284] [main/DEBUG] [mixin/]: Registering mixin config: majruszlibrary-common.mixins.json
[18May2025 00:08:09.285] [main/DEBUG] [mixin/]: Registering mixin config: majruszlibrary-forge.mixins.json
[18May2025 00:08:09.287] [main/DEBUG] [mixin/]: Adding mixin platform agents for container SecureJarResource(NanoLiveConfig)
[18May2025 00:08:09.287] [main/DEBUG] [mixin/]: Instancing new MixinPlatformAgentMinecraftForge for SecureJarResource(NanoLiveConfig)
[18May2025 00:08:09.287] [main/DEBUG] [mixin/]: MixinPlatformAgentMinecraftForge rejected container SecureJarResource(NanoLiveConfig)
[18May2025 00:08:09.287] [main/DEBUG] [mixin/]: Instancing new MixinPlatformAgentDefault for SecureJarResource(NanoLiveConfig)
[18May2025 00:08:09.287] [main/DEBUG] [mixin/]: MixinPlatformAgentDefault accepted container SecureJarResource(NanoLiveConfig)
[18May2025 00:08:09.287] [main/DEBUG] [mixin/]: Processing prepare() for PlatformAgent[MixinPlatformAgentDefault:SecureJarResource(NanoLiveConfig)]
[18May2025 00:08:09.287] [main/DEBUG] [mixin/]: Adding mixin platform agents for container SecureJarResource(space.arim.dazzleconf)
[18May2025 00:08:09.287] [main/DEBUG] [mixin/]: Instancing new MixinPlatformAgentMinecraftForge for SecureJarResource(space.arim.dazzleconf)
[18May2025 00:08:09.287] [main/DEBUG] [mixin/]: MixinPlatformAgentMinecraftForge rejected container SecureJarResource(space.arim.dazzleconf)
[18May2025 00:08:09.287] [main/DEBUG] [mixin/]: Instancing new MixinPlatformAgentDefault for SecureJarResource(space.arim.dazzleconf)
[18May2025 00:08:09.287] [main/DEBUG] [mixin/]: MixinPlatformAgentDefault accepted container SecureJarResource(space.arim.dazzleconf)
[18May2025 00:08:09.287] [main/DEBUG] [mixin/]: Processing prepare() for PlatformAgent[MixinPlatformAgentDefault:SecureJarResource(space.arim.dazzleconf)]
[18May2025 00:08:09.287] [main/DEBUG] [mixin/]: Adding mixin platform agents for container SecureJarResource(org.yaml.snakeyaml)
[18May2025 00:08:09.287] [main/DEBUG] [mixin/]: Instancing new MixinPlatformAgentMinecraftForge for SecureJarResource(org.yaml.snakeyaml)
[18May2025 00:08:09.287] [main/DEBUG] [mixin/]: MixinPlatformAgentMinecraftForge rejected container SecureJarResource(org.yaml.snakeyaml)
[18May2025 00:08:09.287] [main/DEBUG] [mixin/]: Instancing new MixinPlatformAgentDefault for SecureJarResource(org.yaml.snakeyaml)
[18May2025 00:08:09.287] [main/DEBUG] [mixin/]: MixinPlatformAgentDefault accepted container SecureJarResource(org.yaml.snakeyaml)
[18May2025 00:08:09.287] [main/DEBUG] [mixin/]: Processing prepare() for PlatformAgent[MixinPlatformAgentDefault:SecureJarResource(org.yaml.snakeyaml)]
[18May2025 00:08:09.287] [main/DEBUG] [mixin/]: Adding mixin platform agents for container SecureJarResource(space.arim.dazzleconf.ext.snakeyaml)
[18May2025 00:08:09.287] [main/DEBUG] [mixin/]: Instancing new MixinPlatformAgentMinecraftForge for SecureJarResource(space.arim.dazzleconf.ext.snakeyaml)
[18May2025 00:08:09.287] [main/DEBUG] [mixin/]: MixinPlatformAgentMinecraftForge rejected container SecureJarResource(space.arim.dazzleconf.ext.snakeyaml)
[18May2025 00:08:09.287] [main/DEBUG] [mixin/]: Instancing new MixinPlatformAgentDefault for SecureJarResource(space.arim.dazzleconf.ext.snakeyaml)
[18May2025 00:08:09.288] [main/DEBUG] [mixin/]: MixinPlatformAgentDefault accepted container SecureJarResource(space.arim.dazzleconf.ext.snakeyaml)
[18May2025 00:08:09.288] [main/DEBUG] [mixin/]: Processing prepare() for PlatformAgent[MixinPlatformAgentDefault:SecureJarResource(space.arim.dazzleconf.ext.snakeyaml)]
[18May2025 00:08:09.288] [main/DEBUG] [mixin/]: Adding mixin platform agents for container SecureJarResource(MixinExtras)
[18May2025 00:08:09.288] [main/DEBUG] [mixin/]: Instancing new MixinPlatformAgentMinecraftForge for SecureJarResource(MixinExtras)
[18May2025 00:08:09.288] [main/DEBUG] [mixin/]: MixinPlatformAgentMinecraftForge rejected container SecureJarResource(MixinExtras)
[18May2025 00:08:09.288] [main/DEBUG] [mixin/]: Instancing new MixinPlatformAgentDefault for SecureJarResource(MixinExtras)
[18May2025 00:08:09.288] [main/DEBUG] [mixin/]: MixinPlatformAgentDefault accepted container SecureJarResource(MixinExtras)
[18May2025 00:08:09.288] [main/DEBUG] [mixin/]: Processing prepare() for PlatformAgent[MixinPlatformAgentDefault:SecureJarResource(MixinExtras)]
[18May2025 00:08:09.288] [main/DEBUG] [mixin/]: Adding mixin platform agents for container SecureJarResource(org.jctools.core)
[18May2025 00:08:09.288] [main/DEBUG] [mixin/]: Instancing new MixinPlatformAgentMinecraftForge for SecureJarResource(org.jctools.core)
[18May2025 00:08:09.288] [main/DEBUG] [mixin/]: MixinPlatformAgentMinecraftForge rejected container SecureJarResource(org.jctools.core)
[18May2025 00:08:09.288] [main/DEBUG] [mixin/]: Instancing new MixinPlatformAgentDefault for SecureJarResource(org.jctools.core)
[18May2025 00:08:09.288] [main/DEBUG] [mixin/]: MixinPlatformAgentDefault accepted container SecureJarResource(org.jctools.core)
[18May2025 00:08:09.288] [main/DEBUG] [mixin/]: Processing prepare() for PlatformAgent[MixinPlatformAgentDefault:SecureJarResource(org.jctools.core)]
[18May2025 00:08:09.288] [main/DEBUG] [mixin/]: Adding mixin platform agents for container SecureJarResource(Reflect)
[18May2025 00:08:09.288] [main/DEBUG] [mixin/]: Instancing new MixinPlatformAgentMinecraftForge for SecureJarResource(Reflect)
[18May2025 00:08:09.288] [main/DEBUG] [mixin/]: MixinPlatformAgentMinecraftForge rejected container SecureJarResource(Reflect)
[18May2025 00:08:09.288] [main/DEBUG] [mixin/]: Instancing new MixinPlatformAgentDefault for SecureJarResource(Reflect)
[18May2025 00:08:09.288] [main/DEBUG] [mixin/]: MixinPlatformAgentDefault accepted container SecureJarResource(Reflect)
[18May2025 00:08:09.288] [main/DEBUG] [mixin/]: Processing prepare() for PlatformAgent[MixinPlatformAgentDefault:SecureJarResource(Reflect)]
[18May2025 00:08:09.288] [main/DEBUG] [mixin/]: inject() running with 66 agents
[18May2025 00:08:09.288] [main/DEBUG] [mixin/]: Processing inject() for PlatformAgent[MixinPlatformAgentDefault:ModLauncher Root Container(ModLauncher:4f56a0a2)]
[18May2025 00:08:09.288] [main/DEBUG] [mixin/]: Processing inject() for PlatformAgent[MixinPlatformAgentDefault:SecureJarResource(dynamiclightsreforged)]
[18May2025 00:08:09.288] [main/DEBUG] [mixin/]: Processing inject() for PlatformAgent[MixinPlatformAgentDefault:SecureJarResource(radium)]
[18May2025 00:08:09.289] [main/DEBUG] [mixin/]: Processing inject() for PlatformAgent[MixinPlatformAgentDefault:SecureJarResource(kuma_api)]
[18May2025 00:08:09.289] [main/DEBUG] [mixin/]: Processing inject() for PlatformAgent[MixinPlatformAgentDefault:SecureJarResource(blue_skies)]
[18May2025 00:08:09.289] [main/DEBUG] [mixin/]: Processing inject() for PlatformAgent[MixinPlatformAgentDefault:SecureJarResource(netherportalfix)]
[18May2025 00:08:09.289] [main/DEBUG] [mixin/]: Processing inject() for PlatformAgent[MixinPlatformAgentDefault:SecureJarResource(additionalentityattributes)]
[18May2025 00:08:09.289] [main/DEBUG] [mixin/]: Processing inject() for PlatformAgent[MixinPlatformAgentDefault:SecureJarResource(playeranimator)]
[18May2025 00:08:09.289] [main/DEBUG] [mixin/]: Processing inject() for PlatformAgent[MixinPlatformAgentDefault:SecureJarResource(rpghud)]
[18May2025 00:08:09.289] [main/DEBUG] [mixin/]: Processing inject() for PlatformAgent[MixinPlatformAgentDefault:SecureJarResource(majruszsdifficulty)]
[18May2025 00:08:09.289] [main/DEBUG] [mixin/]: Processing inject() for PlatformAgent[MixinPlatformAgentDefault:SecureJarResource(connectivity)]
[18May2025 00:08:09.289] [main/DEBUG] [mixin/]: Processing inject() for PlatformAgent[MixinPlatformAgentDefault:SecureJarResource(caelus)]
[18May2025 00:08:09.289] [main/DEBUG] [mixin/]: Processing inject() for PlatformAgent[MixinPlatformAgentDefault:SecureJarResource(apoli)]
[18May2025 00:08:09.289] [main/DEBUG] [mixin/]: Processing inject() for PlatformAgent[MixinPlatformAgentDefault:SecureJarResource(controlling)]
[18May2025 00:08:09.289] [main/DEBUG] [mixin/]: Processing inject() for PlatformAgent[MixinPlatformAgentDefault:SecureJarResource(modernfix)]
[18May2025 00:08:09.289] [main/DEBUG] [mixin/]: Processing inject() for PlatformAgent[MixinPlatformAgentDefault:SecureJarResource(jei)]
[18May2025 00:08:09.289] [main/DEBUG] [mixin/]: Processing inject() for PlatformAgent[MixinPlatformAgentDefault:SecureJarResource(mixinextras)]
[18May2025 00:08:09.289] [main/DEBUG] [mixin/]: Processing inject() for PlatformAgent[MixinPlatformAgentDefault:SecureJarResource(clickadv)]
[18May2025 00:08:09.289] [main/DEBUG] [mixin/]: Processing inject() for PlatformAgent[MixinPlatformAgentDefault:SecureJarResource(farsight_view)]
[18May2025 00:08:09.289] [main/DEBUG] [mixin/]: Processing inject() for PlatformAgent[MixinPlatformAgentDefault:SecureJarResource(balm)]
[18May2025 00:08:09.289] [main/DEBUG] [mixin/]: Processing inject() for PlatformAgent[MixinPlatformAgentDefault:SecureJarResource(fusion)]
[18May2025 00:08:09.289] [main/DEBUG] [mixin/]: Processing inject() for PlatformAgent[MixinPlatformAgentDefault:SecureJarResource(fpsreducer)]
[18May2025 00:08:09.289] [main/DEBUG] [mixin/]: Processing inject() for PlatformAgent[MixinPlatformAgentDefault:SecureJarResource(cloth_config)]
[18May2025 00:08:09.289] [main/DEBUG] [mixin/]: Processing inject() for PlatformAgent[MixinPlatformAgentDefault:SecureJarResource(twilightforest)]
[18May2025 00:08:09.289] [main/DEBUG] [mixin/]: Processing inject() for PlatformAgent[MixinPlatformAgentDefault:SecureJarResource(embeddium)]
[18May2025 00:08:09.289] [main/DEBUG] [mixin/]: Processing inject() for PlatformAgent[MixinPlatformAgentDefault:SecureJarResource(embeddiumplus)]
[18May2025 00:08:09.289] [main/DEBUG] [mixin/]: Processing inject() for PlatformAgent[MixinPlatformAgentDefault:SecureJarResource(logbegone)]
[18May2025 00:08:09.289] [main/DEBUG] [mixin/]: Processing inject() for PlatformAgent[MixinPlatformAgentDefault:SecureJarResource(structure_gel)]
[18May2025 00:08:09.289] [main/DEBUG] [mixin/]: Processing inject() for PlatformAgent[MixinPlatformAgentDefault:SecureJarResource(dungeons_arise)]
[18May2025 00:08:09.289] [main/DEBUG] [mixin/]: Processing inject() for PlatformAgent[MixinPlatformAgentDefault:SecureJarResource(minecraft)]
[18May2025 00:08:09.289] [main/DEBUG] [mixin/]: Processing inject() for PlatformAgent[MixinPlatformAgentDefault:SecureJarResource(smoothchunk)]
[18May2025 00:08:09.290] [main/DEBUG] [mixin/]: Processing inject() for PlatformAgent[MixinPlatformAgentDefault:SecureJarResource(okzoomer)]
[18May2025 00:08:09.290] [main/DEBUG] [mixin/]: Processing inject() for PlatformAgent[MixinPlatformAgentDefault:SecureJarResource(better_weaponry)]
[18May2025 00:08:09.290] [main/DEBUG] [mixin/]: Processing inject() for PlatformAgent[MixinPlatformAgentDefault:SecureJarResource(ambientsounds)]
[18May2025 00:08:09.290] [main/DEBUG] [mixin/]: Processing inject() for PlatformAgent[MixinPlatformAgentDefault:SecureJarResource(mousetweaks)]
[18May2025 00:08:09.290] [main/DEBUG] [mixin/]: Processing inject() for PlatformAgent[MixinPlatformAgentDefault:SecureJarResource(bettercombat)]
[18May2025 00:08:09.290] [main/DEBUG] [mixin/]: Processing inject() for PlatformAgent[MixinPlatformAgentDefault:SecureJarResource(silentlib)]
[18May2025 00:08:09.290] [main/DEBUG] [mixin/]: Processing inject() for PlatformAgent[MixinPlatformAgentDefault:SecureJarResource(nochatreports)]
[18May2025 00:08:09.290] [main/DEBUG] [mixin/]: Processing inject() for PlatformAgent[MixinPlatformAgentDefault:SecureJarResource(shouldersurfing)]
[18May2025 00:08:09.290] [main/DEBUG] [mixin/]: Processing inject() for PlatformAgent[MixinPlatformAgentDefault:SecureJarResource(culllessleaves)]
[18May2025 00:08:09.290] [main/DEBUG] [mixin/]: Processing inject() for PlatformAgent[MixinPlatformAgentDefault:SecureJarResource(creativecore)]
[18May2025 00:08:09.290] [main/DEBUG] [mixin/]: Processing inject() for PlatformAgent[MixinPlatformAgentDefault:SecureJarResource(boatiview)]
[18May2025 00:08:09.290] [main/DEBUG] [mixin/]: Processing inject() for PlatformAgent[MixinPlatformAgentDefault:SecureJarResource(servercore)]
[18May2025 00:08:09.290] [main/DEBUG] [mixin/]: Processing inject() for PlatformAgent[MixinPlatformAgentDefault:SecureJarResource(calio)]
[18May2025 00:08:09.290] [main/DEBUG] [mixin/]: Processing inject() for PlatformAgent[MixinPlatformAgentDefault:SecureJarResource(you_died)]
[18May2025 00:08:09.290] [main/DEBUG] [mixin/]: Processing inject() for PlatformAgent[MixinPlatformAgentDefault:SecureJarResource(origins)]
[18May2025 00:08:09.290] [main/DEBUG] [mixin/]: Processing inject() for PlatformAgent[MixinPlatformAgentDefault:SecureJarResource(searchables)]
[18May2025 00:08:09.290] [main/DEBUG] [mixin/]: Processing inject() for PlatformAgent[MixinPlatformAgentDefault:SecureJarResource(tombstone)]
[18May2025 00:08:09.290] [main/DEBUG] [mixin/]: Processing inject() for PlatformAgent[MixinPlatformAgentDefault:SecureJarResource(immediatelyfast)]
[18May2025 00:08:09.290] [main/DEBUG] [mixin/]: Processing inject() for PlatformAgent[MixinPlatformAgentDefault:SecureJarResource(architectury)]
[18May2025 00:08:09.290] [main/DEBUG] [mixin/]: Processing inject() for PlatformAgent[MixinPlatformAgentDefault:SecureJarResource(skin_changer)]
[18May2025 00:08:09.290] [main/DEBUG] [mixin/]: Processing inject() for PlatformAgent[MixinPlatformAgentDefault:SecureJarResource(ferritecore)]
[18May2025 00:08:09.290] [main/DEBUG] [mixin/]: Processing inject() for PlatformAgent[MixinPlatformAgentDefault:SecureJarResource(embeddium_extra)]
[18May2025 00:08:09.290] [main/DEBUG] [mixin/]: Processing inject() for PlatformAgent[MixinPlatformAgentDefault:SecureJarResource(cupboard)]
[18May2025 00:08:09.290] [main/DEBUG] [mixin/]: Processing inject() for PlatformAgent[MixinPlatformAgentDefault:SecureJarResource(rrls)]
[18May2025 00:08:09.290] [main/DEBUG] [mixin/]: Processing inject() for PlatformAgent[MixinPlatformAgentDefault:SecureJarResource(scalinghealth)]
[18May2025 00:08:09.290] [main/DEBUG] [mixin/]: Processing inject() for PlatformAgent[MixinPlatformAgentDefault:SecureJarResource(forge)]
[18May2025 00:08:09.290] [main/DEBUG] [mixin/]: Processing inject() for PlatformAgent[MixinPlatformAgentDefault:SecureJarResource(yeetusexperimentus)]
[18May2025 00:08:09.290] [main/DEBUG] [mixin/]: Processing inject() for PlatformAgent[MixinPlatformAgentDefault:SecureJarResource(majruszlibrary)]
[18May2025 00:08:09.290] [main/DEBUG] [mixin/]: Processing inject() for PlatformAgent[MixinPlatformAgentDefault:SecureJarResource(NanoLiveConfig)]
[18May2025 00:08:09.290] [main/DEBUG] [mixin/]: Processing inject() for PlatformAgent[MixinPlatformAgentDefault:SecureJarResource(space.arim.dazzleconf)]
[18May2025 00:08:09.291] [main/DEBUG] [mixin/]: Processing inject() for PlatformAgent[MixinPlatformAgentDefault:SecureJarResource(org.yaml.snakeyaml)]
[18May2025 00:08:09.291] [main/DEBUG] [mixin/]: Processing inject() for PlatformAgent[MixinPlatformAgentDefault:SecureJarResource(space.arim.dazzleconf.ext.snakeyaml)]
[18May2025 00:08:09.291] [main/DEBUG] [mixin/]: Processing inject() for PlatformAgent[MixinPlatformAgentDefault:SecureJarResource(MixinExtras)]
[18May2025 00:08:09.291] [main/DEBUG] [mixin/]: Processing inject() for PlatformAgent[MixinPlatformAgentDefault:SecureJarResource(org.jctools.core)]
[18May2025 00:08:09.291] [main/DEBUG] [mixin/]: Processing inject() for PlatformAgent[MixinPlatformAgentDefault:SecureJarResource(Reflect)]
[18May2025 00:08:09.291] [main/INFO] [cpw.mods.modlauncher.LaunchServiceHandler/MODLAUNCHER]: Launching target 'forgeserver' with arguments [nogui]
[18May2025 00:08:09.320] [main/DEBUG] [mixin/]: Error cleaning class output directory: .mixin.out
[18May2025 00:08:09.321] [main/DEBUG] [mixin/]: Preparing mixins for MixinEnvironment[DEFAULT]
[18May2025 00:08:09.321] [main/DEBUG] [mixin/]: Selecting config dynamiclightsreforged.mixins.json
[18May2025 00:08:09.332] [main/DEBUG] [mixin/]: Selecting config lithium.mixins.json
[18May2025 00:08:09.379] [main/INFO] [Radium Config/]: Loaded configuration file for Radium: 125 options available, 1 override(s) found
[18May2025 00:08:09.387] [main/DEBUG] [mixin/]: Selecting config kuma_api.mixins.json
[18May2025 00:08:09.389] [main/DEBUG] [mixin/]: Selecting config kuma_api.forge.mixins.json
[18May2025 00:08:09.390] [main/DEBUG] [mixin/]: Selecting config blue_skies.mixins.json
[18May2025 00:08:09.392] [main/DEBUG] [mixin/]: Selecting config netherportalfix.mixins.json
[18May2025 00:08:09.393] [main/DEBUG] [mixin/]: Selecting config additionalentityattributes.mixins.json
[18May2025 00:08:09.395] [main/DEBUG] [mixin/]: Selecting config playerAnimator-common.mixins.json
[18May2025 00:08:09.397] [main/DEBUG] [mixin/]: Selecting config majruszsdifficulty-common.mixins.json
[18May2025 00:08:09.399] [main/DEBUG] [mixin/]: Selecting config majruszsdifficulty-forge.mixins.json
[18May2025 00:08:09.399] [main/DEBUG] [mixin/]: Selecting config connectivity.mixins.json
[18May2025 00:08:09.402] [main/DEBUG] [mixin/]: Selecting config caelus.mixins.json
[18May2025 00:08:09.404] [main/DEBUG] [mixin/]: Selecting config apoli.mixins.json
[18May2025 00:08:09.408] [main/DEBUG] [mixin/]: Selecting config controlling.mixins.json
[18May2025 00:08:09.409] [main/DEBUG] [mixin/]: Selecting config controlling.forge.mixins.json
[18May2025 00:08:09.409] [main/DEBUG] [mixin/]: Selecting config modernfix-common.mixins.json
[18May2025 00:08:09.488] [main/INFO] [ModernFix/]: Loaded configuration file for ModernFix 5.19.1+mc1.20.1: 84 options available, 0 override(s) found
[18May2025 00:08:09.489] [main/INFO] [ModernFix/]: Applying Nashorn fix
[18May2025 00:08:09.505] [main/INFO] [ModernFix/]: Applied Forge config corruption patch
[18May2025 00:08:09.511] [main/DEBUG] [mixin/]: Selecting config modernfix-forge.mixins.json
[18May2025 00:08:09.513] [main/DEBUG] [mixin/]: Selecting config mixinextras.init.mixins.json
[18May2025 00:08:09.540] [main/DEBUG] [MixinExtras|Service/]: com.llamalad7.mixinextras.service.MixinExtrasServiceImpl(version=0.3.6) is taking over from null
[18May2025 00:08:09.568] [main/DEBUG] [mixin/]: Registering new injector for @Inject with org.spongepowered.asm.mixin.injection.struct.CallbackInjectionInfo
[18May2025 00:08:09.570] [main/DEBUG] [mixin/]: Registering new injector for @ModifyArg with org.spongepowered.asm.mixin.injection.struct.ModifyArgInjectionInfo
[18May2025 00:08:09.572] [main/DEBUG] [mixin/]: Registering new injector for @ModifyArgs with org.spongepowered.asm.mixin.injection.struct.ModifyArgsInjectionInfo
[18May2025 00:08:09.573] [main/DEBUG] [mixin/]: Registering new injector for @Redirect with org.spongepowered.asm.mixin.injection.struct.RedirectInjectionInfo
[18May2025 00:08:09.578] [main/DEBUG] [mixin/]: Registering new injector for @ModifyVariable with org.spongepowered.asm.mixin.injection.struct.ModifyVariableInjectionInfo
[18May2025 00:08:09.580] [main/DEBUG] [mixin/]: Registering new injector for @ModifyConstant with org.spongepowered.asm.mixin.injection.struct.ModifyConstantInjectionInfo
[18May2025 00:08:09.590] [main/DEBUG] [mixin/]: Selecting config clickadv.mixins.json
[18May2025 00:08:09.593] [main/DEBUG] [mixin/]: Selecting config farsight.mixins.json
[18May2025 00:08:09.595] [main/DEBUG] [mixin/]: Selecting config balm.mixins.json
[18May2025 00:08:09.597] [main/DEBUG] [mixin/]: Selecting config fusion.mixins.json
[18May2025 00:08:09.599] [main/DEBUG] [mixin/]: Selecting config fpsreducer.mixins.json
[18May2025 00:08:09.603] [main/INFO] [fpsreducer/]: OptiFine was NOT detected.
[18May2025 00:08:09.606] [main/INFO] [fpsreducer/]: OptiFabric was NOT detected.
[18May2025 00:08:09.608] [main/DEBUG] [mixin/]: Selecting config embeddium.mixins.json
[18May2025 00:08:09.615] [main/INFO] [Embeddium/]: Loaded configuration file for Embeddium: 103 options available, 0 override(s) found
[18May2025 00:08:09.623] [main/DEBUG] [mixin/]: Selecting config embeddiumplus.mixin.json
[18May2025 00:08:09.626] [main/DEBUG] [mixin/]: Selecting config structure_gel.mixins.json
[18May2025 00:08:09.632] [main/DEBUG] [mixin/]: Selecting config smoothchunk.mixins.json
[18May2025 00:08:09.635] [main/DEBUG] [mixin/]: Selecting config okzoomer.mixins.json
[18May2025 00:08:09.639] [main/DEBUG] [mixin/]: Registering new injector for @ModifyExpressionValue with com.matyrobbrt.okzoomer.shade.com.llamalad7.mixinextras.injector.ModifyExpressionValueInjectionInfo
[18May2025 00:08:09.641] [main/DEBUG] [mixin/]: Registering new injector for @ModifyReceiver with com.matyrobbrt.okzoomer.shade.com.llamalad7.mixinextras.injector.ModifyReceiverInjectionInfo
[18May2025 00:08:09.643] [main/DEBUG] [mixin/]: Registering new injector for @ModifyReturnValue with com.matyrobbrt.okzoomer.shade.com.llamalad7.mixinextras.injector.ModifyReturnValueInjectionInfo
[18May2025 00:08:09.646] [main/DEBUG] [mixin/]: Registering new injector for @WrapWithCondition with com.matyrobbrt.okzoomer.shade.com.llamalad7.mixinextras.injector.WrapWithConditionInjectionInfo
[18May2025 00:08:09.648] [main/DEBUG] [mixin/]: Selecting config ambientsounds.mixins.json
[18May2025 00:08:09.649] [main/DEBUG] [mixin/]: Selecting config mousetweaks.mixins.json
[18May2025 00:08:09.651] [main/DEBUG] [mixin/]: Selecting config bettercombat.mixins.json
[18May2025 00:08:09.660] [main/DEBUG] [mixin/]: Selecting config mixins/common/nochatreports.mixins.json
[18May2025 00:08:09.662] [main/DEBUG] [mixin/]: Selecting config mixins/forge/nochatreports-forge.mixins.json
[18May2025 00:08:09.664] [main/DEBUG] [mixin/]: Selecting config shouldersurfing.common.mixins.json
[18May2025 00:08:09.666] [main/DEBUG] [mixin/]: Selecting config shouldersurfing.common.compat.mixins.json
[18May2025 00:08:09.669] [main/DEBUG] [mixin/]: Selecting config shouldersurfing.forge.mixins.json
[18May2025 00:08:09.671] [main/DEBUG] [mixin/]: Selecting config shouldersurfing.compat.oculus.mixins.json
[18May2025 00:08:09.675] [main/DEBUG] [mixin/]: Selecting config cull-less-leaves.mixins.json
[18May2025 00:08:09.677] [main/DEBUG] [mixin/]: Selecting config creativecore.mixins.json
[18May2025 00:08:09.680] [main/DEBUG] [mixin/]: Selecting config creativecore.forge.mixins.json
[18May2025 00:08:09.682] [main/DEBUG] [mixin/]: Selecting config boatiview.mixins.json
[18May2025 00:08:09.684] [main/DEBUG] [mixin/]: Selecting config servercore.common.mixins.json
[18May2025 00:08:09.836] [main/DEBUG] [mixin/]: Selecting config calio.mixins.json
[18May2025 00:08:09.837] [main/DEBUG] [mixin/]: Selecting config origins.mixins.json
[18May2025 00:08:09.839] [main/DEBUG] [mixin/]: Selecting config searchables.mixins.json
[18May2025 00:08:09.840] [main/DEBUG] [mixin/]: Selecting config searchables.forge.mixins.json
[18May2025 00:08:09.841] [main/DEBUG] [mixin/]: Selecting config tombstone.mixins.json
[18May2025 00:08:09.842] [main/DEBUG] [mixin/]: Selecting config immediatelyfast-forge.mixins.json
[18May2025 00:08:09.855] [main/DEBUG] [mixin/]: Selecting config immediatelyfast-common.mixins.json
[18May2025 00:08:09.856] [main/DEBUG] [mixin/]: Selecting config architectury.mixins.json
[18May2025 00:08:09.858] [main/DEBUG] [mixin/]: Selecting config architectury-common.mixins.json
[18May2025 00:08:09.860] [main/DEBUG] [mixin/]: Selecting config skin_changer.mixins.json
[18May2025 00:08:09.861] [main/DEBUG] [mixin/]: Selecting config ferritecore.predicates.mixin.json
[18May2025 00:08:09.873] [main/DEBUG] [mixin/]: Selecting config ferritecore.fastmap.mixin.json
[18May2025 00:08:09.875] [main/DEBUG] [mixin/]: Selecting config ferritecore.mrl.mixin.json
[18May2025 00:08:09.877] [main/DEBUG] [mixin/]: Selecting config ferritecore.dedupmultipart.mixin.json
[18May2025 00:08:09.879] [main/DEBUG] [mixin/]: Selecting config ferritecore.blockstatecache.mixin.json
[18May2025 00:08:09.881] [main/DEBUG] [mixin/]: Selecting config ferritecore.dedupbakedquad.mixin.json
[18May2025 00:08:09.884] [main/DEBUG] [mixin/]: Selecting config ferritecore.threaddetec.mixin.json
[18May2025 00:08:09.886] [main/DEBUG] [mixin/]: Selecting config ferritecore.modelsides.mixin.json
[18May2025 00:08:09.888] [main/DEBUG] [mixin/]: Selecting config sodium-extra.mixins.json
[18May2025 00:08:09.890] [main/INFO] [Embeddium Extra/]: Loaded configuration file for Sodium Extra: 35 options available, 0 override(s) found
[18May2025 00:08:09.893] [main/DEBUG] [mixin/]: Selecting config cupboard.mixins.json
[18May2025 00:08:09.894] [main/DEBUG] [mixin/]: Selecting config rrls-forge.mixins.json
[18May2025 00:08:09.896] [main/DEBUG] [mixin/]: Selecting config rrls.mixins.json
[18May2025 00:08:09.897] [main/DEBUG] [mixin/]: Selecting config yeetusexperimentus.mixins.json
[18May2025 00:08:09.899] [main/DEBUG] [mixin/]: Selecting config majruszlibrary-common.mixins.json
[18May2025 00:08:09.902] [main/DEBUG] [mixin/]: Selecting config majruszlibrary-forge.mixins.json
[18May2025 00:08:09.905] [main/DEBUG] [mixin/]: Preparing dynamiclightsreforged.mixins.json (21)
[18May2025 00:08:09.925] [main/DEBUG] [mixin/]: Preparing lithium.mixins.json (220)
[18May2025 00:08:09.947] [main/WARN] [Radium Config/]: Force-disabling mixin 'alloc.blockstate.StateMixin' as option 'mixin.alloc.blockstate' (added by mods [ferritecore]) disables it and children
[18May2025 00:08:10.094] [main/DEBUG] [net.minecraftforge.coremod.transformer.CoreModBaseTransformer/COREMOD]: Transforming net/minecraft/world/entity/raid/Raid
[18May2025 00:08:10.389] [main/DEBUG] [net.minecraftforge.coremod.transformer.CoreModBaseTransformer/COREMOD]: Transforming m_46758_ with desc (Lnet/minecraft/core/BlockPos;)Z
[18May2025 00:08:10.447] [main/DEBUG] [net.minecraftforge.coremod.transformer.CoreModBaseTransformer/COREMOD]: Transforming net/minecraft/world/entity/Entity
[18May2025 00:08:10.499] [main/DEBUG] [net.minecraftforge.coremod.transformer.CoreModBaseTransformer/COREMOD]: Transforming jumpInFluid with desc (Lnet/minecraftforge/fluids/FluidType;)V
[18May2025 00:08:10.514] [main/DEBUG] [net.minecraftforge.coremod.transformer.CoreModBaseTransformer/COREMOD]: Transforming sinkInFluid with desc (Lnet/minecraftforge/fluids/FluidType;)V
[18May2025 00:08:10.653] [main/DEBUG] [net.minecraftforge.coremod.transformer.CoreModBaseTransformer/COREMOD]: Transforming m_218868_ with desc ()Ljava/util/OptionalInt;
[18May2025 00:08:10.693] [main/DEBUG] [mixin/]: @Mixin target net/minecraft/world/level/chunk/LevelChunk$BoundTickingBlockEntity is public in lithium.mixins.json:world.block_entity_ticking.world_border.DirectBlockEntityTickInvokerMixin and should be specified in value
[18May2025 00:08:10.700] [main/DEBUG] [net.minecraftforge.coremod.transformer.CoreModBaseTransformer/COREMOD]: Transforming net/minecraft/world/level/biome/Biome
[18May2025 00:08:10.724] [main/DEBUG] [mixin/]: Preparing kuma_api.mixins.json (1)
[18May2025 00:08:10.724] [main/DEBUG] [mixin/]: Preparing kuma_api.forge.mixins.json (0)
[18May2025 00:08:10.724] [main/DEBUG] [mixin/]: Preparing blue_skies.mixins.json (18)
[18May2025 00:08:10.740] [main/DEBUG] [net.minecraftforge.coremod.transformer.CoreModBaseTransformer/COREMOD]: Transforming net/minecraft/world/entity/npc/Villager
[18May2025 00:08:10.891] [main/DEBUG] [mixin/]: Preparing netherportalfix.mixins.json (4)
[18May2025 00:08:10.904] [main/DEBUG] [mixin/]: Preparing additionalentityattributes.mixins.json (9)
[18May2025 00:08:10.909] [main/DEBUG] [mixin/]: Preparing playerAnimator-common.mixins.json (14)
[18May2025 00:08:10.909] [main/DEBUG] [mixin/]: Preparing majruszsdifficulty-common.mixins.json (7)
[18May2025 00:08:10.913] [main/DEBUG] [mixin/]: Preparing majruszsdifficulty-forge.mixins.json (1)
[18May2025 00:08:10.915] [main/DEBUG] [mixin/]: Preparing connectivity.mixins.json (23)
[18May2025 00:08:10.944] [main/DEBUG] [mixin/]: Preparing caelus.mixins.json (4)
[18May2025 00:08:10.945] [main/DEBUG] [mixin/]: Preparing apoli.mixins.json (54)
[18May2025 00:08:10.973] [main/DEBUG] [net.minecraftforge.coremod.transformer.CoreModBaseTransformer/COREMOD]: Transforming m_41435_ with desc (Lnet/minecraft/world/level/Level;Lnet/minecraft/world/entity/player/Player;Lnet/minecraft/world/level/ClipContext$Fluid;)Lnet/minecraft/world/phys/BlockHitResult;
[18May2025 00:08:10.987] [main/DEBUG] [net.minecraftforge.coremod.transformer.CoreModBaseTransformer/COREMOD]: Transforming m_41787_ with desc ()V
[18May2025 00:08:10.993] [main/DEBUG] [net.minecraftforge.coremod.transformer.CoreModBaseTransformer/COREMOD]: Transforming net/minecraft/world/item/ItemStack
[18May2025 00:08:11.000] [main/DEBUG] [net.minecraftforge.coremod.transformer.CoreModBaseTransformer/COREMOD]: Transforming canEquip with desc (Lnet/minecraft/world/entity/EquipmentSlot;Lnet/minecraft/world/entity/Entity;)Z
[18May2025 00:08:11.012] [main/DEBUG] [net.minecraftforge.coremod.transformer.CoreModBaseTransformer/COREMOD]: Transforming getHighlightTip with desc (Lnet/minecraft/network/chat/Component;)Lnet/minecraft/network/chat/Component;
[18May2025 00:08:11.018] [main/DEBUG] [net.minecraftforge.coremod.transformer.CoreModBaseTransformer/COREMOD]: Transforming getFoodProperties with desc (Lnet/minecraft/world/entity/LivingEntity;)Lnet/minecraft/world/food/FoodProperties;
[18May2025 00:08:11.040] [main/DEBUG] [net.minecraftforge.coremod.transformer.CoreModBaseTransformer/COREMOD]: Transforming net/minecraft/world/level/levelgen/PhantomSpawner
[18May2025 00:08:11.058] [main/DEBUG] [net.minecraftforge.coremod.transformer.CoreModBaseTransformer/COREMOD]: Transforming net/minecraft/world/effect/MobEffectInstance
[18May2025 00:08:11.085] [main/DEBUG] [mixin/]: Preparing controlling.mixins.json (5)
[18May2025 00:08:11.085] [main/DEBUG] [mixin/]: Preparing controlling.forge.mixins.json (0)
[18May2025 00:08:11.085] [main/DEBUG] [mixin/]: Preparing modernfix-common.mixins.json (95)
[18May2025 00:08:11.090] [main/DEBUG] [ModernFix/]: No rules matched mixin 'perf.compact_mojang_registries.MappedRegistryMixin', treating as foreign and disabling!
[18May2025 00:08:11.174] [main/DEBUG] [mixin/]: Preparing modernfix-forge.mixins.json (46)
[18May2025 00:08:11.199] [main/DEBUG] [mixin/]: Preparing mixinextras.init.mixins.json (0)
[18May2025 00:08:11.199] [main/DEBUG] [mixin/]: Preparing clickadv.mixins.json (2)
[18May2025 00:08:11.200] [main/DEBUG] [mixin/]: Preparing farsight.mixins.json (4)
[18May2025 00:08:11.200] [main/DEBUG] [mixin/]: Preparing balm.mixins.json (17)
[18May2025 00:08:11.209] [main/DEBUG] [mixin/]: Preparing fusion.mixins.json (12)
[18May2025 00:08:11.209] [main/DEBUG] [mixin/]: Preparing fpsreducer.mixins.json (2)
[18May2025 00:08:11.209] [main/DEBUG] [mixin/]: Preparing embeddium.mixins.json (0)
[18May2025 00:08:11.209] [main/DEBUG] [mixin/]: Preparing embeddiumplus.mixin.json (29)
[18May2025 00:08:11.209] [main/DEBUG] [mixin/]: Preparing structure_gel.mixins.json (0)
[18May2025 00:08:11.209] [main/DEBUG] [mixin/]: Preparing smoothchunk.mixins.json (4)
[18May2025 00:08:11.210] [main/DEBUG] [mixin/]: Preparing okzoomer.mixins.json (3)
[18May2025 00:08:11.210] [main/DEBUG] [mixin/]: Preparing ambientsounds.mixins.json (2)
[18May2025 00:08:11.210] [main/DEBUG] [mixin/]: Preparing mousetweaks.mixins.json (1)
[18May2025 00:08:11.210] [main/DEBUG] [mixin/]: Preparing bettercombat.mixins.json (17)
[18May2025 00:08:11.214] [main/DEBUG] [mixin/]: Preparing mixins/common/nochatreports.mixins.json (28)
[18May2025 00:08:11.227] [main/DEBUG] [mixin/]: Preparing mixins/forge/nochatreports-forge.mixins.json (4)
[18May2025 00:08:11.227] [main/DEBUG] [mixin/]: Preparing shouldersurfing.common.mixins.json (19)
[18May2025 00:08:11.227] [main/DEBUG] [mixin/]: Preparing shouldersurfing.common.compat.mixins.json (5)
[18May2025 00:08:11.227] [main/DEBUG] [mixin/]: Preparing shouldersurfing.forge.mixins.json (1)
[18May2025 00:08:11.227] [main/DEBUG] [mixin/]: Preparing shouldersurfing.compat.oculus.mixins.json (2)
[18May2025 00:08:11.227] [main/DEBUG] [mixin/]: Preparing cull-less-leaves.mixins.json (4)
[18May2025 00:08:11.227] [main/DEBUG] [mixin/]: Preparing creativecore.mixins.json (8)
[18May2025 00:08:11.232] [main/DEBUG] [mixin/]: Preparing creativecore.forge.mixins.json (3)
[18May2025 00:08:11.232] [main/DEBUG] [mixin/]: Preparing boatiview.mixins.json (1)
[18May2025 00:08:11.232] [main/DEBUG] [mixin/]: Preparing servercore.common.mixins.json (61)
[18May2025 00:08:11.255] [main/DEBUG] [net.minecraftforge.coremod.transformer.CoreModBaseTransformer/COREMOD]: Transforming net/minecraft/world/entity/animal/frog/Tadpole
[18May2025 00:08:11.286] [main/DEBUG] [net.minecraftforge.coremod.transformer.CoreModBaseTransformer/COREMOD]: Transforming m_46758_ with desc (Lnet/minecraft/core/BlockPos;)Z
[18May2025 00:08:11.316] [main/DEBUG] [net.minecraftforge.coremod.transformer.CoreModBaseTransformer/COREMOD]: Transforming net/minecraft/world/level/NaturalSpawner
[18May2025 00:08:11.400] [main/DEBUG] [net.minecraftforge.coremod.transformer.CoreModBaseTransformer/COREMOD]: Transforming net/minecraft/world/entity/monster/Zombie
[18May2025 00:08:11.485] [main/DEBUG] [net.minecraftforge.coremod.transformer.CoreModBaseTransformer/COREMOD]: Transforming m_7373_ with desc (Lnet/minecraft/world/item/ItemStack;Lnet/minecraft/world/level/Level;Ljava/util/List;Lnet/minecraft/world/item/TooltipFlag;)V
[18May2025 00:08:11.502] [main/DEBUG] [mixin/]: Preparing calio.mixins.json (1)
[18May2025 00:08:11.502] [main/DEBUG] [mixin/]: Preparing origins.mixins.json (10)
[18May2025 00:08:11.507] [main/DEBUG] [mixin/]: Preparing searchables.mixins.json (1)
[18May2025 00:08:11.507] [main/DEBUG] [mixin/]: Preparing searchables.forge.mixins.json (0)
[18May2025 00:08:11.507] [main/DEBUG] [mixin/]: Preparing tombstone.mixins.json (27)
[18May2025 00:08:11.533] [main/DEBUG] [mixin/]: Preparing immediatelyfast-forge.mixins.json (5)
[18May2025 00:08:11.533] [main/DEBUG] [mixin/]: Preparing immediatelyfast-common.mixins.json (33)
[18May2025 00:08:11.533] [main/DEBUG] [mixin/]: Preparing architectury.mixins.json (9)
[18May2025 00:08:11.543] [main/DEBUG] [mixin/]: Preparing architectury-common.mixins.json (10)
[18May2025 00:08:11.546] [main/DEBUG] [net.minecraftforge.coremod.transformer.CoreModBaseTransformer/COREMOD]: Transforming net/minecraft/world/item/BucketItem
[18May2025 00:08:11.562] [main/DEBUG] [net.minecraftforge.coremod.transformer.CoreModBaseTransformer/COREMOD]: Transforming net/minecraft/world/entity/EntityType
[18May2025 00:08:11.624] [main/DEBUG] [net.minecraftforge.coremod.transformer.CoreModBaseTransformer/COREMOD]: Transforming net/minecraft/world/level/block/LiquidBlock
[18May2025 00:08:11.629] [main/DEBUG] [mixin/]: Preparing skin_changer.mixins.json (3)
[18May2025 00:08:11.629] [main/DEBUG] [mixin/]: Preparing ferritecore.predicates.mixin.json (3)
[18May2025 00:08:11.629] [main/DEBUG] [mixin/]: Preparing ferritecore.fastmap.mixin.json (1)
[18May2025 00:08:11.632] [main/DEBUG] [mixin/]: Preparing ferritecore.mrl.mixin.json (2)
[18May2025 00:08:11.632] [main/DEBUG] [mixin/]: Preparing ferritecore.dedupmultipart.mixin.json (2)
[18May2025 00:08:11.632] [main/DEBUG] [mixin/]: Preparing ferritecore.blockstatecache.mixin.json (8)
[18May2025 00:08:11.636] [main/DEBUG] [mixin/]: @Mixin target net/minecraft/world/level/block/state/BlockBehaviour$BlockStateBase$Cache is public in ferritecore.blockstatecache.mixin.json:BlockStateCacheMixin and should be specified in value
[18May2025 00:08:11.638] [main/DEBUG] [mixin/]: Preparing ferritecore.dedupbakedquad.mixin.json (2)
[18May2025 00:08:11.638] [main/DEBUG] [mixin/]: Preparing ferritecore.threaddetec.mixin.json (1)
[18May2025 00:08:11.638] [main/DEBUG] [mixin/]: Preparing ferritecore.modelsides.mixin.json (1)
[18May2025 00:08:11.638] [main/DEBUG] [mixin/]: Preparing sodium-extra.mixins.json (45)
[18May2025 00:08:11.638] [main/DEBUG] [mixin/]: Preparing cupboard.mixins.json (5)
[18May2025 00:08:11.642] [main/DEBUG] [mixin/]: Preparing rrls-forge.mixins.json (1)
[18May2025 00:08:11.642] [main/DEBUG] [mixin/]: Preparing rrls.mixins.json (8)
[18May2025 00:08:11.642] [main/DEBUG] [mixin/]: Preparing yeetusexperimentus.mixins.json (2)
[18May2025 00:08:11.642] [main/DEBUG] [mixin/]: Preparing majruszlibrary-common.mixins.json (58)
[18May2025 00:08:11.686] [main/DEBUG] [mixin/]: Preparing majruszlibrary-forge.mixins.json (4)
[18May2025 00:08:11.690] [main/WARN] [mixin/]: Error loading class: com/teammetallurgy/aquaculture/entity/AquaFishingBobberEntity (java.lang.ClassNotFoundException: com.teammetallurgy.aquaculture.entity.AquaFishingBobberEntity)
[18May2025 00:08:11.690] [main/DEBUG] [mixin/]: Skipping virtual target com.teammetallurgy.aquaculture.entity.AquaFishingBobberEntity for majruszlibrary-forge.mixins.json:MixinAquaFishingBobberEntity
[18May2025 00:08:11.711] [main/DEBUG] [mixin/]: Inner class me/jellysquid/mods/lithium/mixin/ai/poi/SerializingRegionBasedStorageMixin$1 in me/jellysquid/mods/lithium/mixin/ai/poi/SerializingRegionBasedStorageMixin on net/minecraft/world/level/chunk/storage/SectionStorage gets unique name net/minecraft/world/level/chunk/storage/SectionStorage$Anonymous$334d680b439a406486825497d652e577
[18May2025 00:08:11.725] [main/DEBUG] [mixin/]: Inner class me/jellysquid/mods/lithium/mixin/chunk/palette/PalettedContainerMixin$2 in me/jellysquid/mods/lithium/mixin/chunk/palette/PalettedContainerMixin on net/minecraft/world/level/chunk/PalettedContainer$Strategy gets unique name net/minecraft/world/level/chunk/PalettedContainer$Strategy$Anonymous$f46e20a177eb4e70b28e382e14f9072a
[18May2025 00:08:11.726] [main/DEBUG] [mixin/]: Inner class me/jellysquid/mods/lithium/mixin/chunk/palette/PalettedContainerMixin$1 in me/jellysquid/mods/lithium/mixin/chunk/palette/PalettedContainerMixin on net/minecraft/world/level/chunk/PalettedContainer$Strategy gets unique name net/minecraft/world/level/chunk/PalettedContainer$Strategy$Anonymous$86c100ef9ba843fca9fc6b6a48c5da29
[18May2025 00:08:11.804] [main/DEBUG] [net.minecraftforge.coremod.transformer.CoreModBaseTransformer/COREMOD]: Transforming net/minecraft/world/level/levelgen/structure/Structure
[18May2025 00:08:11.846] [main/DEBUG] [net.minecraftforge.coremod.transformer.CoreModBaseTransformer/COREMOD]: Transforming net/minecraft/world/level/levelgen/structure/templatesystem/StructureTemplate
[18May2025 00:08:11.978] [main/DEBUG] [mixin/]: Inner class com/majruszlibrary/mixin/MixinEntity$1 in com/majruszlibrary/mixin/MixinEntity on net/minecraft/world/entity/Entity gets unique name net/minecraft/world/entity/Entity$Anonymous$552871c97e6d46018a9f7929a5017109
[18May2025 00:08:11.978] [main/DEBUG] [mixin/]: Inner class com/majruszlibrary/mixin/MixinEntity$Config in com/majruszlibrary/mixin/MixinEntity on net/minecraft/world/entity/Entity gets unique name net/minecraft/world/entity/Entity$Config$3eb761340f82472db1d54d391f574036
[18May2025 00:08:11.982] [main/DEBUG] [mixin/]: Prepared 501 mixins in 2.661 sec (5.3ms avg) (0ms load, 0ms transform, 0ms plugin)
[18May2025 00:08:11.990] [main/INFO] [MixinExtras|Service/]: Initializing MixinExtras via com.llamalad7.mixinextras.service.MixinExtrasServiceImpl(version=0.3.6).
[18May2025 00:08:11.991] [main/DEBUG] [mixin/]: Registering new injector for @SugarWrapper with com.llamalad7.mixinextras.sugar.impl.SugarWrapperInjectionInfo
[18May2025 00:08:11.991] [main/DEBUG] [mixin/]: Registering new injector for @FactoryRedirectWrapper with com.llamalad7.mixinextras.wrapper.factory.FactoryRedirectWrapperInjectionInfo
[18May2025 00:08:11.994] [main/DEBUG] [mixin/]: Mixing features.misc.MinecraftServerMixin from servercore.common.mixins.json into net.minecraft.server.MinecraftServer
[18May2025 00:08:11.995] [main/DEBUG] [mixin/]: servercore.common.mixins.json:features.misc.MinecraftServerMixin: Class version 61 required is higher than the class version supported by the current version of Mixin (JAVA_16 supports class version 60)
[18May2025 00:08:12.000] [main/DEBUG] [mixin/]: Mixing core.MinecraftServerMixin from modernfix-common.mixins.json into net.minecraft.server.MinecraftServer
[18May2025 00:08:12.002] [main/DEBUG] [mixin/]: Mixing perf.dedicated_reload_executor.MinecraftServerMixin from modernfix-common.mixins.json into net.minecraft.server.MinecraftServer
[18May2025 00:08:12.004] [main/DEBUG] [mixin/]: Mixing MinecraftServerMixin from balm.mixins.json into net.minecraft.server.MinecraftServer
[18May2025 00:08:12.007] [main/DEBUG] [mixin/]: Renaming synthetic method lambda$reloadResources$0(Ljava/lang/Void;)V to md2f1535$lambda$reloadResources$0$0 in balm.mixins.json:MinecraftServerMixin
[18May2025 00:08:12.013] [main/DEBUG] [mixin/]: Mixing MinecraftServerMixin from servercore.common.mixins.json into net.minecraft.server.MinecraftServer
[18May2025 00:08:12.014] [main/DEBUG] [mixin/]: servercore.common.mixins.json:MinecraftServerMixin: Class version 61 required is higher than the class version supported by the current version of Mixin (JAVA_16 supports class version 60)
[18May2025 00:08:12.018] [main/DEBUG] [mixin/]: Mixing MixinMinecraftServer from majruszlibrary-common.mixins.json into net.minecraft.server.MinecraftServer
[18May2025 00:08:12.023] [main/DEBUG] [mixin/]: Renaming synthetic method lambda$loadLevel$2(Lit/unimi/dsi/fastutil/ints/Int2ObjectMap;Ljava/lang/Integer;Ljava/util/List;)V to md2f1535$lambda$loadLevel$2$1 in majruszlibrary-common.mixins.json:MixinMinecraftServer
[18May2025 00:08:12.023] [main/DEBUG] [mixin/]: Renaming synthetic method lambda$loadLevel$1(I)[Lnet/minecraft/world/entity/npc/VillagerTrades$ItemListing; to md2f1535$lambda$loadLevel$1$2 in majruszlibrary-common.mixins.json:MixinMinecraftServer
[18May2025 00:08:12.023] [main/DEBUG] [mixin/]: Renaming synthetic method lambda$loadLevel$0(Lit/unimi/dsi/fastutil/ints/Int2ObjectMap;Ljava/lang/Integer;[Lnet/minecraft/world/entity/npc/VillagerTrades$ItemListing;)V to md2f1535$lambda$loadLevel$0$3 in majruszlibrary-common.mixins.json:MixinMinecraftServer
[18May2025 00:08:12.136] [main/DEBUG] [mixin/]: Mixing perf.fix_loop_spin_waiting.BlockableEventLoopMixin from modernfix-common.mixins.json into net.minecraft.util.thread.BlockableEventLoop
[18May2025 00:08:12.148] [main/INFO] [mixin/]: Mixing server.MixinDedicatedServer from mixins/common/nochatreports.mixins.json into net.minecraft.server.dedicated.DedicatedServer
[18May2025 00:08:12.152] [main/DEBUG] [mixin/]: Mixing MixinDedicatedServer from majruszlibrary-common.mixins.json into net.minecraft.server.dedicated.DedicatedServer
[18May2025 00:08:12.153] [main/DEBUG] [mixin/]: Mixing DedicatedServerMixin from tombstone.mixins.json into net.minecraft.server.dedicated.DedicatedServer
[18May2025 00:08:12.184] [main/DEBUG] [io.netty.util.internal.logging.InternalLoggerFactory/]: Using SLF4J as the default logging framework
[18May2025 00:08:12.187] [main/DEBUG] [io.netty.util.ResourceLeakDetector/]: -Dio.netty.leakDetection.level: simple
[18May2025 00:08:12.187] [main/DEBUG] [io.netty.util.ResourceLeakDetector/]: -Dio.netty.leakDetection.targetRecords: 4
[18May2025 00:08:12.289] [main/DEBUG] [mixin/]: Mixing perf.tag_id_caching.TagOrElementLocationMixin from modernfix-forge.mixins.json into net.minecraft.util.ExtraCodecs$TagOrElementLocation
[18May2025 00:08:12.320] [main/DEBUG] [mixin/]: Mixing ResourceLocationExceptionMixin from connectivity.mixins.json into net.minecraft.ResourceLocationException
[18May2025 00:08:12.368] [main/DEBUG] [oshi.util.FileUtil/]: No oshi.properties file found from ClassLoader cpw.mods.modlauncher.TransformingClassLoader@372461a9
[18May2025 00:08:12.369] [main/DEBUG] [oshi.util.FileUtil/]: No oshi.properties file found from ClassLoader jdk.internal.loader.ClassLoaders$AppClassLoader@76ed5528
[18May2025 00:08:12.439] [main/DEBUG] [oshi.util.FileUtil/]: Reading file /proc/self/auxv
[18May2025 00:08:12.440] [main/DEBUG] [oshi.util.FileUtil/]: Reading file /proc/self/auxv
[18May2025 00:08:12.443] [main/DEBUG] [oshi.util.FileUtil/]: Reading file /proc/stat
[18May2025 00:08:12.448] [main/DEBUG] [oshi.util.FileUtil/]: Reading file /sys/devices/system/cpu/cpu0/topology/core_id
[18May2025 00:08:12.448] [main/DEBUG] [oshi.util.FileUtil/]: Reading file /sys/devices/system/cpu/cpu0/topology/core_id
[18May2025 00:08:12.449] [main/DEBUG] [oshi.util.FileUtil/]: Reading file /sys/devices/system/cpu/cpu0/topology/physical_package_id
[18May2025 00:08:12.449] [main/DEBUG] [oshi.util.FileUtil/]: Reading file /sys/devices/system/cpu/cpu0/topology/physical_package_id
[18May2025 00:08:12.449] [main/DEBUG] [oshi.util.FileUtil/]: Reading file /sys/devices/system/cpu/cpu0/cpu_capacity
[18May2025 00:08:12.450] [main/DEBUG] [oshi.util.FileUtil/]: Reading file /sys/devices/system/cpu/cpu1/topology/core_id
[18May2025 00:08:12.450] [main/DEBUG] [oshi.util.FileUtil/]: Reading file /sys/devices/system/cpu/cpu1/topology/core_id
[18May2025 00:08:12.450] [main/DEBUG] [oshi.util.FileUtil/]: Reading file /sys/devices/system/cpu/cpu1/topology/physical_package_id
[18May2025 00:08:12.451] [main/DEBUG] [oshi.util.FileUtil/]: Reading file /sys/devices/system/cpu/cpu1/topology/physical_package_id
[18May2025 00:08:12.451] [main/DEBUG] [oshi.util.FileUtil/]: Reading file /sys/devices/system/cpu/cpu1/cpu_capacity
[18May2025 00:08:12.451] [main/DEBUG] [oshi.util.FileUtil/]: Reading file /sys/devices/system/cpu/cpu2/topology/core_id
[18May2025 00:08:12.451] [main/DEBUG] [oshi.util.FileUtil/]: Reading file /sys/devices/system/cpu/cpu2/topology/core_id
[18May2025 00:08:12.451] [main/DEBUG] [oshi.util.FileUtil/]: Reading file /sys/devices/system/cpu/cpu2/topology/physical_package_id
[18May2025 00:08:12.451] [main/DEBUG] [oshi.util.FileUtil/]: Reading file /sys/devices/system/cpu/cpu2/topology/physical_package_id
[18May2025 00:08:12.451] [main/DEBUG] [oshi.util.FileUtil/]: Reading file /sys/devices/system/cpu/cpu2/cpu_capacity
[18May2025 00:08:12.452] [main/DEBUG] [oshi.util.FileUtil/]: Reading file /sys/devices/system/cpu/cpu3/topology/core_id
[18May2025 00:08:12.452] [main/DEBUG] [oshi.util.FileUtil/]: Reading file /sys/devices/system/cpu/cpu3/topology/core_id
[18May2025 00:08:12.452] [main/DEBUG] [oshi.util.FileUtil/]: Reading file /sys/devices/system/cpu/cpu3/topology/physical_package_id
[18May2025 00:08:12.452] [main/DEBUG] [oshi.util.FileUtil/]: Reading file /sys/devices/system/cpu/cpu3/topology/physical_package_id
[18May2025 00:08:12.452] [main/DEBUG] [oshi.util.FileUtil/]: Reading file /sys/devices/system/cpu/cpu3/cpu_capacity
[18May2025 00:08:12.453] [main/DEBUG] [oshi.util.FileUtil/]: Reading file /proc/cpuinfo
[18May2025 00:08:12.462] [main/DEBUG] [oshi.util.FileUtil/]: Reading file /proc/self/auxv
[18May2025 00:08:12.464] [main/DEBUG] [oshi.util.FileUtil/]: No oshi.architecture.properties file found from ClassLoader cpw.mods.modlauncher.TransformingClassLoader@372461a9
[18May2025 00:08:12.464] [main/DEBUG] [oshi.util.FileUtil/]: No oshi.architecture.properties file found from ClassLoader jdk.internal.loader.ClassLoaders$AppClassLoader@76ed5528
[18May2025 00:08:12.478] [main/DEBUG] [oshi.util.FileUtil/]: Reading file /proc/meminfo
[18May2025 00:08:12.479] [main/DEBUG] [oshi.util.FileUtil/]: Reading file /proc/meminfo
[18May2025 00:08:12.482] [main/DEBUG] [mixin/]: Mixing perf.thread_priorities.UtilMixin from modernfix-common.mixins.json into net.minecraft.Util
[18May2025 00:08:12.482] [main/DEBUG] [mixin/]: Renaming synthetic method lambda$adjustPriorityOfThreadFactory$0(Ljava/util/concurrent/ForkJoinPool$ForkJoinWorkerThreadFactory;Ljava/util/concurrent/ForkJoinPool;)Ljava/util/concurrent/ForkJoinWorkerThread; to md2f1535$lambda$adjustPriorityOfThreadFactory$0$0 in modernfix-common.mixins.json:perf.thread_priorities.UtilMixin
[18May2025 00:08:12.497] [main/DEBUG] [mixin/]: Mixing math.sine_lut.MixinMathHelper from lithium.mixins.json into net.minecraft.util.Mth
[18May2025 00:08:12.497] [main/DEBUG] [mixin/]: lithium.mixins.json:math.sine_lut.MixinMathHelper: Class version 61 required is higher than the class version supported by the current version of Mixin (JAVA_16 supports class version 60)
[18May2025 00:08:12.522] [main/DEBUG] [mixin/]: Mixing feature.measure_time.BootstrapMixin from modernfix-common.mixins.json into net.minecraft.server.Bootstrap
[18May2025 00:08:12.525] [main/DEBUG] [mixin/]: Mixing core.BootstrapMixin from modernfix-forge.mixins.json into net.minecraft.server.Bootstrap
[18May2025 00:08:12.536] [main/INFO] [net.minecraft.server.Bootstrap/]: ModernFix reached bootstrap stage (9.561 s after launch)
[18May2025 00:08:12.542] [main/DEBUG] [mixin/]: Mixing perf.mojang_registry_size.MappedRegistryMixin from modernfix-common.mixins.json into net.minecraft.core.MappedRegistry
[18May2025 00:08:12.548] [main/DEBUG] [mixin/]: Mixing MappedRegistryMixin from calio.mixins.json into net.minecraft.core.MappedRegistry
[18May2025 00:08:12.563] [main/DEBUG] [mixin/]: Mixing perf.mojang_registry_size.ResourceKeyMixin from modernfix-common.mixins.json into net.minecraft.resources.ResourceKey
[18May2025 00:08:12.563] [main/DEBUG] [mixin/]: Renaming synthetic method lambda$createEfficient$0(Lnet/minecraft/resources/ResourceLocation;)Ljava/util/Map; to md2f1535$lambda$createEfficient$0$0 in modernfix-common.mixins.json:perf.mojang_registry_size.ResourceKeyMixin
[18May2025 00:08:12.590] [main/DEBUG] [mixin/]: Mixing inject.MixinGameEvent from architectury-common.mixins.json into net.minecraft.world.level.gameevent.GameEvent
[18May2025 00:08:12.598] [main/DEBUG] [mixin/]: Mixing perf.reduce_blockstate_cache_rebuilds.GameDataMixin from modernfix-forge.mixins.json into net.minecraftforge.registries.GameData
[18May2025 00:08:12.611] [main/DEBUG] [mixin/]: Mixing perf.forge_registry_alloc.ForgeRegistryMixin from modernfix-forge.mixins.json into net.minecraftforge.registries.ForgeRegistry
[18May2025 00:08:12.618] [main/DEBUG] [mixin/]: Mixing perf.fast_registry_validation.ForgeRegistryMixin from modernfix-forge.mixins.json into net.minecraftforge.registries.ForgeRegistry
[18May2025 00:08:12.622] [main/WARN] [mixin/]: @Final field delegatesByName:Ljava/util/Map; in modernfix-forge.mixins.json:perf.forge_registry_alloc.ForgeRegistryMixin should be final
[18May2025 00:08:12.623] [main/WARN] [mixin/]: @Final field delegatesByValue:Ljava/util/Map; in modernfix-forge.mixins.json:perf.forge_registry_alloc.ForgeRegistryMixin should be final
[18May2025 00:08:12.644] [main/DEBUG] [mixin/]: Mixing perf.reduce_blockstate_cache_rebuilds.BlockCallbacksMixin from modernfix-forge.mixins.json into net.minecraftforge.registries.GameData$BlockCallbacks
[18May2025 00:08:12.651] [main/DEBUG] [mixin/]: Mixing ai.pathing.MixinBlock from lithium.mixins.json into net.minecraft.world.level.block.Block
[18May2025 00:08:12.651] [main/DEBUG] [mixin/]: lithium.mixins.json:ai.pathing.MixinBlock: Class version 61 required is higher than the class version supported by the current version of Mixin (JAVA_16 supports class version 60)
[18May2025 00:08:12.653] [main/DEBUG] [mixin/]: Mixing shapes.blockstate_cache.BlockMixin from lithium.mixins.json into net.minecraft.world.level.block.Block
[18May2025 00:08:12.653] [main/DEBUG] [mixin/]: lithium.mixins.json:shapes.blockstate_cache.BlockMixin: Class version 61 required is higher than the class version supported by the current version of Mixin (JAVA_16 supports class version 60)
[18May2025 00:08:12.653] [main/DEBUG] [mixin/]: Renaming synthetic method lambda$static$0(Lnet/minecraft/world/phys/shapes/VoxelShape;)Z to md2f1535$lambda$static$0$0 in lithium.mixins.json:shapes.blockstate_cache.BlockMixin
[18May2025 00:08:12.655] [main/DEBUG] [mixin/]: Mixing common.BlockMixin from additionalentityattributes.mixins.json into net.minecraft.world.level.block.Block
[18May2025 00:08:12.656] [main/DEBUG] [mixin/]: Mixing perf.forge_registry_alloc.DelegateHolderMixin from modernfix-forge.mixins.json into net.minecraft.world.level.block.Block
[18May2025 00:08:12.657] [main/DEBUG] [mixin/]: Mixing inject.MixinBlock from architectury-common.mixins.json into net.minecraft.world.level.block.Block
[18May2025 00:08:12.657] [main/DEBUG] [mixin/]: Mixing BlockMixin from structure_gel.mixins.json into net.minecraft.world.level.block.Block
[18May2025 00:08:12.673] [main/DEBUG] [mixin/]: Mixing forge.BlockBehaviourMixin from apoli.mixins.json into net.minecraft.world.level.block.state.BlockBehaviour
[18May2025 00:08:12.673] [main/DEBUG] [mixin/]: Renaming synthetic method lambda$allowUnbreakableBreaking$1(Lnet/minecraft/world/entity/player/Player;Lnet/minecraft/core/BlockPos;Lnet/minecraft/world/level/block/state/BlockState;Lnet/minecraft/core/Holder;)Z to md2f1535$lambda$allowUnbreakableBreaking$1$0 in apoli.mixins.json:forge.BlockBehaviourMixin
[18May2025 00:08:12.673] [main/DEBUG] [mixin/]: Renaming synthetic method lambda$allowUnbreakableBreaking$0(Lnet/minecraft/world/level/block/state/BlockState;)Lnet/minecraft/world/level/block/state/BlockState; to md2f1535$lambda$allowUnbreakableBreaking$0$1 in apoli.mixins.json:forge.BlockBehaviourMixin
[18May2025 00:08:12.685] [main/DEBUG] [mixin/]: Mixing math.fast_blockpos.BlockPosMixin from lithium.mixins.json into net.minecraft.core.BlockPos
[18May2025 00:08:12.686] [main/DEBUG] [mixin/]: lithium.mixins.json:math.fast_blockpos.BlockPosMixin: Class version 61 required is higher than the class version supported by the current version of Mixin (JAVA_16 supports class version 60)
[18May2025 00:08:12.710] [main/DEBUG] [net.minecraftforge.coremod.transformer.CoreModBaseTransformer/COREMOD]: Transforming net/minecraft/world/entity/Entity
[18May2025 00:08:12.713] [main/DEBUG] [mixin/]: Mixing EntityLoadMixin from cupboard.mixins.json into net.minecraft.world.entity.Entity
[18May2025 00:08:12.718] [main/DEBUG] [mixin/]: Mixing entity.collisions.fluid.EntityMixin from lithium.mixins.json into net.minecraft.world.entity.Entity
[18May2025 00:08:12.718] [main/DEBUG] [mixin/]: lithium.mixins.json:entity.collisions.fluid.EntityMixin: Class version 61 required is higher than the class version supported by the current version of Mixin (JAVA_16 supports class version 60)
[18May2025 00:08:12.733] [main/DEBUG] [mixin/]: Mixing alloc.deep_passengers.EntityMixin from lithium.mixins.json into net.minecraft.world.entity.Entity
[18May2025 00:08:12.734] [main/DEBUG] [mixin/]: lithium.mixins.json:alloc.deep_passengers.EntityMixin: Class version 61 required is higher than the class version supported by the current version of Mixin (JAVA_16 supports class version 60)
[18May2025 00:08:12.744] [main/DEBUG] [mixin/]: Mixing collections.fluid_submersion.EntityMixin from lithium.mixins.json into net.minecraft.world.entity.Entity
[18May2025 00:08:12.745] [main/DEBUG] [mixin/]: lithium.mixins.json:collections.fluid_submersion.EntityMixin: Class version 61 required is higher than the class version supported by the current version of Mixin (JAVA_16 supports class version 60)
[18May2025 00:08:12.749] [main/DEBUG] [mixin/]: Mixing entity.collisions.movement.EntityMixin from lithium.mixins.json into net.minecraft.world.entity.Entity
[18May2025 00:08:12.750] [main/DEBUG] [mixin/]: lithium.mixins.json:entity.collisions.movement.EntityMixin: Class version 61 required is higher than the class version supported by the current version of Mixin (JAVA_16 supports class version 60)
[18May2025 00:08:12.763] [main/DEBUG] [mixin/]: Mixing entity.collisions.unpushable_cramming.EntityMixin from lithium.mixins.json into net.minecraft.world.entity.Entity
[18May2025 00:08:12.763] [main/DEBUG] [mixin/]: lithium.mixins.json:entity.collisions.unpushable_cramming.EntityMixin: Class version 61 required is higher than the class version supported by the current version of Mixin (JAVA_16 supports class version 60)
[18May2025 00:08:12.764] [main/DEBUG] [mixin/]: Mixing EntityAccessor from netherportalfix.mixins.json into net.minecraft.world.entity.Entity
[18May2025 00:08:12.767] [main/DEBUG] [mixin/]: Mixing common.EntityMixin from additionalentityattributes.mixins.json into net.minecraft.world.entity.Entity
[18May2025 00:08:12.769] [main/DEBUG] [mixin/]: Mixing EntityAccessor from apoli.mixins.json into net.minecraft.world.entity.Entity
[18May2025 00:08:12.769] [main/DEBUG] [mixin/]: Mixing EntityMixin from apoli.mixins.json into net.minecraft.world.entity.Entity
[18May2025 00:08:12.770] [main/DEBUG] [mixin/]: Renaming synthetic method lambda$modifyMovementVelocityXZ$2(Lnet/minecraft/core/Holder;)Z to md2f1535$lambda$modifyMovementVelocityXZ$2$0 in apoli.mixins.json:EntityMixin
[18May2025 00:08:12.770] [main/DEBUG] [mixin/]: Renaming synthetic method lambda$modifyMovementVelocityXZ$1(Lnet/minecraft/core/Holder;)Z to md2f1535$lambda$modifyMovementVelocityXZ$1$1 in apoli.mixins.json:EntityMixin
[18May2025 00:08:12.770] [main/DEBUG] [mixin/]: Renaming synthetic method lambda$modifyMovementVelocityXZ$0(Lnet/minecraft/core/Holder;)Z to md2f1535$lambda$modifyMovementVelocityXZ$0$2 in apoli.mixins.json:EntityMixin
[18May2025 00:08:12.783] [main/DEBUG] [mixin/]: Mixing EntityMixin from balm.mixins.json into net.minecraft.world.entity.Entity
[18May2025 00:08:12.784] [main/DEBUG] [mixin/]: Mixing features.activation_range.EntityMixin from servercore.common.mixins.json into net.minecraft.world.entity.Entity
[18May2025 00:08:12.785] [main/DEBUG] [mixin/]: servercore.common.mixins.json:features.activation_range.EntityMixin: Class version 61 required is higher than the class version supported by the current version of Mixin (JAVA_16 supports class version 60)
[18May2025 00:08:12.791] [main/DEBUG] [mixin/]: Mixing features.misc.EntityMixin from servercore.common.mixins.json into net.minecraft.world.entity.Entity
[18May2025 00:08:12.791] [main/DEBUG] [mixin/]: servercore.common.mixins.json:features.misc.EntityMixin: Class version 61 required is higher than the class version supported by the current version of Mixin (JAVA_16 supports class version 60)
[18May2025 00:08:12.793] [main/DEBUG] [mixin/]: Mixing SelectionInvulnerabilityMixin from origins.mixins.json into net.minecraft.world.entity.Entity
[18May2025 00:08:12.793] [main/DEBUG] [mixin/]: Renaming synthetic method lambda$makeOriginInvulnerable$3(Lorg/spongepowered/asm/mixin/injection/callback/CallbackInfoReturnable;Lnet/minecraft/world/entity/Entity;Lio/github/edwinmindcraft/origins/api/capabilities/IOriginContainer;)V to md2f1535$lambda$makeOriginInvulnerable$3$3 in origins.mixins.json:SelectionInvulnerabilityMixin
[18May2025 00:08:12.793] [main/DEBUG] [mixin/]: Renaming synthetic method lambda$makeOriginInvulnerable$2(Lnet/minecraft/world/entity/Entity;Lnet/minecraft/core/Holder$Reference;)Ljava/lang/String; to md2f1535$lambda$makeOriginInvulnerable$2$4 in origins.mixins.json:SelectionInvulnerabilityMixin
[18May2025 00:08:12.793] [main/DEBUG] [mixin/]: Renaming synthetic method lambda$makeOriginInvulnerable$1(Ljava/util/Optional;)Ljava/util/stream/Stream; to md2f1535$lambda$makeOriginInvulnerable$1$5 in origins.mixins.json:SelectionInvulnerabilityMixin
[18May2025 00:08:12.793] [main/DEBUG] [mixin/]: Renaming synthetic method lambda$makeOriginInvulnerable$0(Lio/github/edwinmindcraft/origins/api/capabilities/IOriginContainer;Lnet/minecraft/world/entity/Entity;Lnet/minecraft/core/Holder$Reference;)Z to md2f1535$lambda$makeOriginInvulnerable$0$6 in origins.mixins.json:SelectionInvulnerabilityMixin
[18May2025 00:08:12.802] [main/DEBUG] [mixin/]: Mixing EntityMixin from tombstone.mixins.json into net.minecraft.world.entity.Entity
[18May2025 00:08:12.805] [main/DEBUG] [mixin/]: Mixing MixinEntity from majruszlibrary-common.mixins.json into net.minecraft.world.entity.Entity
[18May2025 00:08:12.814] [main/DEBUG] [mixin/]: Mixing EntityMixin from structure_gel.mixins.json into net.minecraft.world.entity.Entity
[18May2025 00:08:12.945] [main/DEBUG] [mixin/]: Mixing PlayerEntityMixin from blue_skies.mixins.json into net.minecraft.world.entity.player.Player
[18May2025 00:08:12.946] [main/DEBUG] [mixin/]: Mixing common.DigSpeedMixin from additionalentityattributes.mixins.json into net.minecraft.world.entity.player.Player
[18May2025 00:08:12.948] [main/DEBUG] [mixin/]: Mixing common.PlayerEntityMixin from additionalentityattributes.mixins.json into net.minecraft.world.entity.player.Player
[18May2025 00:08:12.949] [main/DEBUG] [mixin/]: Mixing PlayerEntityMixin from apoli.mixins.json into net.minecraft.world.entity.player.Player
[18May2025 00:08:12.950] [main/DEBUG] [net.minecraftforge.coremod.transformer.CoreModBaseTransformer/COREMOD]: Transforming jumpInFluid with desc (Lnet/minecraftforge/fluids/FluidType;)V
[18May2025 00:08:12.950] [main/DEBUG] [net.minecraftforge.coremod.transformer.CoreModBaseTransformer/COREMOD]: Transforming sinkInFluid with desc (Lnet/minecraftforge/fluids/FluidType;)V
[18May2025 00:08:12.958] [main/DEBUG] [mixin/]: Mixing forge.PlayerMixin from apoli.mixins.json into net.minecraft.world.entity.player.Player
[18May2025 00:08:12.959] [main/DEBUG] [mixin/]: Mixing PlayerEntityAccessor from bettercombat.mixins.json into net.minecraft.world.entity.player.Player
[18May2025 00:08:12.960] [main/DEBUG] [mixin/]: Mixing PlayerEntityMixin from bettercombat.mixins.json into net.minecraft.world.entity.player.Player
[18May2025 00:08:12.976] [main/DEBUG] [mixin/]: Mixing NoCobwebSlowdownMixin from origins.mixins.json into net.minecraft.world.entity.player.Player
[18May2025 00:08:12.977] [main/DEBUG] [mixin/]: Mixing WaterBreathingMixin$UpdateAir from origins.mixins.json into net.minecraft.world.entity.player.Player
[18May2025 00:08:12.980] [main/DEBUG] [mixin/]: Mixing MixinPlayer from majruszlibrary-common.mixins.json into net.minecraft.world.entity.player.Player
[18May2025 00:08:13.054] [main/DEBUG] [mixin/]: Mixing alloc.enum_values.living_entity.LivingEntityMixin from lithium.mixins.json into net.minecraft.world.entity.LivingEntity
[18May2025 00:08:13.054] [main/DEBUG] [mixin/]: lithium.mixins.json:alloc.enum_values.living_entity.LivingEntityMixin: Class version 61 required is higher than the class version supported by the current version of Mixin (JAVA_16 supports class version 60)
[18May2025 00:08:13.055] [main/DEBUG] [mixin/]: Mixing entity.collisions.unpushable_cramming.LivingEntityMixin from lithium.mixins.json into net.minecraft.world.entity.LivingEntity
[18May2025 00:08:13.055] [main/DEBUG] [mixin/]: lithium.mixins.json:entity.collisions.unpushable_cramming.LivingEntityMixin: Class version 61 required is higher than the class version supported by the current version of Mixin (JAVA_16 supports class version 60)
[18May2025 00:08:13.060] [main/DEBUG] [mixin/]: Mixing entity.fast_elytra_check.LivingEntityMixin from lithium.mixins.json into net.minecraft.world.entity.LivingEntity
[18May2025 00:08:13.060] [main/DEBUG] [mixin/]: lithium.mixins.json:entity.fast_elytra_check.LivingEntityMixin: Class version 61 required is higher than the class version supported by the current version of Mixin (JAVA_16 supports class version 60)
[18May2025 00:08:13.060] [main/DEBUG] [mixin/]: Mixing entity.fast_hand_swing.LivingEntityMixin from lithium.mixins.json into net.minecraft.world.entity.LivingEntity
[18May2025 00:08:13.060] [main/DEBUG] [mixin/]: lithium.mixins.json:entity.fast_hand_swing.LivingEntityMixin: Class version 61 required is higher than the class version supported by the current version of Mixin (JAVA_16 supports class version 60)
[18May2025 00:08:13.061] [main/DEBUG] [mixin/]: Mixing entity.fast_powder_snow_check.LivingEntityMixin from lithium.mixins.json into net.minecraft.world.entity.LivingEntity
[18May2025 00:08:13.061] [main/DEBUG] [mixin/]: lithium.mixins.json:entity.fast_powder_snow_check.LivingEntityMixin: Class version 61 required is higher than the class version supported by the current version of Mixin (JAVA_16 supports class version 60)
[18May2025 00:08:13.062] [main/DEBUG] [mixin/]: Mixing entity.skip_equipment_change_check.LivingEntityMixin from lithium.mixins.json into net.minecraft.world.entity.LivingEntity
[18May2025 00:08:13.062] [main/DEBUG] [mixin/]: lithium.mixins.json:entity.skip_equipment_change_check.LivingEntityMixin: Class version 61 required is higher than the class version supported by the current version of Mixin (JAVA_16 supports class version 60)
[18May2025 00:08:13.063] [main/DEBUG] [mixin/]: Renaming synthetic method lambda$static$0(Lnet/minecraft/world/item/ItemStack;)Z to md2f1535$lambda$static$0$0 in lithium.mixins.json:entity.skip_equipment_change_check.LivingEntityMixin
[18May2025 00:08:13.077] [main/DEBUG] [mixin/]: Mixing LivingEntityMixin from blue_skies.mixins.json into net.minecraft.world.entity.LivingEntity
[18May2025 00:08:13.087] [main/DEBUG] [mixin/]: Mixing LivingEntityAccessor from netherportalfix.mixins.json into net.minecraft.world.entity.LivingEntity
[18May2025 00:08:13.088] [main/DEBUG] [mixin/]: Mixing common.LivingEntityMixin from additionalentityattributes.mixins.json into net.minecraft.world.entity.LivingEntity
[18May2025 00:08:13.090] [main/DEBUG] [mixin/]: Mixing MixinLivingEntity from caelus.mixins.json into net.minecraft.world.entity.LivingEntity
[18May2025 00:08:13.091] [main/DEBUG] [mixin/]: Mixing LivingEntityMixin from apoli.mixins.json into net.minecraft.world.entity.LivingEntity
[18May2025 00:08:13.093] [main/DEBUG] [mixin/]: Renaming synthetic method lambda$preventApplyingFoodEffects$13(Lio/github/edwinmindcraft/apoli/api/power/configuration/ConfiguredPower;)Z to md2f1535$lambda$preventApplyingFoodEffects$13$1 in apoli.mixins.json:LivingEntityMixin
[18May2025 00:08:13.094] [main/DEBUG] [mixin/]: Renaming synthetic method lambda$callActionOnUseFinishBefore$12(Lnet/minecraft/core/Holder;)Z to md2f1535$lambda$callActionOnUseFinishBefore$12$2 in apoli.mixins.json:LivingEntityMixin
[18May2025 00:08:13.094] [main/DEBUG] [mixin/]: Renaming synthetic method lambda$callActionOnUseDuringBefore$11(Lnet/minecraft/world/item/ItemStack;Lnet/minecraft/core/Holder;)Z to md2f1535$lambda$callActionOnUseDuringBefore$11$3 in apoli.mixins.json:LivingEntityMixin
[18May2025 00:08:13.094] [main/DEBUG] [mixin/]: Renaming synthetic method lambda$callActionOnUseStopBefore$10(Lnet/minecraft/core/Holder;)Z to md2f1535$lambda$callActionOnUseStopBefore$10$4 in apoli.mixins.json:LivingEntityMixin
[18May2025 00:08:13.094] [main/DEBUG] [mixin/]: Renaming synthetic method lambda$modifyAttributeValue$9(Lnet/minecraft/world/entity/ai/attributes/Attribute;Lnet/minecraft/core/Holder;)Z to md2f1535$lambda$modifyAttributeValue$9$5 in apoli.mixins.json:LivingEntityMixin
[18May2025 00:08:13.094] [main/DEBUG] [mixin/]: Renaming synthetic method lambda$sendPlayerDismountPacket$8(Lnet/minecraft/server/level/ServerPlayer;)Lnet/minecraft/server/level/ServerPlayer; to md2f1535$lambda$sendPlayerDismountPacket$8$6 in apoli.mixins.json:LivingEntityMixin
[18May2025 00:08:13.094] [main/DEBUG] [mixin/]: Renaming synthetic method lambda$modifyWalkableFluids$7(Lnet/minecraft/world/level/material/FluidState;Lnet/minecraft/core/Holder;)Z to md2f1535$lambda$modifyWalkableFluids$7$7 in apoli.mixins.json:LivingEntityMixin
[18May2025 00:08:13.095] [main/DEBUG] [mixin/]: Renaming synthetic method lambda$addEquipmentPowers$6(Ljava/util/List;Lnet/minecraft/resources/ResourceLocation;Lio/github/edwinmindcraft/apoli/api/component/IPowerContainer;)V to md2f1535$lambda$addEquipmentPowers$6$8 in apoli.mixins.json:LivingEntityMixin
[18May2025 00:08:13.095] [main/DEBUG] [mixin/]: Renaming synthetic method lambda$addEquipmentPowers$5(Lio/github/edwinmindcraft/apoli/api/component/IPowerContainer;Lnet/minecraft/resources/ResourceLocation;Lio/github/apace100/apoli/util/StackPowerUtil$StackPower;)V to md2f1535$lambda$addEquipmentPowers$5$9 in apoli.mixins.json:LivingEntityMixin
[18May2025 00:08:13.095] [main/DEBUG] [mixin/]: Renaming synthetic method lambda$removeEquipmentPowers$4(Ljava/util/List;Lnet/minecraft/resources/ResourceLocation;Lio/github/edwinmindcraft/apoli/api/component/IPowerContainer;)V to md2f1535$lambda$removeEquipmentPowers$4$a in apoli.mixins.json:LivingEntityMixin
[18May2025 00:08:13.095] [main/DEBUG] [mixin/]: Renaming synthetic method lambda$removeEquipmentPowers$3(Lio/github/edwinmindcraft/apoli/api/component/IPowerContainer;Lnet/minecraft/resources/ResourceLocation;Lio/github/apace100/apoli/util/StackPowerUtil$StackPower;)V to md2f1535$lambda$removeEquipmentPowers$3$b in apoli.mixins.json:LivingEntityMixin
[18May2025 00:08:13.095] [main/DEBUG] [mixin/]: Renaming synthetic method lambda$syncAttacker$2()Lnet/minecraft/world/entity/Entity; to md2f1535$lambda$syncAttacker$2$c in apoli.mixins.json:LivingEntityMixin
[18May2025 00:08:13.096] [main/DEBUG] [mixin/]: Renaming synthetic method lambda$modifyStatusEffect$1(Lnet/minecraft/world/effect/MobEffect;Lnet/minecraft/core/Holder;)Z to md2f1535$lambda$modifyStatusEffect$1$d in apoli.mixins.json:LivingEntityMixin
[18May2025 00:08:13.096] [main/DEBUG] [mixin/]: Renaming synthetic method lambda$modifyStatusEffect$0(Lnet/minecraft/world/effect/MobEffect;Lnet/minecraft/core/Holder;)Z to md2f1535$lambda$modifyStatusEffect$0$e in apoli.mixins.json:LivingEntityMixin
[18May2025 00:08:13.124] [main/DEBUG] [net.minecraftforge.coremod.transformer.CoreModBaseTransformer/COREMOD]: Transforming canEquip with desc (Lnet/minecraft/world/entity/EquipmentSlot;Lnet/minecraft/world/entity/Entity;)Z
[18May2025 00:08:13.125] [main/DEBUG] [net.minecraftforge.coremod.transformer.CoreModBaseTransformer/COREMOD]: Transforming getHighlightTip with desc (Lnet/minecraft/network/chat/Component;)Lnet/minecraft/network/chat/Component;
[18May2025 00:08:13.125] [main/DEBUG] [net.minecraftforge.coremod.transformer.CoreModBaseTransformer/COREMOD]: Transforming getFoodProperties with desc (Lnet/minecraft/world/entity/LivingEntity;)Lnet/minecraft/world/food/FoodProperties;
[18May2025 00:08:13.135] [main/DEBUG] [mixin/]: Mixing perf.forge_cap_retrieval.LivingEntityMixin from modernfix-forge.mixins.json into net.minecraft.world.entity.LivingEntity
[18May2025 00:08:13.136] [main/DEBUG] [mixin/]: Mixing LivingEntityAccessor from bettercombat.mixins.json into net.minecraft.world.entity.LivingEntity
[18May2025 00:08:13.136] [main/DEBUG] [mixin/]: Mixing LivingEntityMixin from bettercombat.mixins.json into net.minecraft.world.entity.LivingEntity
[18May2025 00:08:13.136] [main/DEBUG] [mixin/]: Renaming synthetic method lambda$getAttributeValue_Inject$0(Lnet/minecraft/world/entity/player/Player;Lnet/minecraft/world/entity/ai/attributes/Attribute;Lorg/spongepowered/asm/mixin/injection/callback/CallbackInfoReturnable;)V to md2f1535$lambda$getAttributeValue_Inject$0$f in bettercombat.mixins.json:LivingEntityMixin
[18May2025 00:08:13.138] [main/DEBUG] [mixin/]: Mixing features.activation_range.inactive_ticks.LivingEntityMixin from servercore.common.mixins.json into net.minecraft.world.entity.LivingEntity
[18May2025 00:08:13.139] [main/DEBUG] [mixin/]: servercore.common.mixins.json:features.activation_range.inactive_ticks.LivingEntityMixin: Class version 61 required is higher than the class version supported by the current version of Mixin (JAVA_16 supports class version 60)
[18May2025 00:08:13.139] [main/DEBUG] [mixin/]: Mixing LikeWaterMixin from origins.mixins.json into net.minecraft.world.entity.LivingEntity
[18May2025 00:08:13.141] [main/DEBUG] [mixin/]: Mixing WaterBreathingMixin$CanBreatheInWater from origins.mixins.json into net.minecraft.world.entity.LivingEntity
[18May2025 00:08:13.141] [main/DEBUG] [mixin/]: Mixing LivingEntityMixin from tombstone.mixins.json into net.minecraft.world.entity.LivingEntity
[18May2025 00:08:13.146] [main/DEBUG] [mixin/]: Mixing MixinLivingEntity from majruszlibrary-common.mixins.json into net.minecraft.world.entity.LivingEntity
[18May2025 00:08:13.288] [main/DEBUG] [net.minecraftforge.coremod.transformer.CoreModBaseTransformer/COREMOD]: Transforming getFriction with desc (Lnet/minecraft/world/level/LevelReader;Lnet/minecraft/core/BlockPos;Lnet/minecraft/world/entity/Entity;)F
[18May2025 00:08:13.297] [main/DEBUG] [net.minecraftforge.coremod.transformer.CoreModBaseTransformer/COREMOD]: Transforming canHarvestBlock with desc (Lnet/minecraft/world/level/BlockGetter;Lnet/minecraft/core/BlockPos;Lnet/minecraft/world/entity/player/Player;)Z
[18May2025 00:08:13.325] [main/DEBUG] [net.minecraftforge.coremod.transformer.CoreModBaseTransformer/COREMOD]: Transforming jumpInFluid with desc (Lnet/minecraftforge/fluids/FluidType;)V
[18May2025 00:08:13.326] [main/DEBUG] [net.minecraftforge.coremod.transformer.CoreModBaseTransformer/COREMOD]: Transforming sinkInFluid with desc (Lnet/minecraftforge/fluids/FluidType;)V
[18May2025 00:08:13.330] [main/DEBUG] [mixin/]: Mixing bugfix.chunk_deadlock.BlockStateBaseMixin from modernfix-common.mixins.json into net.minecraft.world.level.block.state.BlockBehaviour$BlockStateBase
[18May2025 00:08:13.331] [main/DEBUG] [mixin/]: Mixing ai.pathing.AbstractBlockStateMixin from lithium.mixins.json into net.minecraft.world.level.block.state.BlockBehaviour$BlockStateBase
[18May2025 00:08:13.331] [main/DEBUG] [mixin/]: lithium.mixins.json:ai.pathing.AbstractBlockStateMixin: Class version 61 required is higher than the class version supported by the current version of Mixin (JAVA_16 supports class version 60)
[18May2025 00:08:13.336] [main/DEBUG] [mixin/]: Mixing util.block_tracking.AbstractBlockStateMixin from lithium.mixins.json into net.minecraft.world.level.block.state.BlockBehaviour$BlockStateBase
[18May2025 00:08:13.336] [main/DEBUG] [mixin/]: lithium.mixins.json:util.block_tracking.AbstractBlockStateMixin: Class version 61 required is higher than the class version supported by the current version of Mixin (JAVA_16 supports class version 60)
[18May2025 00:08:13.339] [main/DEBUG] [mixin/]: Mixing AbstractBlockStateMixin from apoli.mixins.json into net.minecraft.world.level.block.state.BlockBehaviour$BlockStateBase
[18May2025 00:08:13.346] [main/DEBUG] [mixin/]: Mixing perf.reduce_blockstate_cache_rebuilds.BlockStateBaseMixin from modernfix-common.mixins.json into net.minecraft.world.level.block.state.BlockBehaviour$BlockStateBase
[18May2025 00:08:13.352] [main/DEBUG] [mixin/]: Mixing BlockStateBaseMixin from ferritecore.blockstatecache.mixin.json into net.minecraft.world.level.block.state.BlockBehaviour$BlockStateBase
[18May2025 00:08:13.384] [main/INFO] [ModernFix/]: Injecting BlockStateBase cache population hook into getNeighborPathNodeType from me.jellysquid.mods.lithium.mixin.ai.pathing.AbstractBlockStateMixin
[18May2025 00:08:13.384] [main/INFO] [ModernFix/]: Injecting BlockStateBase cache population hook into getPathNodeType from me.jellysquid.mods.lithium.mixin.ai.pathing.AbstractBlockStateMixin
[18May2025 00:08:13.384] [main/INFO] [ModernFix/]: Injecting BlockStateBase cache population hook into getAllFlags from me.jellysquid.mods.lithium.mixin.util.block_tracking.AbstractBlockStateMixin
[18May2025 00:08:13.390] [main/DEBUG] [mixin/]: Mixing FastMapStateHolderMixin from ferritecore.fastmap.mixin.json into net.minecraft.world.level.block.state.StateHolder
[18May2025 00:08:13.401] [main/DEBUG] [net.minecraftforge.coremod.transformer.CoreModBaseTransformer/COREMOD]: Transforming getFriction with desc (Lnet/minecraft/world/level/LevelReader;Lnet/minecraft/core/BlockPos;Lnet/minecraft/world/entity/Entity;)F
[18May2025 00:08:13.402] [main/DEBUG] [net.minecraftforge.coremod.transformer.CoreModBaseTransformer/COREMOD]: Transforming canHarvestBlock with desc (Lnet/minecraft/world/level/BlockGetter;Lnet/minecraft/core/BlockPos;Lnet/minecraft/world/entity/player/Player;)Z
[18May2025 00:08:13.405] [main/DEBUG] [mixin/]: Mixing util.chunk_access.WorldViewMixin from lithium.mixins.json into net.minecraft.world.level.LevelReader
[18May2025 00:08:13.405] [main/DEBUG] [mixin/]: lithium.mixins.json:util.chunk_access.WorldViewMixin: Class version 61 required is higher than the class version supported by the current version of Mixin (JAVA_16 supports class version 60)
[18May2025 00:08:13.413] [main/DEBUG] [mixin/]: Mixing perf.model_optimizations.PropertyMixin from modernfix-common.mixins.json into net.minecraft.world.level.block.state.properties.Property
[18May2025 00:08:13.418] [main/DEBUG] [mixin/]: Mixing perf.model_optimizations.BooleanPropertyMixin from modernfix-common.mixins.json into net.minecraft.world.level.block.state.properties.BooleanProperty
[18May2025 00:08:13.424] [main/DEBUG] [net.minecraftforge.coremod.transformer.CoreModBaseTransformer/COREMOD]: Transforming m_46758_ with desc (Lnet/minecraft/core/BlockPos;)Z
[18May2025 00:08:13.425] [main/DEBUG] [mixin/]: Mixing alloc.chunk_random.WorldMixin from lithium.mixins.json into net.minecraft.world.level.Level
[18May2025 00:08:13.426] [main/DEBUG] [mixin/]: lithium.mixins.json:alloc.chunk_random.WorldMixin: Class version 61 required is higher than the class version supported by the current version of Mixin (JAVA_16 supports class version 60)
[18May2025 00:08:13.427] [main/DEBUG] [mixin/]: Mixing entity.collisions.intersection.WorldMixin from lithium.mixins.json into net.minecraft.world.level.Level
[18May2025 00:08:13.427] [main/DEBUG] [mixin/]: lithium.mixins.json:entity.collisions.intersection.WorldMixin: Class version 61 required is higher than the class version supported by the current version of Mixin (JAVA_16 supports class version 60)
[18May2025 00:08:13.429] [main/DEBUG] [mixin/]: Mixing util.block_entity_retrieval.WorldMixin from lithium.mixins.json into net.minecraft.world.level.Level
[18May2025 00:08:13.429] [main/DEBUG] [mixin/]: lithium.mixins.json:util.block_entity_retrieval.WorldMixin: Class version 61 required is higher than the class version supported by the current version of Mixin (JAVA_16 supports class version 60)
[18May2025 00:08:13.431] [main/DEBUG] [mixin/]: Mixing util.block_tracking.block_listening.WorldMixin from lithium.mixins.json into net.minecraft.world.level.Level
[18May2025 00:08:13.432] [main/DEBUG] [mixin/]: lithium.mixins.json:util.block_tracking.block_listening.WorldMixin: Class version 61 required is higher than the class version supported by the current version of Mixin (JAVA_16 supports class version 60)
[18May2025 00:08:13.433] [main/DEBUG] [mixin/]: Mixing world.chunk_access.WorldMixin from lithium.mixins.json into net.minecraft.world.level.Level
[18May2025 00:08:13.434] [main/DEBUG] [mixin/]: lithium.mixins.json:world.chunk_access.WorldMixin: Class version 61 required is higher than the class version supported by the current version of Mixin (JAVA_16 supports class version 60)
[18May2025 00:08:13.436] [main/DEBUG] [mixin/]: Mixing world.inline_block_access.WorldMixin from lithium.mixins.json into net.minecraft.world.level.Level
[18May2025 00:08:13.436] [main/DEBUG] [mixin/]: lithium.mixins.json:world.inline_block_access.WorldMixin: Class version 61 required is higher than the class version supported by the current version of Mixin (JAVA_16 supports class version 60)
[18May2025 00:08:13.438] [main/DEBUG] [mixin/]: Mixing world.inline_height.WorldMixin from lithium.mixins.json into net.minecraft.world.level.Level
[18May2025 00:08:13.438] [main/DEBUG] [mixin/]: lithium.mixins.json:world.inline_height.WorldMixin: Class version 61 required is higher than the class version supported by the current version of Mixin (JAVA_16 supports class version 60)
[18May2025 00:08:13.468] [main/DEBUG] [mixin/]: Mixing ServerAddEntityMixin from cupboard.mixins.json into net.minecraft.server.level.ServerLevel
[18May2025 00:08:13.477] [main/DEBUG] [mixin/]: Mixing optimizations.ticking.chunk.random.ServerLevelMixin from servercore.common.mixins.json into net.minecraft.server.level.ServerLevel
[18May2025 00:08:13.477] [main/DEBUG] [mixin/]: servercore.common.mixins.json:optimizations.ticking.chunk.random.ServerLevelMixin: Class version 61 required is higher than the class version supported by the current version of Mixin (JAVA_16 supports class version 60)
[18May2025 00:08:13.480] [main/DEBUG] [mixin/]: Mixing alloc.chunk_random.ServerWorldMixin from lithium.mixins.json into net.minecraft.server.level.ServerLevel
[18May2025 00:08:13.480] [main/DEBUG] [mixin/]: lithium.mixins.json:alloc.chunk_random.ServerWorldMixin: Class version 61 required is higher than the class version supported by the current version of Mixin (JAVA_16 supports class version 60)
[18May2025 00:08:13.481] [main/DEBUG] [mixin/]: Mixing chunk.entity_class_groups.ServerWorldAccessor from lithium.mixins.json into net.minecraft.server.level.ServerLevel
[18May2025 00:08:13.481] [main/DEBUG] [mixin/]: lithium.mixins.json:chunk.entity_class_groups.ServerWorldAccessor: Class version 61 required is higher than the class version supported by the current version of Mixin (JAVA_16 supports class version 60)
[18May2025 00:08:13.482] [main/DEBUG] [mixin/]: Mixing entity.inactive_navigations.ServerWorldMixin from lithium.mixins.json into net.minecraft.server.level.ServerLevel
[18May2025 00:08:13.482] [main/DEBUG] [mixin/]: lithium.mixins.json:entity.inactive_navigations.ServerWorldMixin: Class version 61 required is higher than the class version supported by the current version of Mixin (JAVA_16 supports class version 60)
[18May2025 00:08:13.488] [main/DEBUG] [mixin/]: Mixing profiler.ServerWorldMixin from lithium.mixins.json into net.minecraft.server.level.ServerLevel
[18May2025 00:08:13.488] [main/DEBUG] [mixin/]: lithium.mixins.json:profiler.ServerWorldMixin: Class version 61 required is higher than the class version supported by the current version of Mixin (JAVA_16 supports class version 60)
[18May2025 00:08:13.489] [main/DEBUG] [mixin/]: Mixing util.entity_movement_tracking.ServerWorldAccessor from lithium.mixins.json into net.minecraft.server.level.ServerLevel
[18May2025 00:08:13.489] [main/DEBUG] [mixin/]: lithium.mixins.json:util.entity_movement_tracking.ServerWorldAccessor: Class version 61 required is higher than the class version supported by the current version of Mixin (JAVA_16 supports class version 60)
[18May2025 00:08:13.489] [main/DEBUG] [mixin/]: Mixing bugfix.chunk_deadlock.ServerLevelMixin from modernfix-common.mixins.json into net.minecraft.server.level.ServerLevel
[18May2025 00:08:13.490] [main/DEBUG] [mixin/]: Mixing perf.cache_strongholds.ServerLevelMixin from modernfix-common.mixins.json into net.minecraft.server.level.ServerLevel
[18May2025 00:08:13.490] [main/DEBUG] [mixin/]: Discarding sythetic bridge method synthetic in m_6325_ because existing method in modernfix-common.mixins.json:perf.cache_strongholds.ServerLevelMixin is compatible
[18May2025 00:08:13.492] [main/DEBUG] [mixin/]: Mixing perf.faster_structure_location.ServerLevelMixin from modernfix-common.mixins.json into net.minecraft.server.level.ServerLevel
[18May2025 00:08:13.493] [main/DEBUG] [mixin/]: Mixing features.activation_range.ServerLevelMixin from servercore.common.mixins.json into net.minecraft.server.level.ServerLevel
[18May2025 00:08:13.493] [main/DEBUG] [mixin/]: servercore.common.mixins.json:features.activation_range.ServerLevelMixin: Class version 61 required is higher than the class version supported by the current version of Mixin (JAVA_16 supports class version 60)
[18May2025 00:08:13.496] [main/DEBUG] [mixin/]: Mixing features.spawn_chunks.ServerLevelMixin from servercore.common.mixins.json into net.minecraft.server.level.ServerLevel
[18May2025 00:08:13.496] [main/DEBUG] [mixin/]: servercore.common.mixins.json:features.spawn_chunks.ServerLevelMixin: Class version 61 required is higher than the class version supported by the current version of Mixin (JAVA_16 supports class version 60)
[18May2025 00:08:13.497] [main/DEBUG] [mixin/]: Mixing optimizations.sync_loads.ServerLevelMixin from servercore.common.mixins.json into net.minecraft.server.level.ServerLevel
[18May2025 00:08:13.497] [main/DEBUG] [mixin/]: servercore.common.mixins.json:optimizations.sync_loads.ServerLevelMixin: Class version 61 required is higher than the class version supported by the current version of Mixin (JAVA_16 supports class version 60)
[18May2025 00:08:13.497] [main/DEBUG] [mixin/]: Discarding sythetic bridge method synthetic in m_6325_ because existing method in servercore.common.mixins.json:optimizations.sync_loads.ServerLevelMixin is compatible
[18May2025 00:08:13.500] [main/DEBUG] [mixin/]: Mixing IMixinServerLevel from majruszlibrary-common.mixins.json into net.minecraft.server.level.ServerLevel
[18May2025 00:08:13.500] [main/DEBUG] [mixin/]: Mixing MixinServerLevel from majruszlibrary-common.mixins.json into net.minecraft.server.level.ServerLevel
[18May2025 00:08:13.538] [main/DEBUG] [mixin/]: Unexpected: Registered method getEntityManager()Lnet/minecraft/world/level/entity/PersistentEntitySectionManager; in net.minecraft.server.level.ServerLevel was not merged
[18May2025 00:08:13.538] [main/DEBUG] [mixin/]: Unexpected: Registered method getEntityManager()Lnet/minecraft/world/level/entity/PersistentEntitySectionManager; in net.minecraft.server.level.ServerLevel was not merged
[18May2025 00:08:13.554] [main/DEBUG] [mixin/]: Mixing features.activation_range.inactive_ticks.ItemEntityMixin from servercore.common.mixins.json into net.minecraft.world.entity.item.ItemEntity
[18May2025 00:08:13.554] [main/DEBUG] [mixin/]: servercore.common.mixins.json:features.activation_range.inactive_ticks.ItemEntityMixin: Class version 61 required is higher than the class version supported by the current version of Mixin (JAVA_16 supports class version 60)
[18May2025 00:08:13.557] [main/DEBUG] [mixin/]: Mixing features.merging.ItemEntityMixin from servercore.common.mixins.json into net.minecraft.world.entity.item.ItemEntity
[18May2025 00:08:13.557] [main/DEBUG] [mixin/]: servercore.common.mixins.json:features.merging.ItemEntityMixin: Class version 61 required is higher than the class version supported by the current version of Mixin (JAVA_16 supports class version 60)
[18May2025 00:08:13.583] [main/DEBUG] [mixin/]: Mixing perf.fast_forge_dummies.NamespacedHolderHelperMixin from modernfix-forge.mixins.json into net.minecraftforge.registries.NamespacedWrapper
[18May2025 00:08:13.592] [main/DEBUG] [mixin/]: Mixing inject.MixinFluid from architectury-common.mixins.json into net.minecraft.world.level.material.Fluid
[18May2025 00:08:13.595] [main/DEBUG] [net.minecraftforge.coremod.transformer.CoreModBaseTransformer/COREMOD]: Transforming m_41435_ with desc (Lnet/minecraft/world/level/Level;Lnet/minecraft/world/entity/player/Player;Lnet/minecraft/world/level/ClipContext$Fluid;)Lnet/minecraft/world/phys/BlockHitResult;
[18May2025 00:08:13.595] [main/DEBUG] [mixin/]: Mixing ItemMixin from apoli.mixins.json into net.minecraft.world.item.Item
[18May2025 00:08:13.597] [main/DEBUG] [mixin/]: Mixing perf.forge_registry_alloc.DelegateHolderMixin from modernfix-forge.mixins.json into net.minecraft.world.item.Item
[18May2025 00:08:13.597] [main/DEBUG] [mixin/]: Mixing ItemMixin from tombstone.mixins.json into net.minecraft.world.item.Item
[18May2025 00:08:13.598] [main/DEBUG] [mixin/]: Renaming synthetic method lambda$methodIsFoil$1(Lnet/minecraft/world/item/ItemStack;Lovh/corail/tombstone/api/capability/ISoulConsumer;)Ljava/lang/Boolean; to md2f1535$lambda$methodIsFoil$1$0 in tombstone.mixins.json:ItemMixin
[18May2025 00:08:13.598] [main/DEBUG] [mixin/]: Renaming synthetic method lambda$methodGetName$0(Lnet/minecraft/world/item/ItemStack;Lovh/corail/tombstone/api/capability/ISoulConsumer;)Ljava/lang/Boolean; to md2f1535$lambda$methodGetName$0$1 in tombstone.mixins.json:ItemMixin
[18May2025 00:08:13.604] [main/DEBUG] [mixin/]: Mixing inject.MixinItem from architectury-common.mixins.json into net.minecraft.world.item.Item
[18May2025 00:08:13.607] [main/DEBUG] [mixin/]: Mixing MixinItem from majruszlibrary-common.mixins.json into net.minecraft.world.item.Item
[18May2025 00:08:13.622] [main/DEBUG] [net.minecraftforge.coremod.transformer.CoreModBaseTransformer/COREMOD]: Transforming net/minecraft/world/entity/EntityType
[18May2025 00:08:13.652] [main/DEBUG] [mixin/]: Mixing inject.MixinEntityType from architectury-common.mixins.json into net.minecraft.world.entity.EntityType
[18May2025 00:08:13.661] [main/DEBUG] [mixin/]: Mixing ai.poi.PointOfInterestTypesMixin from lithium.mixins.json into net.minecraftforge.registries.GameData$PointOfInterestTypeCallbacks
[18May2025 00:08:13.661] [main/DEBUG] [mixin/]: lithium.mixins.json:ai.poi.PointOfInterestTypesMixin: Class version 61 required is higher than the class version supported by the current version of Mixin (JAVA_16 supports class version 60)
[18May2025 00:08:13.676] [main/DEBUG] [mixin/]: Mixing EnchantmentMixin from bettercombat.mixins.json into net.minecraft.world.item.enchantment.Enchantment
[18May2025 00:08:13.678] [main/DEBUG] [mixin/]: Mixing IMixinEnchantment from majruszlibrary-common.mixins.json into net.minecraft.world.item.enchantment.Enchantment
[18May2025 00:08:13.678] [main/DEBUG] [mixin/]: Mixing MixinEnchantment from majruszlibrary-forge.mixins.json into net.minecraft.world.item.enchantment.Enchantment
[18May2025 00:08:13.686] [main/DEBUG] [mixin/]: Mixing perf.dynamic_dfu.BlockEntityTypeMixin from modernfix-common.mixins.json into net.minecraft.world.level.block.entity.BlockEntityType
[18May2025 00:08:13.696] [main/DEBUG] [mixin/]: Mixing IMixinArgumentTypeInfos from majruszlibrary-common.mixins.json into net.minecraft.commands.synchronization.ArgumentTypeInfos
[18May2025 00:08:13.696] [main/DEBUG] [mixin/]: Renaming @Accessor method getByClass()Ljava/util/Map; to getByClass_$md$2f1535$0 in majruszlibrary-common.mixins.json:IMixinArgumentTypeInfos
[18May2025 00:08:13.730] [main/DEBUG] [mixin/]: Mixing MixinCreativeModeTab from majruszlibrary-common.mixins.json into net.minecraft.world.item.CreativeModeTab
[18May2025 00:08:13.737] [main/DEBUG] [mixin/]: Mixing math.fast_blockpos.DirectionMixin from lithium.mixins.json into net.minecraft.core.Direction
[18May2025 00:08:13.738] [main/DEBUG] [mixin/]: lithium.mixins.json:math.fast_blockpos.DirectionMixin: Class version 61 required is higher than the class version supported by the current version of Mixin (JAVA_16 supports class version 60)
[18May2025 00:08:13.739] [main/DEBUG] [mixin/]: Mixing math.fast_util.DirectionMixin from lithium.mixins.json into net.minecraft.core.Direction
[18May2025 00:08:13.739] [main/DEBUG] [mixin/]: lithium.mixins.json:math.fast_util.DirectionMixin: Class version 61 required is higher than the class version supported by the current version of Mixin (JAVA_16 supports class version 60)
[18May2025 00:08:13.759] [main/DEBUG] [mixin/]: Mixing block.moving_block_shapes.VoxelShapeMixin from lithium.mixins.json into net.minecraft.world.phys.shapes.VoxelShape
[18May2025 00:08:13.760] [main/DEBUG] [mixin/]: lithium.mixins.json:block.moving_block_shapes.VoxelShapeMixin: Class version 61 required is higher than the class version supported by the current version of Mixin (JAVA_16 supports class version 60)
[18May2025 00:08:13.762] [main/DEBUG] [mixin/]: Mixing shapes.specialized_shapes.VoxelShapeMixin from lithium.mixins.json into net.minecraft.world.phys.shapes.VoxelShape
[18May2025 00:08:13.763] [main/DEBUG] [mixin/]: lithium.mixins.json:shapes.specialized_shapes.VoxelShapeMixin: Class version 61 required is higher than the class version supported by the current version of Mixin (JAVA_16 supports class version 60)
[18May2025 00:08:13.774] [main/DEBUG] [mixin/]: Mixing VoxelShapeAccessor from creativecore.mixins.json into net.minecraft.world.phys.shapes.VoxelShape
[18May2025 00:08:13.774] [main/DEBUG] [mixin/]: Mixing VoxelShapeAccess from ferritecore.blockstatecache.mixin.json into net.minecraft.world.phys.shapes.VoxelShape
[18May2025 00:08:13.786] [main/DEBUG] [mixin/]: Unexpected: Registered method setShape(Lnet/minecraft/world/phys/shapes/DiscreteVoxelShape;)V in net.minecraft.world.phys.shapes.VoxelShape was not merged
[18May2025 00:08:13.789] [main/DEBUG] [mixin/]: Mixing shapes.optimized_matching.VoxelShapesMixin from lithium.mixins.json into net.minecraft.world.phys.shapes.Shapes
[18May2025 00:08:13.790] [main/DEBUG] [mixin/]: lithium.mixins.json:shapes.optimized_matching.VoxelShapesMixin: Class version 61 required is higher than the class version supported by the current version of Mixin (JAVA_16 supports class version 60)
[18May2025 00:08:13.790] [main/DEBUG] [mixin/]: Mixing shapes.shape_merging.VoxelShapesMixin from lithium.mixins.json into net.minecraft.world.phys.shapes.Shapes
[18May2025 00:08:13.790] [main/DEBUG] [mixin/]: lithium.mixins.json:shapes.shape_merging.VoxelShapesMixin: Class version 61 required is higher than the class version supported by the current version of Mixin (JAVA_16 supports class version 60)
[18May2025 00:08:13.791] [main/DEBUG] [mixin/]: Mixing shapes.specialized_shapes.VoxelShapesMixin from lithium.mixins.json into net.minecraft.world.phys.shapes.Shapes
[18May2025 00:08:13.792] [main/DEBUG] [mixin/]: lithium.mixins.json:shapes.specialized_shapes.VoxelShapesMixin: Class version 61 required is higher than the class version supported by the current version of Mixin (JAVA_16 supports class version 60)
[18May2025 00:08:13.797] [main/DEBUG] [mixin/]: Mixing ShapesMixin from creativecore.mixins.json into net.minecraft.world.phys.shapes.Shapes
[18May2025 00:08:13.856] [main/DEBUG] [mixin/]: Mixing DiscreteVSAccess from ferritecore.blockstatecache.mixin.json into net.minecraft.world.phys.shapes.DiscreteVoxelShape
[18May2025 00:08:13.858] [main/DEBUG] [mixin/]: Mixing BitSetDVSAccess from ferritecore.blockstatecache.mixin.json into net.minecraft.world.phys.shapes.BitSetDiscreteVoxelShape
[18May2025 00:08:13.859] [main/DEBUG] [mixin/]: Mixing ArrayVSAccess from ferritecore.blockstatecache.mixin.json into net.minecraft.world.phys.shapes.ArrayVoxelShape
[18May2025 00:08:13.861] [main/DEBUG] [mixin/]: Mixing SliceShapeAccess from ferritecore.blockstatecache.mixin.json into net.minecraft.world.phys.shapes.SliceShape
[18May2025 00:08:13.862] [main/DEBUG] [mixin/]: Mixing shapes.precompute_shape_arrays.SimpleVoxelShapeMixin from lithium.mixins.json into net.minecraft.world.phys.shapes.CubeVoxelShape
[18May2025 00:08:13.862] [main/DEBUG] [mixin/]: lithium.mixins.json:shapes.precompute_shape_arrays.SimpleVoxelShapeMixin: Class version 61 required is higher than the class version supported by the current version of Mixin (JAVA_16 supports class version 60)
[18May2025 00:08:13.872] [main/DEBUG] [mixin/]: Mixing shapes.precompute_shape_arrays.FractionalDoubleListMixin from lithium.mixins.json into net.minecraft.world.phys.shapes.CubePointRange
[18May2025 00:08:13.872] [main/DEBUG] [mixin/]: lithium.mixins.json:shapes.precompute_shape_arrays.FractionalDoubleListMixin: Class version 61 required is higher than the class version supported by the current version of Mixin (JAVA_16 supports class version 60)
[18May2025 00:08:13.943] [main/DEBUG] [mixin/]: Mixing perf.reduce_blockstate_cache_rebuilds.BlocksMixin from modernfix-common.mixins.json into net.minecraft.world.level.block.Blocks
[18May2025 00:08:13.943] [main/DEBUG] [mixin/]: Renaming synthetic method lambda$getEmptyConsumer$0(Ljava/lang/Object;)V to md2f1535$lambda$getEmptyConsumer$0$0 in modernfix-common.mixins.json:perf.reduce_blockstate_cache_rebuilds.BlocksMixin
[18May2025 00:08:13.964] [main/DEBUG] [net.minecraftforge.coremod.transformer.CoreModBaseTransformer/COREMOD]: Transforming net/minecraft/world/level/block/LiquidBlock
[18May2025 00:08:13.964] [main/DEBUG] [mixin/]: Mixing inject.MixinLiquidBlock from architectury-common.mixins.json into net.minecraft.world.level.block.LiquidBlock
[18May2025 00:08:13.979] [main/DEBUG] [mixin/]: Mixing alloc.enum_values.piston_block.PistonBlockMixin from lithium.mixins.json into net.minecraft.world.level.block.piston.PistonBaseBlock
[18May2025 00:08:13.979] [main/DEBUG] [mixin/]: lithium.mixins.json:alloc.enum_values.piston_block.PistonBlockMixin: Class version 61 required is higher than the class version supported by the current version of Mixin (JAVA_16 supports class version 60)
[18May2025 00:08:13.986] [main/DEBUG] [net.minecraftforge.coremod.transformer.CoreModBaseTransformer/COREMOD]: Transforming m_7898_ with desc (Lnet/minecraft/world/level/block/state/BlockState;Lnet/minecraft/world/level/LevelReader;Lnet/minecraft/core/BlockPos;)Z
[18May2025 00:08:13.997] [main/DEBUG] [net.minecraftforge.coremod.transformer.CoreModBaseTransformer/COREMOD]: Transforming net/minecraft/world/level/block/StairBlock
[18May2025 00:08:14.003] [main/DEBUG] [mixin/]: Mixing ChestBlockMixin from tombstone.mixins.json into net.minecraft.world.level.block.ChestBlock
[18May2025 00:08:14.010] [main/DEBUG] [mixin/]: Mixing alloc.enum_values.redstone_wire.RedstoneWireBlockMixin from lithium.mixins.json into net.minecraft.world.level.block.RedStoneWireBlock
[18May2025 00:08:14.010] [main/DEBUG] [mixin/]: lithium.mixins.json:alloc.enum_values.redstone_wire.RedstoneWireBlockMixin: Class version 61 required is higher than the class version supported by the current version of Mixin (JAVA_16 supports class version 60)
[18May2025 00:08:14.010] [main/DEBUG] [mixin/]: Mixing block.redstone_wire.RedstoneWireBlockMixin from lithium.mixins.json into net.minecraft.world.level.block.RedStoneWireBlock
[18May2025 00:08:14.011] [main/DEBUG] [mixin/]: lithium.mixins.json:block.redstone_wire.RedstoneWireBlockMixin: Class version 61 required is higher than the class version supported by the current version of Mixin (JAVA_16 supports class version 60)
[18May2025 00:08:14.020] [main/DEBUG] [mixin/]: Mixing CropBlockMixin from balm.mixins.json into net.minecraft.world.level.block.CropBlock
[18May2025 00:08:14.042] [main/DEBUG] [mixin/]: Mixing features.mob_spawning.NetherPortalBlockMixin from servercore.common.mixins.json into net.minecraft.world.level.block.NetherPortalBlock
[18May2025 00:08:14.042] [main/DEBUG] [mixin/]: servercore.common.mixins.json:features.mob_spawning.NetherPortalBlockMixin: Class version 61 required is higher than the class version supported by the current version of Mixin (JAVA_16 supports class version 60)
[18May2025 00:08:14.050] [main/DEBUG] [mixin/]: Mixing IronBarsBlockMixin from blue_skies.mixins.json into net.minecraft.world.level.block.IronBarsBlock
[18May2025 00:08:14.055] [main/DEBUG] [mixin/]: Mixing StemBlockMixin from balm.mixins.json into net.minecraft.world.level.block.StemBlock
[18May2025 00:08:14.070] [main/DEBUG] [mixin/]: Mixing perf.deduplicate_wall_shapes.WallBlockMixin from modernfix-common.mixins.json into net.minecraft.world.level.block.WallBlock
[18May2025 00:08:14.076] [main/DEBUG] [net.minecraftforge.coremod.transformer.CoreModBaseTransformer/COREMOD]: Transforming net/minecraft/world/level/block/FlowerPotBlock
[18May2025 00:08:14.086] [main/DEBUG] [mixin/]: Mixing util.inventory_comparator_tracking.ComparatorBlockMixin from lithium.mixins.json into net.minecraft.world.level.block.ComparatorBlock
[18May2025 00:08:14.087] [main/DEBUG] [mixin/]: lithium.mixins.json:util.inventory_comparator_tracking.ComparatorBlockMixin: Class version 61 required is higher than the class version supported by the current version of Mixin (JAVA_16 supports class version 60)
[18May2025 00:08:14.136] [main/DEBUG] [mixin/]: Mixing MixinPowderSnowBlock from majruszlibrary-common.mixins.json into net.minecraft.world.level.block.PowderSnowBlock
[18May2025 00:08:14.166] [main/DEBUG] [mixin/]: Mixing perf.state_definition_construct.StateDefinitionMixin from modernfix-common.mixins.json into net.minecraft.world.level.block.state.StateDefinition
[18May2025 00:08:14.183] [main/DEBUG] [mixin/]: Mixing block.flatten_states.FluidStateMixin from lithium.mixins.json into net.minecraft.world.level.material.FluidState
[18May2025 00:08:14.183] [main/DEBUG] [mixin/]: lithium.mixins.json:block.flatten_states.FluidStateMixin: Class version 61 required is higher than the class version supported by the current version of Mixin (JAVA_16 supports class version 60)
[18May2025 00:08:14.221] [main/DEBUG] [mixin/]: Mixing entity.inactive_navigations.MobEntityMixin from lithium.mixins.json into net.minecraft.world.entity.Mob
[18May2025 00:08:14.221] [main/DEBUG] [mixin/]: lithium.mixins.json:entity.inactive_navigations.MobEntityMixin: Class version 61 required is higher than the class version supported by the current version of Mixin (JAVA_16 supports class version 60)
[18May2025 00:08:14.222] [main/DEBUG] [mixin/]: Mixing entity.skip_equipment_change_check.MobEntityMixin from lithium.mixins.json into net.minecraft.world.entity.Mob
[18May2025 00:08:14.222] [main/DEBUG] [mixin/]: lithium.mixins.json:entity.skip_equipment_change_check.MobEntityMixin: Class version 61 required is higher than the class version supported by the current version of Mixin (JAVA_16 supports class version 60)
[18May2025 00:08:14.223] [main/DEBUG] [mixin/]: Mixing features.activation_range.inactive_ticks.MobMixin from servercore.common.mixins.json into net.minecraft.world.entity.Mob
[18May2025 00:08:14.223] [main/DEBUG] [mixin/]: servercore.common.mixins.json:features.activation_range.inactive_ticks.MobMixin: Class version 61 required is higher than the class version supported by the current version of Mixin (JAVA_16 supports class version 60)
[18May2025 00:08:14.223] [main/DEBUG] [mixin/]: Mixing MobMixin from tombstone.mixins.json into net.minecraft.world.entity.Mob
[18May2025 00:08:14.224] [main/DEBUG] [mixin/]: Renaming synthetic method lambda$methodSetTarget$2(Lnet/minecraft/world/entity/LivingEntity;Ljava/util/UUID;)Ljava/lang/Boolean; to md2f1535$lambda$methodSetTarget$2$0 in tombstone.mixins.json:MobMixin
[18May2025 00:08:14.224] [main/DEBUG] [mixin/]: Renaming synthetic method lambda$methodCanBeLeashed$1(Lnet/minecraft/world/entity/player/Player;Ljava/util/UUID;)Ljava/lang/Boolean; to md2f1535$lambda$methodCanBeLeashed$1$1 in tombstone.mixins.json:MobMixin
[18May2025 00:08:14.225] [main/DEBUG] [mixin/]: Renaming synthetic method lambda$methodTick$0(Lnet/minecraft/world/entity/Mob;Lovh/corail/tombstone/api/capability/ISpellCaster;)V to md2f1535$lambda$methodTick$0$2 in tombstone.mixins.json:MobMixin
[18May2025 00:08:14.229] [main/DEBUG] [mixin/]: Mixing IMixinMob from majruszlibrary-common.mixins.json into net.minecraft.world.entity.Mob
[18May2025 00:08:14.229] [main/DEBUG] [mixin/]: Mixing MixinMob from majruszlibrary-common.mixins.json into net.minecraft.world.entity.Mob
[18May2025 00:08:14.248] [main/DEBUG] [mixin/]: Mixing util.inventory_change_listening.BlockEntityMixin from lithium.mixins.json into net.minecraft.world.level.block.entity.BlockEntity
[18May2025 00:08:14.248] [main/DEBUG] [mixin/]: lithium.mixins.json:util.inventory_change_listening.BlockEntityMixin: Class version 61 required is higher than the class version supported by the current version of Mixin (JAVA_16 supports class version 60)
[18May2025 00:08:14.249] [main/DEBUG] [mixin/]: Mixing util.inventory_comparator_tracking.BlockEntityMixin from lithium.mixins.json into net.minecraft.world.level.block.entity.BlockEntity
[18May2025 00:08:14.249] [main/DEBUG] [mixin/]: lithium.mixins.json:util.inventory_comparator_tracking.BlockEntityMixin: Class version 61 required is higher than the class version supported by the current version of Mixin (JAVA_16 supports class version 60)
[18May2025 00:08:14.254] [main/DEBUG] [net.minecraftforge.coremod.transformer.CoreModBaseTransformer/COREMOD]: Transforming m_41787_ with desc ()V
[18May2025 00:08:14.255] [main/DEBUG] [net.minecraftforge.coremod.transformer.CoreModBaseTransformer/COREMOD]: Transforming net/minecraft/world/item/ItemStack
[18May2025 00:08:14.255] [main/DEBUG] [mixin/]: Mixing ItemStackMixin from apoli.mixins.json into net.minecraft.world.item.ItemStack
[18May2025 00:08:14.256] [main/DEBUG] [mixin/]: Renaming synthetic method lambda$callActionOnUseInstantAfter$2(Lnet/minecraft/world/entity/player/Player;Lnet/minecraft/core/Holder;)Z to md2f1535$lambda$callActionOnUseInstantAfter$2$0 in apoli.mixins.json:ItemStackMixin
[18May2025 00:08:14.256] [main/DEBUG] [mixin/]: Renaming synthetic method lambda$copyNewParams$1(Lio/github/apace100/apoli/access/EntityLinkedItemStack;)V to md2f1535$lambda$copyNewParams$1$1 in apoli.mixins.json:ItemStackMixin
[18May2025 00:08:14.256] [main/DEBUG] [mixin/]: Renaming synthetic method lambda$callActionOnUseInstantBefore$0(Lnet/minecraft/world/entity/player/Player;Lnet/minecraft/core/Holder;)Z to md2f1535$lambda$callActionOnUseInstantBefore$0$2 in apoli.mixins.json:ItemStackMixin
[18May2025 00:08:14.258] [main/DEBUG] [mixin/]: Mixing ItemStackMixin from bettercombat.mixins.json into net.minecraft.world.item.ItemStack
[18May2025 00:08:14.259] [main/DEBUG] [mixin/]: Mixing ItemStackMixin from tombstone.mixins.json into net.minecraft.world.item.ItemStack
[18May2025 00:08:14.259] [main/DEBUG] [mixin/]: Mixing MixinItemStack from majruszlibrary-common.mixins.json into net.minecraft.world.item.ItemStack
[18May2025 00:08:14.275] [main/DEBUG] [net.minecraftforge.coremod.transformer.CoreModBaseTransformer/COREMOD]: Transforming canEquip with desc (Lnet/minecraft/world/entity/EquipmentSlot;Lnet/minecraft/world/entity/Entity;)Z
[18May2025 00:08:14.275] [main/DEBUG] [net.minecraftforge.coremod.transformer.CoreModBaseTransformer/COREMOD]: Transforming getHighlightTip with desc (Lnet/minecraft/network/chat/Component;)Lnet/minecraft/network/chat/Component;
[18May2025 00:08:14.275] [main/DEBUG] [net.minecraftforge.coremod.transformer.CoreModBaseTransformer/COREMOD]: Transforming getFoodProperties with desc (Lnet/minecraft/world/entity/LivingEntity;)Lnet/minecraft/world/food/FoodProperties;
[18May2025 00:08:14.278] [main/DEBUG] [mixin/]: Mixing world.explosions.ExplosionMixin from lithium.mixins.json into net.minecraft.world.level.Explosion
[18May2025 00:08:14.278] [main/DEBUG] [mixin/]: lithium.mixins.json:world.explosions.ExplosionMixin: Class version 61 required is higher than the class version supported by the current version of Mixin (JAVA_16 supports class version 60)
[18May2025 00:08:14.285] [main/DEBUG] [mixin/]: Mixing MixinExplosion from majruszlibrary-common.mixins.json into net.minecraft.world.level.Explosion
[18May2025 00:08:14.315] [main/DEBUG] [mixin/]: Mixing LootContextParameterSetBuilderMixin from apoli.mixins.json into net.minecraft.world.level.storage.loot.LootParams$Builder
[18May2025 00:08:14.319] [main/INFO] [net.minecraft.server.Bootstrap/]: Vanilla bootstrap took 1780 milliseconds
[18May2025 00:08:14.333] [main/DEBUG] [io.netty.util.internal.PlatformDependent0/]: -Dio.netty.noUnsafe: false
[18May2025 00:08:14.333] [main/DEBUG] [io.netty.util.internal.PlatformDependent0/]: Java version: 17
[18May2025 00:08:14.334] [main/DEBUG] [io.netty.util.internal.PlatformDependent0/]: sun.misc.Unsafe.theUnsafe: available
[18May2025 00:08:14.366] [main/DEBUG] [io.netty.util.internal.PlatformDependent0/]: sun.misc.Unsafe.copyMemory: available
[18May2025 00:08:14.366] [main/DEBUG] [io.netty.util.internal.PlatformDependent0/]: sun.misc.Unsafe.storeFence: available
[18May2025 00:08:14.366] [main/DEBUG] [io.netty.util.internal.PlatformDependent0/]: java.nio.Buffer.address: available
[18May2025 00:08:14.367] [main/DEBUG] [io.netty.util.internal.PlatformDependent0/]: direct buffer constructor: unavailable
java.lang.UnsupportedOperationException: Reflective setAccessible(true) disabled
	at io.netty.util.internal.ReflectionUtil.trySetAccessible(ReflectionUtil.java:31) ~[netty-common-4.1.82.Final.jar%2382!/:4.1.82.Final]
	at io.netty.util.internal.PlatformDependent0$5.run(PlatformDependent0.java:288) ~[netty-common-4.1.82.Final.jar%2382!/:4.1.82.Final]
	at java.security.AccessController.doPrivileged(AccessController.java:318) ~[?:?]
	at io.netty.util.internal.PlatformDependent0.<clinit>(PlatformDependent0.java:282) ~[netty-common-4.1.82.Final.jar%2382!/:4.1.82.Final]
	at io.netty.util.internal.PlatformDependent.isAndroid(PlatformDependent.java:333) ~[netty-common-4.1.82.Final.jar%2382!/:4.1.82.Final]
	at io.netty.util.internal.PlatformDependent.<clinit>(PlatformDependent.java:88) ~[netty-common-4.1.82.Final.jar%2382!/:4.1.82.Final]
	at io.netty.util.ConstantPool.<init>(ConstantPool.java:34) ~[netty-common-4.1.82.Final.jar%2382!/:4.1.82.Final]
	at io.netty.util.AttributeKey$1.<init>(AttributeKey.java:27) ~[netty-common-4.1.82.Final.jar%2382!/:4.1.82.Final]
	at io.netty.util.AttributeKey.<clinit>(AttributeKey.java:27) ~[netty-common-4.1.82.Final.jar%2382!/:4.1.82.Final]
	at net.minecraftforge.network.NetworkConstants.<clinit>(NetworkConstants.java:34) ~[forge-1.20.1-47.4.0-universal.jar%23210!/:?]
	at net.minecraft.server.Bootstrap.handler$zmh000$doClassloadHack(Bootstrap.java:1034) ~[server-1.20.1-20230612.114412-srg.jar%23205!/:?]
	at net.minecraft.server.Bootstrap.m_135870_(Bootstrap.java:69) ~[server-1.20.1-20230612.114412-srg.jar%23205!/:?]
	at net.minecraftforge.registries.ForgeRegistries.init(ForgeRegistries.java:212) ~[forge-1.20.1-47.4.0-universal.jar%23210!/:?]
	at net.minecraftforge.registries.ForgeRegistries.<clinit>(ForgeRegistries.java:65) ~[forge-1.20.1-47.4.0-universal.jar%23210!/:?]
	at net.minecraft.world.level.block.LiquidBlock.<init>(LiquidBlock.java:53) ~[server-1.20.1-20230612.114412-srg.jar%23205!/:?]
	at net.minecraft.world.level.block.Blocks.<clinit>(Blocks.java:77) ~[server-1.20.1-20230612.114412-srg.jar%23205!/:?]
	at net.minecraft.world.level.block.FireBlock.m_53484_(FireBlock.java:301) ~[server-1.20.1-20230612.114412-srg.jar%23205!/:?]
	at net.minecraft.server.Bootstrap.m_135870_(Bootstrap.java:46) ~[server-1.20.1-20230612.114412-srg.jar%23205!/:?]
	at net.minecraft.server.Main.main(Main.java:121) ~[server-1.20.1-20230612.114412-srg.jar%23205!/:?]
	at jdk.internal.reflect.NativeMethodAccessorImpl.invoke0(Native Method) ~[?:?]
	at jdk.internal.reflect.NativeMethodAccessorImpl.invoke(NativeMethodAccessorImpl.java:77) ~[?:?]
	at jdk.internal.reflect.DelegatingMethodAccessorImpl.invoke(DelegatingMethodAccessorImpl.java:43) ~[?:?]
	at java.lang.reflect.Method.invoke(Method.java:569) ~[?:?]
	at net.minecraftforge.fml.loading.targets.CommonLaunchHandler.runTarget(CommonLaunchHandler.java:111) ~[fmlloader-1.20.1-47.4.0.jar%2369!/:?]
	at net.minecraftforge.fml.loading.targets.CommonLaunchHandler.serverService(CommonLaunchHandler.java:103) ~[fmlloader-1.20.1-47.4.0.jar%2369!/:?]
	at net.minecraftforge.fml.loading.targets.CommonServerLaunchHandler.lambda$makeService$0(CommonServerLaunchHandler.java:27) ~[fmlloader-1.20.1-47.4.0.jar%2369!/:?]
	at cpw.mods.modlauncher.LaunchServiceHandlerDecorator.launch(LaunchServiceHandlerDecorator.java:30) ~[modlauncher-10.0.9.jar%2355!/:?]
	at cpw.mods.modlauncher.LaunchServiceHandler.launch(LaunchServiceHandler.java:53) ~[modlauncher-10.0.9.jar%2355!/:?]
	at cpw.mods.modlauncher.LaunchServiceHandler.launch(LaunchServiceHandler.java:71) ~[modlauncher-10.0.9.jar%2355!/:?]
	at cpw.mods.modlauncher.Launcher.run(Launcher.java:108) ~[modlauncher-10.0.9.jar%2355!/:?]
	at cpw.mods.modlauncher.Launcher.main(Launcher.java:78) ~[modlauncher-10.0.9.jar%2355!/:?]
	at cpw.mods.modlauncher.BootstrapLaunchConsumer.accept(BootstrapLaunchConsumer.java:26) ~[modlauncher-10.0.9.jar%2355!/:?]
	at cpw.mods.modlauncher.BootstrapLaunchConsumer.accept(BootstrapLaunchConsumer.java:23) ~[modlauncher-10.0.9.jar%2355!/:?]
	at cpw.mods.bootstraplauncher.BootstrapLauncher.main(BootstrapLauncher.java:141) ~[bootstraplauncher-1.1.2.jar:?]
[18May2025 00:08:14.369] [main/DEBUG] [io.netty.util.internal.PlatformDependent0/]: java.nio.Bits.unaligned: available, true
[18May2025 00:08:14.370] [main/DEBUG] [io.netty.util.internal.PlatformDependent0/]: jdk.internal.misc.Unsafe.allocateUninitializedArray(int): unavailable
java.lang.IllegalAccessException: class io.netty.util.internal.PlatformDependent0$7 (in module io.netty.common) cannot access class jdk.internal.misc.Unsafe (in module java.base) because module java.base does not export jdk.internal.misc to module io.netty.common
	at jdk.internal.reflect.Reflection.newIllegalAccessException(Reflection.java:392) ~[?:?]
	at java.lang.reflect.AccessibleObject.checkAccess(AccessibleObject.java:674) ~[?:?]
	at java.lang.reflect.Method.invoke(Method.java:561) ~[?:?]
	at io.netty.util.internal.PlatformDependent0$7.run(PlatformDependent0.java:410) ~[netty-common-4.1.82.Final.jar%2382!/:4.1.82.Final]
	at java.security.AccessController.doPrivileged(AccessController.java:318) ~[?:?]
	at io.netty.util.internal.PlatformDependent0.<clinit>(PlatformDependent0.java:401) ~[netty-common-4.1.82.Final.jar%2382!/:4.1.82.Final]
	at io.netty.util.internal.PlatformDependent.isAndroid(PlatformDependent.java:333) ~[netty-common-4.1.82.Final.jar%2382!/:4.1.82.Final]
	at io.netty.util.internal.PlatformDependent.<clinit>(PlatformDependent.java:88) ~[netty-common-4.1.82.Final.jar%2382!/:4.1.82.Final]
	at io.netty.util.ConstantPool.<init>(ConstantPool.java:34) ~[netty-common-4.1.82.Final.jar%2382!/:4.1.82.Final]
	at io.netty.util.AttributeKey$1.<init>(AttributeKey.java:27) ~[netty-common-4.1.82.Final.jar%2382!/:4.1.82.Final]
	at io.netty.util.AttributeKey.<clinit>(AttributeKey.java:27) ~[netty-common-4.1.82.Final.jar%2382!/:4.1.82.Final]
	at net.minecraftforge.network.NetworkConstants.<clinit>(NetworkConstants.java:34) ~[forge-1.20.1-47.4.0-universal.jar%23210!/:?]
	at net.minecraft.server.Bootstrap.handler$zmh000$doClassloadHack(Bootstrap.java:1034) ~[server-1.20.1-20230612.114412-srg.jar%23205!/:?]
	at net.minecraft.server.Bootstrap.m_135870_(Bootstrap.java:69) ~[server-1.20.1-20230612.114412-srg.jar%23205!/:?]
	at net.minecraftforge.registries.ForgeRegistries.init(ForgeRegistries.java:212) ~[forge-1.20.1-47.4.0-universal.jar%23210!/:?]
	at net.minecraftforge.registries.ForgeRegistries.<clinit>(ForgeRegistries.java:65) ~[forge-1.20.1-47.4.0-universal.jar%23210!/:?]
	at net.minecraft.world.level.block.LiquidBlock.<init>(LiquidBlock.java:53) ~[server-1.20.1-20230612.114412-srg.jar%23205!/:?]
	at net.minecraft.world.level.block.Blocks.<clinit>(Blocks.java:77) ~[server-1.20.1-20230612.114412-srg.jar%23205!/:?]
	at net.minecraft.world.level.block.FireBlock.m_53484_(FireBlock.java:301) ~[server-1.20.1-20230612.114412-srg.jar%23205!/:?]
	at net.minecraft.server.Bootstrap.m_135870_(Bootstrap.java:46) ~[server-1.20.1-20230612.114412-srg.jar%23205!/:?]
	at net.minecraft.server.Main.main(Main.java:121) ~[server-1.20.1-20230612.114412-srg.jar%23205!/:?]
	at jdk.internal.reflect.NativeMethodAccessorImpl.invoke0(Native Method) ~[?:?]
	at jdk.internal.reflect.NativeMethodAccessorImpl.invoke(NativeMethodAccessorImpl.java:77) ~[?:?]
	at jdk.internal.reflect.DelegatingMethodAccessorImpl.invoke(DelegatingMethodAccessorImpl.java:43) ~[?:?]
	at java.lang.reflect.Method.invoke(Method.java:569) ~[?:?]
	at net.minecraftforge.fml.loading.targets.CommonLaunchHandler.runTarget(CommonLaunchHandler.java:111) ~[fmlloader-1.20.1-47.4.0.jar%2369!/:?]
	at net.minecraftforge.fml.loading.targets.CommonLaunchHandler.serverService(CommonLaunchHandler.java:103) ~[fmlloader-1.20.1-47.4.0.jar%2369!/:?]
	at net.minecraftforge.fml.loading.targets.CommonServerLaunchHandler.lambda$makeService$0(CommonServerLaunchHandler.java:27) ~[fmlloader-1.20.1-47.4.0.jar%2369!/:?]
	at cpw.mods.modlauncher.LaunchServiceHandlerDecorator.launch(LaunchServiceHandlerDecorator.java:30) ~[modlauncher-10.0.9.jar%2355!/:?]
	at cpw.mods.modlauncher.LaunchServiceHandler.launch(LaunchServiceHandler.java:53) ~[modlauncher-10.0.9.jar%2355!/:?]
	at cpw.mods.modlauncher.LaunchServiceHandler.launch(LaunchServiceHandler.java:71) ~[modlauncher-10.0.9.jar%2355!/:?]
	at cpw.mods.modlauncher.Launcher.run(Launcher.java:108) ~[modlauncher-10.0.9.jar%2355!/:?]
	at cpw.mods.modlauncher.Launcher.main(Launcher.java:78) ~[modlauncher-10.0.9.jar%2355!/:?]
	at cpw.mods.modlauncher.BootstrapLaunchConsumer.accept(BootstrapLaunchConsumer.java:26) ~[modlauncher-10.0.9.jar%2355!/:?]
	at cpw.mods.modlauncher.BootstrapLaunchConsumer.accept(BootstrapLaunchConsumer.java:23) ~[modlauncher-10.0.9.jar%2355!/:?]
	at cpw.mods.bootstraplauncher.BootstrapLauncher.main(BootstrapLauncher.java:141) ~[bootstraplauncher-1.1.2.jar:?]
[18May2025 00:08:14.372] [main/DEBUG] [io.netty.util.internal.PlatformDependent0/]: java.nio.DirectByteBuffer.<init>(long, int): unavailable
[18May2025 00:08:14.372] [main/DEBUG] [io.netty.util.internal.PlatformDependent/]: sun.misc.Unsafe: available
[18May2025 00:08:14.373] [main/DEBUG] [io.netty.util.internal.PlatformDependent/]: maxDirectMemory: 12884901888 bytes (maybe)
[18May2025 00:08:14.373] [main/DEBUG] [io.netty.util.internal.PlatformDependent/]: -Dio.netty.tmpdir: /tmp (java.io.tmpdir)
[18May2025 00:08:14.373] [main/DEBUG] [io.netty.util.internal.PlatformDependent/]: -Dio.netty.bitMode: 64 (sun.arch.data.model)
[18May2025 00:08:14.374] [main/DEBUG] [io.netty.util.internal.PlatformDependent/]: -Dio.netty.maxDirectMemory: -1 bytes
[18May2025 00:08:14.374] [main/DEBUG] [io.netty.util.internal.PlatformDependent/]: -Dio.netty.uninitializedArrayAllocationThreshold: -1
[18May2025 00:08:14.375] [main/DEBUG] [io.netty.util.internal.CleanerJava9/]: java.nio.ByteBuffer.cleaner(): available
[18May2025 00:08:14.375] [main/DEBUG] [io.netty.util.internal.PlatformDependent/]: -Dio.netty.noPreferDirect: false
[18May2025 00:08:14.378] [main/DEBUG] [mixin/]: Mixing SimpleChannelMixin from connectivity.mixins.json into net.minecraftforge.network.simple.SimpleChannel
[18May2025 00:08:14.410] [main/DEBUG] [mixin/]: Mixing networkstats.CCustomPayloadPacketNameMixin from connectivity.mixins.json into net.minecraft.network.protocol.game.ServerboundCustomPayloadPacket
[18May2025 00:08:14.414] [main/INFO] [mixin/]: Mixing common.MixinFriendlyByteBuf from mixins/common/nochatreports.mixins.json into net.minecraft.network.FriendlyByteBuf
[18May2025 00:08:14.416] [main/INFO] [mixin/]: Renaming synthetic method lambda$onWriteJsonWithCodec$1(Ljava/lang/Object;Ljava/lang/String;)Lio/netty/handler/codec/EncoderException; to md2f1535$lambda$onWriteJsonWithCodec$1$0 in mixins/common/nochatreports.mixins.json:common.MixinFriendlyByteBuf
[18May2025 00:08:14.417] [main/INFO] [mixin/]: Renaming synthetic method lambda$onReadJsonWithCodec$0(Ljava/lang/String;)Lio/netty/handler/codec/DecoderException; to md2f1535$lambda$onReadJsonWithCodec$0$1 in mixins/common/nochatreports.mixins.json:common.MixinFriendlyByteBuf
[18May2025 00:08:14.435] [main/DEBUG] [mixin/]: Mixing ClientBoundCustomPayloadPacketLMixin from connectivity.mixins.json into net.minecraft.network.protocol.game.ClientboundCustomPayloadPacket
[18May2025 00:08:14.436] [main/DEBUG] [mixin/]: Mixing networkstats.SCustomPayloadPlayPacketNameMixin from connectivity.mixins.json into net.minecraft.network.protocol.game.ClientboundCustomPayloadPacket
[18May2025 00:08:14.438] [main/DEBUG] [mixin/]: Mixing networkstats.CCustomPayloadLoginPacketNameMixin from connectivity.mixins.json into net.minecraft.network.protocol.login.ServerboundCustomQueryPacket
[18May2025 00:08:14.440] [main/DEBUG] [mixin/]: Mixing networkstats.SCustomPayloadLoginPacketNameMixin from connectivity.mixins.json into net.minecraft.network.protocol.login.ClientboundCustomQueryPacket
[18May2025 00:08:14.491] [main/DEBUG] [mixin/]: Mixing MixinFallingBlockEntity from architectury.mixins.json into net.minecraft.world.entity.item.FallingBlockEntity
[18May2025 00:08:14.501] [main/DEBUG] [mixin/]: Mixing BrushableBlockEntityMixin from tombstone.mixins.json into net.minecraft.world.level.block.entity.BrushableBlockEntity
[18May2025 00:08:14.508] [main/DEBUG] [mixin/]: Mixing MixinBrushableBlockEntity from majruszlibrary-common.mixins.json into net.minecraft.world.level.block.entity.BrushableBlockEntity
[18May2025 00:08:14.536] [main/DEBUG] [mixin/]: Mixing util.inventory_change_listening.StackListReplacementTracking$InventoryChangeTrackingDispenserBlockEntity from lithium.mixins.json into net.minecraft.world.level.block.entity.DispenserBlockEntity
[18May2025 00:08:14.537] [main/DEBUG] [mixin/]: lithium.mixins.json:util.inventory_change_listening.StackListReplacementTracking$InventoryChangeTrackingDispenserBlockEntity: Class version 61 required is higher than the class version supported by the current version of Mixin (JAVA_16 supports class version 60)
[18May2025 00:08:14.540] [main/DEBUG] [mixin/]: Mixing util.inventory_change_listening.LockableContainerBlockEntityMixin from lithium.mixins.json into net.minecraft.world.level.block.entity.BaseContainerBlockEntity
[18May2025 00:08:14.540] [main/DEBUG] [mixin/]: lithium.mixins.json:util.inventory_change_listening.LockableContainerBlockEntityMixin: Class version 61 required is higher than the class version supported by the current version of Mixin (JAVA_16 supports class version 60)
[18May2025 00:08:14.540] [main/DEBUG] [mixin/]: Renaming synthetic method lambda$emitFirstComparatorAdded$0(Lme/jellysquid/mods/lithium/common/block/entity/inventory_change_tracking/InventoryChangeListener;)Z to md2f1535$lambda$emitFirstComparatorAdded$0$0 in lithium.mixins.json:util.inventory_change_listening.LockableContainerBlockEntityMixin
[18May2025 00:08:14.542] [main/DEBUG] [mixin/]: Mixing util.inventory_change_listening.StackListReplacementTracking$StackListReplacementTrackingLockableContainerBlockEntity from lithium.mixins.json into net.minecraft.world.level.block.entity.BaseContainerBlockEntity
[18May2025 00:08:14.543] [main/DEBUG] [mixin/]: lithium.mixins.json:util.inventory_change_listening.StackListReplacementTracking$StackListReplacementTrackingLockableContainerBlockEntity: Class version 61 required is higher than the class version supported by the current version of Mixin (JAVA_16 supports class version 60)
[18May2025 00:08:14.563] [main/DEBUG] [mixin/]: Mixing math.fast_util.AxisCycleDirectionMixin$ForwardMixin from lithium.mixins.json into net.minecraft.core.AxisCycle$2
[18May2025 00:08:14.563] [main/DEBUG] [mixin/]: lithium.mixins.json:math.fast_util.AxisCycleDirectionMixin$ForwardMixin: Class version 61 required is higher than the class version supported by the current version of Mixin (JAVA_16 supports class version 60)
[18May2025 00:08:14.564] [main/DEBUG] [mixin/]: Mixing math.fast_util.AxisCycleDirectionMixin$BackwardMixin from lithium.mixins.json into net.minecraft.core.AxisCycle$3
[18May2025 00:08:14.564] [main/DEBUG] [mixin/]: lithium.mixins.json:math.fast_util.AxisCycleDirectionMixin$BackwardMixin: Class version 61 required is higher than the class version supported by the current version of Mixin (JAVA_16 supports class version 60)
[18May2025 00:08:14.578] [main/DEBUG] [mixin/]: Mixing entity.collisions.unpushable_cramming.AbstractMinecartEntityMixin from lithium.mixins.json into net.minecraft.world.entity.vehicle.AbstractMinecart
[18May2025 00:08:14.578] [main/DEBUG] [mixin/]: lithium.mixins.json:entity.collisions.unpushable_cramming.AbstractMinecartEntityMixin: Class version 61 required is higher than the class version supported by the current version of Mixin (JAVA_16 supports class version 60)
[18May2025 00:08:14.578] [main/DEBUG] [mixin/]: Mixing entity.replace_entitytype_predicates.AbstractMinecartEntityMixin from lithium.mixins.json into net.minecraft.world.entity.vehicle.AbstractMinecart
[18May2025 00:08:14.578] [main/DEBUG] [mixin/]: lithium.mixins.json:entity.replace_entitytype_predicates.AbstractMinecartEntityMixin: Class version 61 required is higher than the class version supported by the current version of Mixin (JAVA_16 supports class version 60)
[18May2025 00:08:14.578] [main/DEBUG] [mixin/]: Renaming synthetic method lambda$getOtherAbstractMinecarts$0(Lnet/minecraft/world/entity/Entity;Lnet/minecraft/world/entity/vehicle/AbstractMinecart;)Z to md2f1535$lambda$getOtherAbstractMinecarts$0$0 in lithium.mixins.json:entity.replace_entitytype_predicates.AbstractMinecartEntityMixin
[18May2025 00:08:14.590] [main/DEBUG] [mixin/]: Mixing math.fast_util.BoxMixin from lithium.mixins.json into net.minecraft.world.phys.AABB
[18May2025 00:08:14.590] [main/DEBUG] [mixin/]: lithium.mixins.json:math.fast_util.BoxMixin: Class version 61 required is higher than the class version supported by the current version of Mixin (JAVA_16 supports class version 60)
[18May2025 00:08:14.606] [main/DEBUG] [mixin/]: Mixing features.activation_range.fixes.PistonMovingBlockEntityMixin from servercore.common.mixins.json into net.minecraft.world.level.block.piston.PistonMovingBlockEntity
[18May2025 00:08:14.607] [main/DEBUG] [mixin/]: servercore.common.mixins.json:features.activation_range.fixes.PistonMovingBlockEntityMixin: Class version 61 required is higher than the class version supported by the current version of Mixin (JAVA_16 supports class version 60)
[18May2025 00:08:14.607] [main/DEBUG] [mixin/]: Mixing block.moving_block_shapes.PistonBlockEntityMixin from lithium.mixins.json into net.minecraft.world.level.block.piston.PistonMovingBlockEntity
[18May2025 00:08:14.607] [main/DEBUG] [mixin/]: lithium.mixins.json:block.moving_block_shapes.PistonBlockEntityMixin: Class version 61 required is higher than the class version supported by the current version of Mixin (JAVA_16 supports class version 60)
[18May2025 00:08:14.637] [main/DEBUG] [mixin/]: Mixing MixinProjectile from majruszlibrary-common.mixins.json into net.minecraft.world.entity.projectile.Projectile
[18May2025 00:08:14.672] [main/DEBUG] [mixin/]: Mixing util.inventory_change_listening.ChestBlockEntityMixin from lithium.mixins.json into net.minecraft.world.level.block.entity.ChestBlockEntity
[18May2025 00:08:14.672] [main/DEBUG] [mixin/]: lithium.mixins.json:util.inventory_change_listening.ChestBlockEntityMixin: Class version 61 required is higher than the class version supported by the current version of Mixin (JAVA_16 supports class version 60)
[18May2025 00:08:14.672] [main/DEBUG] [mixin/]: Mixing util.inventory_change_listening.StackListReplacementTracking$InventoryChangeTrackingChestBlockEntity from lithium.mixins.json into net.minecraft.world.level.block.entity.ChestBlockEntity
[18May2025 00:08:14.672] [main/DEBUG] [mixin/]: lithium.mixins.json:util.inventory_change_listening.StackListReplacementTracking$InventoryChangeTrackingChestBlockEntity: Class version 61 required is higher than the class version supported by the current version of Mixin (JAVA_16 supports class version 60)
[18May2025 00:08:14.690] [main/DEBUG] [mixin/]: Mixing forge.AbstractContainerMenuMixin from apoli.mixins.json into net.minecraft.world.inventory.AbstractContainerMenu
[18May2025 00:08:14.691] [main/DEBUG] [mixin/]: Renaming synthetic method lambda$checkForSameTagsWithNewContextGrow$9(Lnet/minecraft/world/inventory/Slot;)Z to md2f1535$lambda$checkForSameTagsWithNewContextGrow$9$0 in apoli.mixins.json:forge.AbstractContainerMenuMixin
[18May2025 00:08:14.691] [main/DEBUG] [mixin/]: Renaming synthetic method lambda$checkForSameTagsWithNewContextGrow$8(Lnet/minecraft/world/inventory/Slot;)Z to md2f1535$lambda$checkForSameTagsWithNewContextGrow$8$1 in apoli.mixins.json:forge.AbstractContainerMenuMixin
[18May2025 00:08:14.691] [main/DEBUG] [mixin/]: Renaming synthetic method lambda$checkForSameTagsWithNewContextInsert$7(Lnet/minecraft/world/inventory/Slot;)Z to md2f1535$lambda$checkForSameTagsWithNewContextInsert$7$2 in apoli.mixins.json:forge.AbstractContainerMenuMixin
[18May2025 00:08:14.691] [main/DEBUG] [mixin/]: Renaming synthetic method lambda$checkForSameTagsWithNewContextInsert$6(Lnet/minecraft/world/inventory/Slot;)Z to md2f1535$lambda$checkForSameTagsWithNewContextInsert$6$3 in apoli.mixins.json:forge.AbstractContainerMenuMixin
[18May2025 00:08:14.691] [main/DEBUG] [mixin/]: Renaming synthetic method lambda$handleGrindstoneLateActionsSwap$5(Lnet/minecraft/world/inventory/Slot;)Z to md2f1535$lambda$handleGrindstoneLateActionsSwap$5$4 in apoli.mixins.json:forge.AbstractContainerMenuMixin
[18May2025 00:08:14.691] [main/DEBUG] [mixin/]: Renaming synthetic method lambda$handleGrindstoneLateActionsSwap$4(Lnet/minecraft/world/inventory/Slot;)Z to md2f1535$lambda$handleGrindstoneLateActionsSwap$4$5 in apoli.mixins.json:forge.AbstractContainerMenuMixin
[18May2025 00:08:14.691] [main/DEBUG] [mixin/]: Renaming synthetic method lambda$handleGrindstoneLateActionsGrow$3(Lnet/minecraft/world/inventory/Slot;)Z to md2f1535$lambda$handleGrindstoneLateActionsGrow$3$6 in apoli.mixins.json:forge.AbstractContainerMenuMixin
[18May2025 00:08:14.691] [main/DEBUG] [mixin/]: Renaming synthetic method lambda$handleGrindstoneLateActionsGrow$2(Lnet/minecraft/world/inventory/Slot;)Z to md2f1535$lambda$handleGrindstoneLateActionsGrow$2$7 in apoli.mixins.json:forge.AbstractContainerMenuMixin
[18May2025 00:08:14.691] [main/DEBUG] [mixin/]: Renaming synthetic method lambda$handleGrindstoneLateActionsSet$1(Lnet/minecraft/world/inventory/Slot;)Z to md2f1535$lambda$handleGrindstoneLateActionsSet$1$8 in apoli.mixins.json:forge.AbstractContainerMenuMixin
[18May2025 00:08:14.691] [main/DEBUG] [mixin/]: Renaming synthetic method lambda$handleGrindstoneLateActionsSet$0(Lnet/minecraft/world/inventory/Slot;)Z to md2f1535$lambda$handleGrindstoneLateActionsSet$0$9 in apoli.mixins.json:forge.AbstractContainerMenuMixin
[18May2025 00:08:14.728] [main/DEBUG] [mixin/]: Mixing CraftingScreenHandlerMixin from apoli.mixins.json into net.minecraft.world.inventory.CraftingMenu
[18May2025 00:08:14.728] [main/DEBUG] [mixin/]: Renaming synthetic method lambda$allowUsingViaPower$0(Lnet/minecraft/world/entity/player/Player;Lnet/minecraft/world/level/Level;Lnet/minecraft/core/BlockPos;)Ljava/lang/Boolean; to md2f1535$lambda$allowUsingViaPower$0$0 in apoli.mixins.json:CraftingScreenHandlerMixin
[18May2025 00:08:14.742] [main/DEBUG] [mixin/]: Mixing util.inventory_change_listening.StackListReplacementTracking$InventoryChangeTrackingAbstractFurnaceBlockEntity from lithium.mixins.json into net.minecraft.world.level.block.entity.AbstractFurnaceBlockEntity
[18May2025 00:08:14.742] [main/DEBUG] [mixin/]: lithium.mixins.json:util.inventory_change_listening.StackListReplacementTracking$InventoryChangeTrackingAbstractFurnaceBlockEntity: Class version 61 required is higher than the class version supported by the current version of Mixin (JAVA_16 supports class version 60)
[18May2025 00:08:14.807] [main/DEBUG] [mixin/]: Mixing MonsterMixin from tombstone.mixins.json into net.minecraft.world.entity.monster.Monster
[18May2025 00:08:14.836] [main/DEBUG] [mixin/]: Mixing util.inventory_change_listening.StackListReplacementTracking$InventoryChangeTrackingBrewingStandBlockEntity from lithium.mixins.json into net.minecraft.world.level.block.entity.BrewingStandBlockEntity
[18May2025 00:08:14.836] [main/DEBUG] [mixin/]: lithium.mixins.json:util.inventory_change_listening.StackListReplacementTracking$InventoryChangeTrackingBrewingStandBlockEntity: Class version 61 required is higher than the class version supported by the current version of Mixin (JAVA_16 supports class version 60)
[18May2025 00:08:14.837] [main/DEBUG] [mixin/]: Mixing MixinBrewingStandBlockEntity from majruszlibrary-common.mixins.json into net.minecraft.world.level.block.entity.BrewingStandBlockEntity
[18May2025 00:08:14.890] [main/DEBUG] [mixin/]: Mixing DamageSourceMixin from apoli.mixins.json into net.minecraft.world.damagesource.DamageSource
[18May2025 00:08:14.895] [main/DEBUG] [net.minecraftforge.coremod.transformer.CoreModBaseTransformer/COREMOD]: Transforming m_218868_ with desc ()Ljava/util/OptionalInt;
[18May2025 00:08:14.895] [main/DEBUG] [mixin/]: Mixing entity.replace_entitytype_predicates.ItemFrameEntityMixin from lithium.mixins.json into net.minecraft.world.entity.decoration.ItemFrame
[18May2025 00:08:14.896] [main/DEBUG] [mixin/]: lithium.mixins.json:entity.replace_entitytype_predicates.ItemFrameEntityMixin: Class version 61 required is higher than the class version supported by the current version of Mixin (JAVA_16 supports class version 60)
[18May2025 00:08:14.896] [main/DEBUG] [mixin/]: Renaming synthetic method lambda$getAbstractDecorationEntities$0(Lnet/minecraft/world/entity/Entity;Lnet/minecraft/world/entity/decoration/HangingEntity;)Z to md2f1535$lambda$getAbstractDecorationEntities$0$0 in lithium.mixins.json:entity.replace_entitytype_predicates.ItemFrameEntityMixin
[18May2025 00:08:14.899] [main/DEBUG] [mixin/]: Mixing entity.replace_entitytype_predicates.AbstractDecorationEntityMixin from lithium.mixins.json into net.minecraft.world.entity.decoration.HangingEntity
[18May2025 00:08:14.899] [main/DEBUG] [mixin/]: lithium.mixins.json:entity.replace_entitytype_predicates.AbstractDecorationEntityMixin: Class version 61 required is higher than the class version supported by the current version of Mixin (JAVA_16 supports class version 60)
[18May2025 00:08:14.899] [main/DEBUG] [mixin/]: Renaming synthetic method lambda$getAbstractDecorationEntities$0(Lnet/minecraft/world/entity/Entity;Lnet/minecraft/world/entity/decoration/HangingEntity;)Z to md2f1535$lambda$getAbstractDecorationEntities$0$0 in lithium.mixins.json:entity.replace_entitytype_predicates.AbstractDecorationEntityMixin
[18May2025 00:08:14.904] [main/DEBUG] [mixin/]: Mixing entity.hopper_minecart.HopperBlockEntityMixin from lithium.mixins.json into net.minecraft.world.level.block.entity.HopperBlockEntity
[18May2025 00:08:14.905] [main/DEBUG] [mixin/]: lithium.mixins.json:entity.hopper_minecart.HopperBlockEntityMixin: Class version 61 required is higher than the class version supported by the current version of Mixin (JAVA_16 supports class version 60)
[18May2025 00:08:14.906] [main/DEBUG] [mixin/]: Mixing util.inventory_change_listening.StackListReplacementTracking$InventoryChangeTrackingHopperBlockEntity from lithium.mixins.json into net.minecraft.world.level.block.entity.HopperBlockEntity
[18May2025 00:08:14.906] [main/DEBUG] [mixin/]: lithium.mixins.json:util.inventory_change_listening.StackListReplacementTracking$InventoryChangeTrackingHopperBlockEntity: Class version 61 required is higher than the class version supported by the current version of Mixin (JAVA_16 supports class version 60)
[18May2025 00:08:14.984] [main/DEBUG] [mixin/]: Mixing util.inventory_change_listening.StackListReplacementTracking$InventoryChangeTrackingShulkerBoxBlockEntity from lithium.mixins.json into net.minecraft.world.level.block.entity.ShulkerBoxBlockEntity
[18May2025 00:08:14.984] [main/DEBUG] [mixin/]: lithium.mixins.json:util.inventory_change_listening.StackListReplacementTracking$InventoryChangeTrackingShulkerBoxBlockEntity: Class version 61 required is higher than the class version supported by the current version of Mixin (JAVA_16 supports class version 60)
[18May2025 00:08:14.993] [main/DEBUG] [mixin/]: Mixing MixinAnimal from majruszlibrary-common.mixins.json into net.minecraft.world.entity.animal.Animal
[18May2025 00:08:14.998] [main/DEBUG] [mixin/]: Mixing features.activation_range.inactive_ticks.AgeableMobMixin from servercore.common.mixins.json into net.minecraft.world.entity.AgeableMob
[18May2025 00:08:14.998] [main/DEBUG] [mixin/]: servercore.common.mixins.json:features.activation_range.inactive_ticks.AgeableMobMixin: Class version 61 required is higher than the class version supported by the current version of Mixin (JAVA_16 supports class version 60)
[18May2025 00:08:15.008] [main/DEBUG] [mixin/]: Mixing ConduitOnLandMixin from origins.mixins.json into net.minecraft.world.level.block.entity.ConduitBlockEntity
[18May2025 00:08:15.058] [main/DEBUG] [mixin/]: Mixing util.inventory_change_listening.StackListReplacementTracking$InventoryChangeTrackingBarrelBlockEntity from lithium.mixins.json into net.minecraft.world.level.block.entity.BarrelBlockEntity
[18May2025 00:08:15.059] [main/DEBUG] [mixin/]: lithium.mixins.json:util.inventory_change_listening.StackListReplacementTracking$InventoryChangeTrackingBarrelBlockEntity: Class version 61 required is higher than the class version supported by the current version of Mixin (JAVA_16 supports class version 60)
[18May2025 00:08:15.062] [main/DEBUG] [mixin/]: Mixing GrindstoneScreenHandlerMixin from apoli.mixins.json into net.minecraft.world.inventory.GrindstoneMenu
[18May2025 00:08:15.063] [main/DEBUG] [mixin/]: Renaming synthetic method lambda$cachePlayer$0(Lnet/minecraft/world/level/Level;Lnet/minecraft/core/BlockPos;)Lnet/minecraft/core/BlockPos; to md2f1535$lambda$cachePlayer$0$0 in apoli.mixins.json:GrindstoneScreenHandlerMixin
[18May2025 00:08:15.080] [main/DEBUG] [mixin/]: Mixing optimizations.tickets.ChunkGeneratorMixin from servercore.common.mixins.json into net.minecraft.world.level.chunk.ChunkGenerator
[18May2025 00:08:15.080] [main/DEBUG] [mixin/]: servercore.common.mixins.json:optimizations.tickets.ChunkGeneratorMixin: Class version 61 required is higher than the class version supported by the current version of Mixin (JAVA_16 supports class version 60)
[18May2025 00:08:15.081] [main/DEBUG] [mixin/]: Mixing ChunkGeneratorMixin from structure_gel.mixins.json into net.minecraft.world.level.chunk.ChunkGenerator
[18May2025 00:08:15.081] [main/DEBUG] [mixin/]: Renaming synthetic method lambda$stopIfNotInDimension$0(Lnet/minecraft/resources/ResourceKey;Ljava/util/Optional;)Z to md2f1535$lambda$stopIfNotInDimension$0$0 in structure_gel.mixins.json:ChunkGeneratorMixin
[18May2025 00:08:15.098] [main/DEBUG] [mixin/]: Mixing StructureBlockEntityMixin from structure_gel.mixins.json into net.minecraft.world.level.block.entity.StructureBlockEntity
[18May2025 00:08:15.100] [main/DEBUG] [mixin/]: Mixing TemplateMixins$StructureBlockEntityMixin from structure_gel.mixins.json into net.minecraft.world.level.block.entity.StructureBlockEntity
[18May2025 00:08:15.162] [main/DEBUG] [mixin/]: Mixing ServerPlayerMixin from netherportalfix.mixins.json into net.minecraft.server.level.ServerPlayer
[18May2025 00:08:15.164] [main/DEBUG] [mixin/]: Mixing ForgeServerPlayerMixin from netherportalfix.mixins.json into net.minecraft.server.level.ServerPlayer
[18May2025 00:08:15.166] [main/DEBUG] [mixin/]: Mixing optimizations.players.ServerPlayerMixin from servercore.common.mixins.json into net.minecraft.server.level.ServerPlayer
[18May2025 00:08:15.166] [main/DEBUG] [mixin/]: servercore.common.mixins.json:optimizations.players.ServerPlayerMixin: Class version 61 required is higher than the class version supported by the current version of Mixin (JAVA_16 supports class version 60)
[18May2025 00:08:15.166] [main/DEBUG] [mixin/]: Mixing MixinServerPlayer from majruszlibrary-common.mixins.json into net.minecraft.server.level.ServerPlayer
[18May2025 00:08:15.166] [main/DEBUG] [mixin/]: Mixing ServerPlayerMixin from tombstone.mixins.json into net.minecraft.server.level.ServerPlayer
[18May2025 00:08:15.189] [main/DEBUG] [mixin/]: Mixing MixinLightningBolt from architectury-common.mixins.json into net.minecraft.world.entity.LightningBolt
[18May2025 00:08:15.219] [main/DEBUG] [net.minecraftforge.coremod.transformer.CoreModBaseTransformer/COREMOD]: Transforming net/minecraft/world/entity/animal/frog/Tadpole
[18May2025 00:08:15.230] [main/DEBUG] [mixin/]: Mixing features.activation_range.inactive_ticks.TadpoleMixin from servercore.common.mixins.json into net.minecraft.world.entity.animal.frog.Tadpole
[18May2025 00:08:15.231] [main/DEBUG] [mixin/]: servercore.common.mixins.json:features.activation_range.inactive_ticks.TadpoleMixin: Class version 61 required is higher than the class version supported by the current version of Mixin (JAVA_16 supports class version 60)
[18May2025 00:08:15.243] [main/DEBUG] [mixin/]: Mixing BlockItemMixin from apoli.mixins.json into net.minecraft.world.item.BlockItem
[18May2025 00:08:15.250] [main/DEBUG] [mixin/]: Mixing RangedWeaponItemMixin from bettercombat.mixins.json into net.minecraft.world.item.ProjectileWeaponItem
[18May2025 00:08:15.259] [main/DEBUG] [mixin/]: Mixing DiggerItemMixin from blue_skies.mixins.json into net.minecraft.world.item.DiggerItem
[18May2025 00:08:15.259] [main/DEBUG] [mixin/]: Renaming synthetic method lambda$hurtEnemy$0(Lnet/minecraft/world/entity/LivingEntity;)V to md2f1535$lambda$hurtEnemy$0$0 in blue_skies.mixins.json:DiggerItemMixin
[18May2025 00:08:15.270] [main/DEBUG] [net.minecraftforge.coremod.transformer.CoreModBaseTransformer/COREMOD]: Transforming net/minecraft/world/item/BucketItem
[18May2025 00:08:15.270] [main/DEBUG] [mixin/]: Mixing inject.MixinBucketItem from architectury-common.mixins.json into net.minecraft.world.item.BucketItem
[18May2025 00:08:15.275] [main/DEBUG] [mixin/]: Mixing BundleItemMixin from tombstone.mixins.json into net.minecraft.world.item.BundleItem
[18May2025 00:08:15.275] [main/DEBUG] [mixin/]: Renaming synthetic method lambda$getEnchantmentLevel$0(Lnet/minecraft/world/item/ItemStack;Lovh/corail/tombstone/api/capability/ISoulConsumer;)Ljava/lang/Boolean; to md2f1535$lambda$getEnchantmentLevel$0$0 in tombstone.mixins.json:BundleItemMixin
[18May2025 00:08:15.279] [main/DEBUG] [net.minecraftforge.coremod.transformer.CoreModBaseTransformer/COREMOD]: Transforming m_7373_ with desc (Lnet/minecraft/world/item/ItemStack;Lnet/minecraft/world/level/Level;Ljava/util/List;Lnet/minecraft/world/item/TooltipFlag;)V
[18May2025 00:08:15.280] [main/DEBUG] [mixin/]: Mixing optimizations.sync_loads.MapItemMixin from servercore.common.mixins.json into net.minecraft.world.item.MapItem
[18May2025 00:08:15.280] [main/DEBUG] [mixin/]: servercore.common.mixins.json:optimizations.sync_loads.MapItemMixin: Class version 61 required is higher than the class version supported by the current version of Mixin (JAVA_16 supports class version 60)
[18May2025 00:08:15.284] [main/DEBUG] [mixin/]: Mixing PotionItemMixin from tombstone.mixins.json into net.minecraft.world.item.PotionItem
[18May2025 00:08:15.284] [main/DEBUG] [mixin/]: Renaming synthetic method lambda$methodFinishUsingItemReturn$1(Lnet/minecraft/world/entity/LivingEntity;Lovh/corail/tombstone/api/capability/ITBCapability;)V to md2f1535$lambda$methodFinishUsingItemReturn$1$0 in tombstone.mixins.json:PotionItemMixin
[18May2025 00:08:15.284] [main/DEBUG] [mixin/]: Renaming synthetic method lambda$effectList$0(Lnet/minecraft/world/effect/MobEffectInstance;)Ljava/lang/Integer; to md2f1535$lambda$effectList$0$1 in tombstone.mixins.json:PotionItemMixin
[18May2025 00:08:15.292] [main/DEBUG] [net.minecraftforge.coremod.transformer.CoreModBaseTransformer/COREMOD]: Transforming m_7626_ with desc (Lnet/minecraft/world/item/ItemStack;)Lnet/minecraft/network/chat/Component;
[18May2025 00:08:15.300] [main/DEBUG] [mixin/]: Mixing MixinChorusFruitItem from majruszlibrary-common.mixins.json into net.minecraft.world.item.ChorusFruitItem
[18May2025 00:08:15.314] [main/DEBUG] [mixin/]: Mixing inject.MixinItemProperties from architectury-common.mixins.json into net.minecraft.world.item.Item$Properties
[18May2025 00:08:15.329] [main/DEBUG] [mixin/]: Mixing features.breeding_cap.AllayMixin from servercore.common.mixins.json into net.minecraft.world.entity.animal.allay.Allay
[18May2025 00:08:15.329] [main/DEBUG] [mixin/]: servercore.common.mixins.json:features.breeding_cap.AllayMixin: Class version 61 required is higher than the class version supported by the current version of Mixin (JAVA_16 supports class version 60)
[18May2025 00:08:15.339] [main/DEBUG] [mixin/]: Mixing perf.ticking_chunk_alloc.ChunkAccessMixin from modernfix-common.mixins.json into net.minecraft.world.level.chunk.ChunkAccess
[18May2025 00:08:15.339] [main/DEBUG] [mixin/]: Mixing ChunkAccessMixin from smoothchunk.mixins.json into net.minecraft.world.level.chunk.ChunkAccess
[18May2025 00:08:15.340] [main/DEBUG] [mixin/]: Mixing ChunkAccessMixin$Access from structure_gel.mixins.json into net.minecraft.world.level.chunk.ChunkAccess
[18May2025 00:08:15.343] [main/DEBUG] [mixin/]: Mixing world.inline_block_access.WorldChunkMixin from lithium.mixins.json into net.minecraft.world.level.chunk.LevelChunk
[18May2025 00:08:15.344] [main/DEBUG] [mixin/]: lithium.mixins.json:world.inline_block_access.WorldChunkMixin: Class version 61 required is higher than the class version supported by the current version of Mixin (JAVA_16 supports class version 60)
[18May2025 00:08:15.344] [main/DEBUG] [mixin/]: Mixing collections.block_entity_tickers.WorldChunkMixin from lithium.mixins.json into net.minecraft.world.level.chunk.LevelChunk
[18May2025 00:08:15.344] [main/DEBUG] [mixin/]: lithium.mixins.json:collections.block_entity_tickers.WorldChunkMixin: Class version 61 required is higher than the class version supported by the current version of Mixin (JAVA_16 supports class version 60)
[18May2025 00:08:15.345] [main/DEBUG] [mixin/]: Mixing world.combined_heightmap_update.WorldChunkMixin from lithium.mixins.json into net.minecraft.world.level.chunk.LevelChunk
[18May2025 00:08:15.345] [main/DEBUG] [mixin/]: lithium.mixins.json:world.combined_heightmap_update.WorldChunkMixin: Class version 61 required is higher than the class version supported by the current version of Mixin (JAVA_16 supports class version 60)
[18May2025 00:08:15.346] [main/DEBUG] [mixin/]: Mixing world.inline_height.WorldChunkMixin from lithium.mixins.json into net.minecraft.world.level.chunk.LevelChunk
[18May2025 00:08:15.346] [main/DEBUG] [mixin/]: lithium.mixins.json:world.inline_height.WorldChunkMixin: Class version 61 required is higher than the class version supported by the current version of Mixin (JAVA_16 supports class version 60)
[18May2025 00:08:15.346] [main/DEBUG] [mixin/]: Mixing optimizations.ticking.chunk.random.LevelChunkMixin from servercore.common.mixins.json into net.minecraft.world.level.chunk.LevelChunk
[18May2025 00:08:15.346] [main/DEBUG] [mixin/]: servercore.common.mixins.json:optimizations.ticking.chunk.random.LevelChunkMixin: Class version 61 required is higher than the class version supported by the current version of Mixin (JAVA_16 supports class version 60)
[18May2025 00:08:15.362] [main/DEBUG] [mixin/]: Mixing entity.inactive_navigations.EntityNavigationMixin from lithium.mixins.json into net.minecraft.world.entity.ai.navigation.PathNavigation
[18May2025 00:08:15.362] [main/DEBUG] [mixin/]: lithium.mixins.json:entity.inactive_navigations.EntityNavigationMixin: Class version 61 required is higher than the class version supported by the current version of Mixin (JAVA_16 supports class version 60)
[18May2025 00:08:15.366] [main/DEBUG] [mixin/]: Mixing optimizations.sync_loads.GroundPathNavigationMixin from servercore.common.mixins.json into net.minecraft.world.entity.ai.navigation.GroundPathNavigation
[18May2025 00:08:15.366] [main/DEBUG] [mixin/]: servercore.common.mixins.json:optimizations.sync_loads.GroundPathNavigationMixin: Class version 61 required is higher than the class version supported by the current version of Mixin (JAVA_16 supports class version 60)
[18May2025 00:08:15.367] [main/DEBUG] [net.minecraftforge.coremod.transformer.CoreModBaseTransformer/COREMOD]: Transforming m_7088_ with desc ()Z
[18May2025 00:08:15.374] [main/DEBUG] [mixin/]: Mixing features.dynamic.MobCategoryMixin from servercore.common.mixins.json into net.minecraft.world.entity.MobCategory
[18May2025 00:08:15.374] [main/DEBUG] [mixin/]: servercore.common.mixins.json:features.dynamic.MobCategoryMixin: Class version 61 required is higher than the class version supported by the current version of Mixin (JAVA_16 supports class version 60)
[18May2025 00:08:15.375] [main/DEBUG] [mixin/]: Mixing MixinMobCategory from majruszlibrary-common.mixins.json into net.minecraft.world.entity.MobCategory
[18May2025 00:08:15.378] [main/DEBUG] [mixin/]: Mixing perf.dynamic_dfu.EntityTypeBuilderMixin from modernfix-common.mixins.json into net.minecraft.world.entity.EntityType$Builder
[18May2025 00:08:15.383] [main/DEBUG] [mixin/]: Mixing features.activation_range.inactive_ticks.AreaEffectCloudMixin from servercore.common.mixins.json into net.minecraft.world.entity.AreaEffectCloud
[18May2025 00:08:15.383] [main/DEBUG] [mixin/]: servercore.common.mixins.json:features.activation_range.inactive_ticks.AreaEffectCloudMixin: Class version 61 required is higher than the class version supported by the current version of Mixin (JAVA_16 supports class version 60)
[18May2025 00:08:15.387] [main/DEBUG] [mixin/]: Mixing entity.replace_entitytype_predicates.ArmorStandEntityMixin from lithium.mixins.json into net.minecraft.world.entity.decoration.ArmorStand
[18May2025 00:08:15.387] [main/DEBUG] [mixin/]: lithium.mixins.json:entity.replace_entitytype_predicates.ArmorStandEntityMixin: Class version 61 required is higher than the class version supported by the current version of Mixin (JAVA_16 supports class version 60)
[18May2025 00:08:15.388] [main/DEBUG] [mixin/]: Renaming synthetic method lambda$getMinecartsDirectly$0(Lnet/minecraft/world/entity/Entity;Lnet/minecraft/world/entity/Entity;)Z to md2f1535$lambda$getMinecartsDirectly$0$0 in lithium.mixins.json:entity.replace_entitytype_predicates.ArmorStandEntityMixin
[18May2025 00:08:15.388] [main/DEBUG] [mixin/]: Mixing entity.skip_equipment_change_check.ArmorStandEntityMixin from lithium.mixins.json into net.minecraft.world.entity.decoration.ArmorStand
[18May2025 00:08:15.388] [main/DEBUG] [mixin/]: lithium.mixins.json:entity.skip_equipment_change_check.ArmorStandEntityMixin: Class version 61 required is higher than the class version supported by the current version of Mixin (JAVA_16 supports class version 60)
[18May2025 00:08:15.395] [main/DEBUG] [mixin/]: Mixing features.activation_range.inactive_ticks.ArrowMixin from servercore.common.mixins.json into net.minecraft.world.entity.projectile.Arrow
[18May2025 00:08:15.395] [main/DEBUG] [mixin/]: servercore.common.mixins.json:features.activation_range.inactive_ticks.ArrowMixin: Class version 61 required is higher than the class version supported by the current version of Mixin (JAVA_16 supports class version 60)
[18May2025 00:08:15.395] [main/DEBUG] [mixin/]: Mixing MixinArrow from majruszlibrary-common.mixins.json into net.minecraft.world.entity.projectile.Arrow
[18May2025 00:08:15.403] [main/DEBUG] [mixin/]: Mixing ExperienceOrbEntityMixin from apoli.mixins.json into net.minecraft.world.entity.ExperienceOrb
[18May2025 00:08:15.404] [main/DEBUG] [mixin/]: Mixing features.merging.ExperienceOrbMixin from servercore.common.mixins.json into net.minecraft.world.entity.ExperienceOrb
[18May2025 00:08:15.404] [main/DEBUG] [mixin/]: servercore.common.mixins.json:features.merging.ExperienceOrbMixin: Class version 61 required is higher than the class version supported by the current version of Mixin (JAVA_16 supports class version 60)
[18May2025 00:08:15.404] [main/DEBUG] [mixin/]: Mixing MixinExperienceOrb from majruszlibrary-common.mixins.json into net.minecraft.world.entity.ExperienceOrb
[18May2025 00:08:15.413] [main/DEBUG] [mixin/]: Mixing perf.ticking_chunk_alloc.BatMixin from modernfix-common.mixins.json into net.minecraft.world.entity.ambient.Bat
[18May2025 00:08:15.427] [main/DEBUG] [mixin/]: Mixing features.activation_range.inactive_ticks.BeeMixin from servercore.common.mixins.json into net.minecraft.world.entity.animal.Bee
[18May2025 00:08:15.427] [main/DEBUG] [mixin/]: servercore.common.mixins.json:features.activation_range.inactive_ticks.BeeMixin: Class version 61 required is higher than the class version supported by the current version of Mixin (JAVA_16 supports class version 60)
[18May2025 00:08:15.427] [main/DEBUG] [mixin/]: Mixing optimizations.sync_loads.BeeMixin from servercore.common.mixins.json into net.minecraft.world.entity.animal.Bee
[18May2025 00:08:15.427] [main/DEBUG] [mixin/]: servercore.common.mixins.json:optimizations.sync_loads.BeeMixin: Class version 61 required is higher than the class version supported by the current version of Mixin (JAVA_16 supports class version 60)
[18May2025 00:08:15.435] [main/DEBUG] [mixin/]: Mixing features.breeding_cap.tasks.BreedGoalMixin from servercore.common.mixins.json into net.minecraft.world.entity.ai.goal.BreedGoal
[18May2025 00:08:15.436] [main/DEBUG] [mixin/]: servercore.common.mixins.json:features.breeding_cap.tasks.BreedGoalMixin: Class version 61 required is higher than the class version supported by the current version of Mixin (JAVA_16 supports class version 60)
[18May2025 00:08:15.436] [main/DEBUG] [mixin/]: Mixing IMixinBreedGoal from majruszlibrary-common.mixins.json into net.minecraft.world.entity.ai.goal.BreedGoal
[18May2025 00:08:15.443] [main/DEBUG] [mixin/]: Mixing HurtByTargetGoalMixin from tombstone.mixins.json into net.minecraft.world.entity.ai.goal.target.HurtByTargetGoal
[18May2025 00:08:15.445] [main/DEBUG] [mixin/]: Mixing accessor.TargetGoalAccessor from tombstone.mixins.json into net.minecraft.world.entity.ai.goal.target.TargetGoal
[18May2025 00:08:15.458] [main/DEBUG] [mixin/]: Mixing entity.collisions.unpushable_cramming.BoatEntityMixin from lithium.mixins.json into net.minecraft.world.entity.vehicle.Boat
[18May2025 00:08:15.458] [main/DEBUG] [mixin/]: lithium.mixins.json:entity.collisions.unpushable_cramming.BoatEntityMixin: Class version 61 required is higher than the class version supported by the current version of Mixin (JAVA_16 supports class version 60)
[18May2025 00:08:15.468] [main/DEBUG] [mixin/]: Mixing MixinAbstractHorse from majruszlibrary-common.mixins.json into net.minecraft.world.entity.animal.horse.AbstractHorse
[18May2025 00:08:15.479] [main/DEBUG] [mixin/]: Mixing features.activation_range.fixes.CatMixin from servercore.common.mixins.json into net.minecraft.world.entity.animal.Cat
[18May2025 00:08:15.479] [main/DEBUG] [mixin/]: servercore.common.mixins.json:features.activation_range.fixes.CatMixin: Class version 61 required is higher than the class version supported by the current version of Mixin (JAVA_16 supports class version 60)
[18May2025 00:08:15.481] [main/DEBUG] [mixin/]: Mixing MixinTamableAnimal from majruszlibrary-common.mixins.json into net.minecraft.world.entity.TamableAnimal
[18May2025 00:08:15.488] [main/DEBUG] [net.minecraftforge.coremod.transformer.CoreModBaseTransformer/COREMOD]: Transforming net/minecraft/world/entity/monster/Spider
[18May2025 00:08:15.515] [main/DEBUG] [mixin/]: Mixing features.activation_range.inactive_ticks.ChickenMixin from servercore.common.mixins.json into net.minecraft.world.entity.animal.Chicken
[18May2025 00:08:15.516] [main/DEBUG] [mixin/]: servercore.common.mixins.json:features.activation_range.inactive_ticks.ChickenMixin: Class version 61 required is higher than the class version supported by the current version of Mixin (JAVA_16 supports class version 60)
[18May2025 00:08:15.524] [main/DEBUG] [mixin/]: Mixing IMixinCreeper from majruszsdifficulty-common.mixins.json into net.minecraft.world.entity.monster.Creeper
[18May2025 00:08:15.524] [main/DEBUG] [mixin/]: Mixing ScareCreepersMixin from origins.mixins.json into net.minecraft.world.entity.monster.Creeper
[18May2025 00:08:15.524] [main/DEBUG] [mixin/]: Renaming synthetic method lambda$redirectTargetGoal$1(Lnet/minecraft/world/entity/LivingEntity;)Z to md2f1535$lambda$redirectTargetGoal$1$0 in origins.mixins.json:ScareCreepersMixin
[18May2025 00:08:15.525] [main/DEBUG] [mixin/]: Renaming synthetic method lambda$addGoals$0(Lnet/minecraft/world/entity/LivingEntity;)Z to md2f1535$lambda$addGoals$0$1 in origins.mixins.json:ScareCreepersMixin
[18May2025 00:08:15.539] [main/DEBUG] [mixin/]: Mixing entity.inactive_navigations.DrownedEntityMixin from lithium.mixins.json into net.minecraft.world.entity.monster.Drowned
[18May2025 00:08:15.539] [main/DEBUG] [mixin/]: lithium.mixins.json:entity.inactive_navigations.DrownedEntityMixin: Class version 61 required is higher than the class version supported by the current version of Mixin (JAVA_16 supports class version 60)
[18May2025 00:08:15.541] [main/DEBUG] [net.minecraftforge.coremod.transformer.CoreModBaseTransformer/COREMOD]: Transforming net/minecraft/world/entity/monster/Zombie
[18May2025 00:08:15.595] [main/DEBUG] [mixin/]: Mixing features.mob_spawning.ZombieMixin from servercore.common.mixins.json into net.minecraft.world.entity.monster.Zombie
[18May2025 00:08:15.595] [main/DEBUG] [mixin/]: servercore.common.mixins.json:features.mob_spawning.ZombieMixin: Class version 61 required is higher than the class version supported by the current version of Mixin (JAVA_16 supports class version 60)
[18May2025 00:08:15.607] [main/DEBUG] [net.minecraftforge.coremod.transformer.CoreModBaseTransformer/COREMOD]: Transforming net/minecraft/world/entity/monster/ZombieVillager
[18May2025 00:08:15.641] [main/DEBUG] [mixin/]: Mixing optimizations.sync_loads.RemoveBlockGoalMixin from servercore.common.mixins.json into net.minecraft.world.entity.ai.goal.RemoveBlockGoal
[18May2025 00:08:15.642] [main/DEBUG] [mixin/]: servercore.common.mixins.json:optimizations.sync_loads.RemoveBlockGoalMixin: Class version 61 required is higher than the class version supported by the current version of Mixin (JAVA_16 supports class version 60)
[18May2025 00:08:15.648] [main/DEBUG] [mixin/]: Mixing entity.inactive_navigations.DrownedEntityLeaveWaterGoalMixin from lithium.mixins.json into net.minecraft.world.entity.monster.Drowned$DrownedGoToBeachGoal
[18May2025 00:08:15.648] [main/DEBUG] [mixin/]: lithium.mixins.json:entity.inactive_navigations.DrownedEntityLeaveWaterGoalMixin: Class version 61 required is higher than the class version supported by the current version of Mixin (JAVA_16 supports class version 60)
[18May2025 00:08:15.650] [main/DEBUG] [mixin/]: Mixing features.breeding_cap.ThrownEggMixin from servercore.common.mixins.json into net.minecraft.world.entity.projectile.ThrownEgg
[18May2025 00:08:15.651] [main/DEBUG] [mixin/]: servercore.common.mixins.json:features.breeding_cap.ThrownEggMixin: Class version 61 required is higher than the class version supported by the current version of Mixin (JAVA_16 supports class version 60)
[18May2025 00:08:15.667] [main/DEBUG] [mixin/]: Mixing SpellcastingIllagerMixin from blue_skies.mixins.json into net.minecraft.world.entity.monster.SpellcasterIllager
[18May2025 00:08:15.670] [main/DEBUG] [mixin/]: Mixing ai.raid.RaiderEntityMixin from lithium.mixins.json into net.minecraft.world.entity.raid.Raider
[18May2025 00:08:15.670] [main/DEBUG] [mixin/]: lithium.mixins.json:ai.raid.RaiderEntityMixin: Class version 61 required is higher than the class version supported by the current version of Mixin (JAVA_16 supports class version 60)
[18May2025 00:08:15.670] [main/DEBUG] [mixin/]: Renaming synthetic method lambda$static$0(Lnet/minecraft/world/entity/item/ItemEntity;)Z to md2f1535$lambda$static$0$0 in lithium.mixins.json:ai.raid.RaiderEntityMixin
[18May2025 00:08:15.675] [main/DEBUG] [mixin/]: Mixing ai.raid.PickupBannerAsLeaderGoalMixin from lithium.mixins.json into net.minecraft.world.entity.raid.Raider$ObtainRaidLeaderBannerGoal
[18May2025 00:08:15.675] [main/DEBUG] [mixin/]: lithium.mixins.json:ai.raid.PickupBannerAsLeaderGoalMixin: Class version 61 required is higher than the class version supported by the current version of Mixin (JAVA_16 supports class version 60)
[18May2025 00:08:15.676] [main/DEBUG] [mixin/]: Mixing ai.poi.tasks.RaiderEntityAttackHomeGoalMixin from lithium.mixins.json into net.minecraft.world.entity.raid.Raider$RaiderMoveThroughVillageGoal
[18May2025 00:08:15.677] [main/DEBUG] [mixin/]: lithium.mixins.json:ai.poi.tasks.RaiderEntityAttackHomeGoalMixin: Class version 61 required is higher than the class version supported by the current version of Mixin (JAVA_16 supports class version 60)
[18May2025 00:08:15.680] [main/DEBUG] [net.minecraftforge.coremod.transformer.CoreModBaseTransformer/COREMOD]: Transforming net/minecraft/world/entity/monster/Evoker$EvokerSummonSpellGoal
[18May2025 00:08:15.698] [main/DEBUG] [mixin/]: Mixing MixinFoxBreedGoal from majruszlibrary-common.mixins.json into net.minecraft.world.entity.animal.Fox$FoxBreedGoal
[18May2025 00:08:15.729] [main/DEBUG] [mixin/]: Mixing entity.replace_entitytype_predicates.IronGolemWanderAroundGoalMixin from lithium.mixins.json into net.minecraft.world.entity.ai.goal.GolemRandomStrollInVillageGoal
[18May2025 00:08:15.729] [main/DEBUG] [mixin/]: lithium.mixins.json:entity.replace_entitytype_predicates.IronGolemWanderAroundGoalMixin: Class version 61 required is higher than the class version supported by the current version of Mixin (JAVA_16 supports class version 60)
[18May2025 00:08:15.737] [main/DEBUG] [mixin/]: Mixing entity.replace_entitytype_predicates.FormCaravanGoalMixin from lithium.mixins.json into net.minecraft.world.entity.ai.goal.LlamaFollowCaravanGoal
[18May2025 00:08:15.737] [main/DEBUG] [mixin/]: lithium.mixins.json:entity.replace_entitytype_predicates.FormCaravanGoalMixin: Class version 61 required is higher than the class version supported by the current version of Mixin (JAVA_16 supports class version 60)
[18May2025 00:08:15.737] [main/DEBUG] [mixin/]: Renaming synthetic method lambda$getLlamasForCaravan$0(Lnet/minecraft/world/entity/Entity;Lnet/minecraft/world/entity/animal/horse/Llama;)Z to md2f1535$lambda$getLlamasForCaravan$0$0 in lithium.mixins.json:entity.replace_entitytype_predicates.FormCaravanGoalMixin
[18May2025 00:08:15.748] [main/DEBUG] [mixin/]: Mixing features.activation_range.fixes.OcelotMixin from servercore.common.mixins.json into net.minecraft.world.entity.animal.Ocelot
[18May2025 00:08:15.748] [main/DEBUG] [mixin/]: servercore.common.mixins.json:features.activation_range.fixes.OcelotMixin: Class version 61 required is higher than the class version supported by the current version of Mixin (JAVA_16 supports class version 60)
[18May2025 00:08:15.792] [main/DEBUG] [mixin/]: Mixing features.activation_range.inactive_ticks.SkeletonHorseMixin from servercore.common.mixins.json into net.minecraft.world.entity.animal.horse.SkeletonHorse
[18May2025 00:08:15.792] [main/DEBUG] [mixin/]: servercore.common.mixins.json:features.activation_range.inactive_ticks.SkeletonHorseMixin: Class version 61 required is higher than the class version supported by the current version of Mixin (JAVA_16 supports class version 60)
[18May2025 00:08:15.795] [main/DEBUG] [net.minecraftforge.coremod.transformer.CoreModBaseTransformer/COREMOD]: Transforming net/minecraft/world/entity/animal/horse/SkeletonTrapGoal
[18May2025 00:08:15.812] [main/DEBUG] [mixin/]: Mixing features.mob_spawning.BaseSpawnerMixin from servercore.common.mixins.json into net.minecraft.world.level.BaseSpawner
[18May2025 00:08:15.812] [main/DEBUG] [mixin/]: servercore.common.mixins.json:features.mob_spawning.BaseSpawnerMixin: Class version 61 required is higher than the class version supported by the current version of Mixin (JAVA_16 supports class version 60)
[18May2025 00:08:15.815] [main/DEBUG] [mixin/]: Mixing features.activation_range.inactive_ticks.SpectralArrowMixin from servercore.common.mixins.json into net.minecraft.world.entity.projectile.SpectralArrow
[18May2025 00:08:15.815] [main/DEBUG] [mixin/]: servercore.common.mixins.json:features.activation_range.inactive_ticks.SpectralArrowMixin: Class version 61 required is higher than the class version supported by the current version of Mixin (JAVA_16 supports class version 60)
[18May2025 00:08:15.818] [main/DEBUG] [net.minecraftforge.coremod.transformer.CoreModBaseTransformer/COREMOD]: Transforming net/minecraft/world/entity/monster/Strider
[18May2025 00:08:15.874] [main/DEBUG] [mixin/]: Mixing entity.data_tracker.use_arrays.DataTrackerMixin from lithium.mixins.json into net.minecraft.network.syncher.SynchedEntityData
[18May2025 00:08:15.875] [main/DEBUG] [mixin/]: lithium.mixins.json:entity.data_tracker.use_arrays.DataTrackerMixin: Class version 61 required is higher than the class version supported by the current version of Mixin (JAVA_16 supports class version 60)
[18May2025 00:08:15.880] [main/DEBUG] [mixin/]: Mixing entity.data_tracker.no_locks.DataTrackerMixin from lithium.mixins.json into net.minecraft.network.syncher.SynchedEntityData
[18May2025 00:08:15.880] [main/DEBUG] [mixin/]: lithium.mixins.json:entity.data_tracker.no_locks.DataTrackerMixin: Class version 61 required is higher than the class version supported by the current version of Mixin (JAVA_16 supports class version 60)
[18May2025 00:08:15.896] [main/DEBUG] [mixin/]: Mixing ai.sensor.secondary_poi.SecondaryPointsOfInterestSensorMixin from lithium.mixins.json into net.minecraft.world.entity.ai.sensing.SecondaryPoiSensor
[18May2025 00:08:15.896] [main/DEBUG] [mixin/]: lithium.mixins.json:ai.sensor.secondary_poi.SecondaryPointsOfInterestSensorMixin: Class version 61 required is higher than the class version supported by the current version of Mixin (JAVA_16 supports class version 60)
[18May2025 00:08:15.897] [main/DEBUG] [mixin/]: Mixing SecondaryPoiSensorMixin from blue_skies.mixins.json into net.minecraft.world.entity.ai.sensing.SecondaryPoiSensor
[18May2025 00:08:15.909] [main/DEBUG] [mixin/]: Mixing util.world_border_listener.WorldBorderMixin from lithium.mixins.json into net.minecraft.world.level.border.WorldBorder
[18May2025 00:08:15.909] [main/DEBUG] [mixin/]: lithium.mixins.json:util.world_border_listener.WorldBorderMixin: Class version 61 required is higher than the class version supported by the current version of Mixin (JAVA_16 supports class version 60)
[18May2025 00:08:15.930] [main/DEBUG] [net.minecraftforge.coremod.transformer.CoreModBaseTransformer/COREMOD]: Transforming net/minecraft/world/entity/npc/Villager
[18May2025 00:08:16.018] [main/DEBUG] [mixin/]: Mixing VillagerEntityMixin from blue_skies.mixins.json into net.minecraft.world.entity.npc.Villager
[18May2025 00:08:16.021] [main/DEBUG] [mixin/]: Mixing features.activation_range.inactive_ticks.VillagerMixin from servercore.common.mixins.json into net.minecraft.world.entity.npc.Villager
[18May2025 00:08:16.021] [main/DEBUG] [mixin/]: servercore.common.mixins.json:features.activation_range.inactive_ticks.VillagerMixin: Class version 61 required is higher than the class version supported by the current version of Mixin (JAVA_16 supports class version 60)
[18May2025 00:08:16.022] [main/DEBUG] [mixin/]: Mixing features.ticking.VillagerMixin from servercore.common.mixins.json into net.minecraft.world.entity.npc.Villager
[18May2025 00:08:16.022] [main/DEBUG] [mixin/]: servercore.common.mixins.json:features.ticking.VillagerMixin: Class version 61 required is higher than the class version supported by the current version of Mixin (JAVA_16 supports class version 60)
[18May2025 00:08:16.023] [main/DEBUG] [mixin/]: Mixing accessor.VillagerAccessor from tombstone.mixins.json into net.minecraft.world.entity.npc.Villager
[18May2025 00:08:16.024] [main/DEBUG] [mixin/]: Mixing MixinVillager from majruszlibrary-common.mixins.json into net.minecraft.world.entity.npc.Villager
[18May2025 00:08:16.041] [main/DEBUG] [mixin/]: Mixing MixinWanderingTrader from majruszlibrary-common.mixins.json into net.minecraft.world.entity.npc.WanderingTrader
[18May2025 00:08:16.055] [main/DEBUG] [mixin/]: Mixing MixinFishingHook from majruszlibrary-common.mixins.json into net.minecraft.world.entity.projectile.FishingHook
[18May2025 00:08:16.061] [main/DEBUG] [mixin/]: Mixing entity.collisions.unpushable_cramming.EntityPredicatesMixin from lithium.mixins.json into net.minecraft.world.entity.EntitySelector
[18May2025 00:08:16.061] [main/DEBUG] [mixin/]: lithium.mixins.json:entity.collisions.unpushable_cramming.EntityPredicatesMixin: Class version 61 required is higher than the class version supported by the current version of Mixin (JAVA_16 supports class version 60)
[18May2025 00:08:16.069] [main/DEBUG] [mixin/]: Mixing inject.MixinFoodPropertiesBuilder from architectury-common.mixins.json into net.minecraft.world.food.FoodProperties$Builder
[18May2025 00:08:16.071] [main/DEBUG] [net.minecraftforge.coremod.transformer.CoreModBaseTransformer/COREMOD]: Transforming net/minecraft/world/effect/MobEffectInstance
[18May2025 00:08:16.071] [main/DEBUG] [mixin/]: Mixing StatusEffectInstanceMixin from apoli.mixins.json into net.minecraft.world.effect.MobEffectInstance
[18May2025 00:08:16.092] [main/DEBUG] [mixin/]: Mixing ServerPlayNetworkHandlerMixin from apoli.mixins.json into net.minecraft.server.network.ServerGamePacketListenerImpl
[18May2025 00:08:16.093] [main/DEBUG] [mixin/]: Mixing bugfix.forge_vehicle_packets.ServerGamePacketListenerImplMixin from modernfix-forge.mixins.json into net.minecraft.server.network.ServerGamePacketListenerImpl
[18May2025 00:08:16.094] [main/DEBUG] [mixin/]: Mixing ServerPlayNetworkHandlerMixin from bettercombat.mixins.json into net.minecraft.server.network.ServerGamePacketListenerImpl
[18May2025 00:08:16.094] [main/INFO] [mixin/]: Mixing server.MixinServerGamePacketListenerImpl from mixins/common/nochatreports.mixins.json into net.minecraft.server.network.ServerGamePacketListenerImpl
[18May2025 00:08:16.096] [main/DEBUG] [mixin/]: Mixing features.misc.ServerGamePacketListenerImplMixin from servercore.common.mixins.json into net.minecraft.server.network.ServerGamePacketListenerImpl
[18May2025 00:08:16.096] [main/DEBUG] [mixin/]: servercore.common.mixins.json:features.misc.ServerGamePacketListenerImplMixin: Class version 61 required is higher than the class version supported by the current version of Mixin (JAVA_16 supports class version 60)
[18May2025 00:08:16.097] [main/DEBUG] [mixin/]: Mixing ServerPlayNetHandlerMixin from connectivity.mixins.json into net.minecraft.server.network.ServerGamePacketListenerImpl
[18May2025 00:08:16.125] [main/DEBUG] [mixin/]: Mixing alloc.nbt.NbtCompoundMixin from lithium.mixins.json into net.minecraft.nbt.CompoundTag
[18May2025 00:08:16.125] [main/DEBUG] [mixin/]: lithium.mixins.json:alloc.nbt.NbtCompoundMixin: Class version 61 required is higher than the class version supported by the current version of Mixin (JAVA_16 supports class version 60)
[18May2025 00:08:16.127] [main/DEBUG] [mixin/]: Mixing perf.nbt_memory_usage.CompoundTagMixin from modernfix-common.mixins.json into net.minecraft.nbt.CompoundTag
[18May2025 00:08:16.131] [main/DEBUG] [mixin/]: Mixing alloc.nbt.NbtCompoundMixin$Type from lithium.mixins.json into net.minecraft.nbt.CompoundTag$1
[18May2025 00:08:16.131] [main/DEBUG] [mixin/]: lithium.mixins.json:alloc.nbt.NbtCompoundMixin$Type: Class version 61 required is higher than the class version supported by the current version of Mixin (JAVA_16 supports class version 60)
[18May2025 00:08:16.132] [main/DEBUG] [mixin/]: Mixing perf.nbt_memory_usage.CompoundTag1Mixin from modernfix-common.mixins.json into net.minecraft.nbt.CompoundTag$1
[18May2025 00:08:16.166] [main/DEBUG] [mixin/]: Mixing SweepingEnchantmentMixin from bettercombat.mixins.json into net.minecraft.world.item.enchantment.SweepingEdgeEnchantment
[18May2025 00:08:16.203] [main/DEBUG] [mixin/]: Mixing world.combined_heightmap_update.HeightmapAccessor from lithium.mixins.json into net.minecraft.world.level.levelgen.Heightmap
[18May2025 00:08:16.203] [main/DEBUG] [mixin/]: lithium.mixins.json:world.combined_heightmap_update.HeightmapAccessor: Class version 61 required is higher than the class version supported by the current version of Mixin (JAVA_16 supports class version 60)
[18May2025 00:08:16.206] [main/DEBUG] [mixin/]: Mixing perf.dynamic_structure_manager.StructureManagerMixin from modernfix-common.mixins.json into net.minecraft.world.level.levelgen.structure.templatesystem.StructureTemplateManager
[18May2025 00:08:16.207] [main/DEBUG] [mixin/]: Mixing perf.cache_upgraded_structures.StructureManagerMixin from modernfix-common.mixins.json into net.minecraft.world.level.levelgen.structure.templatesystem.StructureTemplateManager
[18May2025 00:08:16.209] [main/DEBUG] [mixin/]: Mixing StructureTemplateManagerMixin from structure_gel.mixins.json into net.minecraft.world.level.levelgen.structure.templatesystem.StructureTemplateManager
[18May2025 00:08:16.232] [main/DEBUG] [mixin/]: Mixing SlotAccessor from balm.mixins.json into net.minecraft.world.inventory.Slot
[18May2025 00:08:16.237] [main/DEBUG] [mixin/]: Mixing forge.ResultSlotAccessor from apoli.mixins.json into net.minecraft.world.inventory.ResultSlot
[18May2025 00:08:16.239] [main/DEBUG] [mixin/]: Mixing forge.GrindstoneMenuResultSlotAccessor from apoli.mixins.json into net.minecraft.world.inventory.GrindstoneMenu$4
[18May2025 00:08:16.250] [main/DEBUG] [mixin/]: Mixing accessor.ShapedRecipeAccessor from tombstone.mixins.json into net.minecraft.world.item.crafting.ShapedRecipe
[18May2025 00:08:16.282] [main/DEBUG] [mixin/]: Mixing ItemSlotArgumentTypeAccessor from apoli.mixins.json into net.minecraft.commands.arguments.SlotArgument
[18May2025 00:08:16.312] [main/DEBUG] [mixin/]: Mixing IMixinLootPoolSingletonContainer from majruszsdifficulty-common.mixins.json into net.minecraft.world.level.storage.loot.entries.LootPoolSingletonContainer
[18May2025 00:08:16.320] [main/DEBUG] [mixin/]: Mixing LootContextMixin from apoli.mixins.json into net.minecraft.world.level.storage.loot.LootContext
[18May2025 00:08:16.332] [main/DEBUG] [mixin/]: Mixing MixinLootingEnchantFunction from majruszlibrary-common.mixins.json into net.minecraft.world.level.storage.loot.functions.LootingEnchantFunction
[18May2025 00:08:16.343] [main/DEBUG] [mixin/]: Mixing common.ApplyBonusLootFunctionMixin from additionalentityattributes.mixins.json into net.minecraft.world.level.storage.loot.functions.ApplyBonusCount
[18May2025 00:08:16.375] [main/DEBUG] [mixin/]: Mixing collections.mob_spawning.PoolMixin from lithium.mixins.json into net.minecraft.util.random.WeightedRandomList
[18May2025 00:08:16.375] [main/DEBUG] [mixin/]: lithium.mixins.json:collections.mob_spawning.PoolMixin: Class version 61 required is higher than the class version supported by the current version of Mixin (JAVA_16 supports class version 60)
[18May2025 00:08:16.435] [main/DEBUG] [mixin/]: Mixing LakeFeatureMixin from structure_gel.mixins.json into net.minecraft.world.level.levelgen.feature.LakeFeature
[18May2025 00:08:16.533] [main/DEBUG] [net.minecraftforge.coremod.transformer.CoreModBaseTransformer/COREMOD]: Transforming net/minecraft/world/level/levelgen/structure/Structure
[18May2025 00:08:16.534] [main/DEBUG] [mixin/]: Mixing StructureMixin from structure_gel.mixins.json into net.minecraft.world.level.levelgen.structure.Structure
[18May2025 00:08:16.535] [main/DEBUG] [net.minecraftforge.coremod.transformer.CoreModBaseTransformer/COREMOD]: Transforming m_226857_ with desc (Lnet/minecraft/world/level/levelgen/structure/pieces/StructurePieceSerializationContext;Lnet/minecraft/nbt/CompoundTag;J)Lnet/minecraft/world/level/levelgen/structure/StructureStart;
[18May2025 00:08:16.576] [main/DEBUG] [net.minecraftforge.coremod.transformer.CoreModBaseTransformer/COREMOD]: Transforming net/minecraft/world/level/levelgen/structure/structures/OceanRuinPieces$OceanRuinPiece
[18May2025 00:08:16.586] [main/DEBUG] [mixin/]: Mixing TemplateStructurePieceMixin from structure_gel.mixins.json into net.minecraft.world.level.levelgen.structure.TemplateStructurePiece
[18May2025 00:08:16.593] [main/DEBUG] [net.minecraftforge.coremod.transformer.CoreModBaseTransformer/COREMOD]: Transforming net/minecraft/world/level/levelgen/structure/structures/SwampHutPiece
[18May2025 00:08:16.606] [main/DEBUG] [net.minecraftforge.coremod.transformer.CoreModBaseTransformer/COREMOD]: Transforming net/minecraft/world/level/levelgen/structure/structures/OceanMonumentPieces$OceanMonumentPiece
[18May2025 00:08:16.631] [main/DEBUG] [net.minecraftforge.coremod.transformer.CoreModBaseTransformer/COREMOD]: Transforming net/minecraft/world/level/levelgen/structure/structures/WoodlandMansionPieces$WoodlandMansionPiece
[18May2025 00:08:16.650] [main/DEBUG] [mixin/]: Mixing PoolElementStructurePieceMixin from structure_gel.mixins.json into net.minecraft.world.level.levelgen.structure.PoolElementStructurePiece
[18May2025 00:08:16.655] [main/DEBUG] [mixin/]: Mixing collections.mob_spawning.SpawnSettingsMixin from lithium.mixins.json into net.minecraft.world.level.biome.MobSpawnSettings
[18May2025 00:08:16.655] [main/DEBUG] [mixin/]: lithium.mixins.json:collections.mob_spawning.SpawnSettingsMixin: Class version 61 required is higher than the class version supported by the current version of Mixin (JAVA_16 supports class version 60)
[18May2025 00:08:16.737] [main/DEBUG] [net.minecraftforge.coremod.transformer.CoreModBaseTransformer/COREMOD]: Transforming net/minecraft/world/level/biome/Biome
[18May2025 00:08:16.738] [main/DEBUG] [mixin/]: Mixing world.chunk_ticking.spread_ice.BiomeMixin from lithium.mixins.json into net.minecraft.world.level.biome.Biome
[18May2025 00:08:16.738] [main/DEBUG] [mixin/]: lithium.mixins.json:world.chunk_ticking.spread_ice.BiomeMixin: Class version 61 required is higher than the class version supported by the current version of Mixin (JAVA_16 supports class version 60)
[18May2025 00:08:16.738] [main/DEBUG] [mixin/]: Mixing world.temperature_cache.BiomeMixin from lithium.mixins.json into net.minecraft.world.level.biome.Biome
[18May2025 00:08:16.738] [main/DEBUG] [mixin/]: lithium.mixins.json:world.temperature_cache.BiomeMixin: Class version 61 required is higher than the class version supported by the current version of Mixin (JAVA_16 supports class version 60)
[18May2025 00:08:16.738] [main/DEBUG] [mixin/]: Mixing BiomeMixin from blue_skies.mixins.json into net.minecraft.world.level.biome.Biome
[18May2025 00:08:16.739] [main/DEBUG] [mixin/]: Mixing BiomeMixin from apoli.mixins.json into net.minecraft.world.level.biome.Biome
[18May2025 00:08:16.739] [main/DEBUG] [mixin/]: Mixing perf.remove_biome_temperature_cache.BiomeMixin from modernfix-common.mixins.json into net.minecraft.world.level.biome.Biome
[18May2025 00:08:16.740] [main/WARN] [mixin/]: Method overwrite conflict for m_47505_ in modernfix-common.mixins.json:perf.remove_biome_temperature_cache.BiomeMixin, previously written by me.jellysquid.mods.lithium.mixin.world.temperature_cache.BiomeMixin. Skipping method.
[18May2025 00:08:16.741] [main/DEBUG] [mixin/]: Unexpected: Registered method m_47505_(Lnet/minecraft/core/BlockPos;)F in net.minecraft.world.level.biome.Biome was not merged
[18May2025 00:08:16.852] [main/DEBUG] [mixin/]: Mixing SinglePoolElementMixin from structure_gel.mixins.json into net.minecraft.world.level.levelgen.structure.pools.SinglePoolElement
[18May2025 00:08:16.923] [main/DEBUG] [mixin/]: Mixing core.NetworkHooksMixin from modernfix-forge.mixins.json into net.minecraftforge.network.NetworkHooks
[18May2025 00:08:16.927] [main/DEBUG] [net.minecraftforge.network.NetworkHooks/]: Loading Network data for FML net version: FML3
[18May2025 00:08:16.957] [main/DEBUG] [net.minecraftforge.common.ForgeI18n/CORE]: Loading I18N data entries: 6434
[18May2025 00:08:16.969] [main/DEBUG] [net.minecraftforge.fml.ModWorkManager/LOADING]: Using 4 threads for parallel mod-loading
[18May2025 00:08:16.974] [main/DEBUG] [net.minecraftforge.fml.javafmlmod.FMLJavaModLanguageProvider/LOADING]: Loading FMLModContainer from classloader cpw.mods.modlauncher.TransformingClassLoader@372461a9 - got cpw.mods.cl.ModuleClassLoader@52b6319f
[18May2025 00:08:16.975] [main/DEBUG] [net.minecraftforge.fml.javafmlmod.FMLModContainer/LOADING]: Creating FMLModContainer instance for dev.lambdaurora.lambdynlights.LambDynLights
[18May2025 00:08:16.977] [main/DEBUG] [net.minecraftforge.fml.javafmlmod.FMLJavaModLanguageProvider/LOADING]: Loading FMLModContainer from classloader cpw.mods.modlauncher.TransformingClassLoader@372461a9 - got cpw.mods.cl.ModuleClassLoader@52b6319f
[18May2025 00:08:16.977] [main/DEBUG] [net.minecraftforge.fml.javafmlmod.FMLModContainer/LOADING]: Creating FMLModContainer instance for me.jellysquid.mods.lithium.common.LithiumMod
[18May2025 00:08:16.977] [main/DEBUG] [net.minecraftforge.fml.javafmlmod.FMLJavaModLanguageProvider/LOADING]: Loading FMLModContainer from classloader cpw.mods.modlauncher.TransformingClassLoader@372461a9 - got cpw.mods.cl.ModuleClassLoader@52b6319f
[18May2025 00:08:16.977] [main/DEBUG] [net.minecraftforge.fml.javafmlmod.FMLModContainer/LOADING]: Creating FMLModContainer instance for net.blay09.mods.kuma.forge.ForgeKumaAPI
[18May2025 00:08:16.978] [main/DEBUG] [net.minecraftforge.fml.javafmlmod.FMLJavaModLanguageProvider/LOADING]: Loading FMLModContainer from classloader cpw.mods.modlauncher.TransformingClassLoader@372461a9 - got cpw.mods.cl.ModuleClassLoader@52b6319f
[18May2025 00:08:16.978] [main/DEBUG] [net.minecraftforge.fml.javafmlmod.FMLModContainer/LOADING]: Creating FMLModContainer instance for com.legacy.blue_skies.BlueSkies
[18May2025 00:08:16.979] [main/DEBUG] [net.minecraftforge.fml.javafmlmod.FMLJavaModLanguageProvider/LOADING]: Loading FMLModContainer from classloader cpw.mods.modlauncher.TransformingClassLoader@372461a9 - got cpw.mods.cl.ModuleClassLoader@52b6319f
[18May2025 00:08:16.979] [main/DEBUG] [net.minecraftforge.fml.javafmlmod.FMLModContainer/LOADING]: Creating FMLModContainer instance for net.blay09.mods.netherportalfix.ForgeNetherPortalFix
[18May2025 00:08:16.979] [main/DEBUG] [net.minecraftforge.fml.javafmlmod.FMLJavaModLanguageProvider/LOADING]: Loading FMLModContainer from classloader cpw.mods.modlauncher.TransformingClassLoader@372461a9 - got cpw.mods.cl.ModuleClassLoader@52b6319f
[18May2025 00:08:16.979] [main/DEBUG] [net.minecraftforge.fml.javafmlmod.FMLModContainer/LOADING]: Creating FMLModContainer instance for de.dafuqs.additionalentityattributes.AdditionalEntityAttributesMod
[18May2025 00:08:16.980] [main/DEBUG] [net.minecraftforge.fml.javafmlmod.FMLJavaModLanguageProvider/LOADING]: Loading FMLModContainer from classloader cpw.mods.modlauncher.TransformingClassLoader@372461a9 - got cpw.mods.cl.ModuleClassLoader@52b6319f
[18May2025 00:08:16.980] [main/DEBUG] [net.minecraftforge.fml.javafmlmod.FMLModContainer/LOADING]: Creating FMLModContainer instance for dev.kosmx.playerAnim.forge.ForgeModInterface
[18May2025 00:08:16.980] [main/DEBUG] [net.minecraftforge.fml.javafmlmod.FMLJavaModLanguageProvider/LOADING]: Loading FMLModContainer from classloader cpw.mods.modlauncher.TransformingClassLoader@372461a9 - got cpw.mods.cl.ModuleClassLoader@52b6319f
[18May2025 00:08:16.980] [main/DEBUG] [net.minecraftforge.fml.javafmlmod.FMLModContainer/LOADING]: Creating FMLModContainer instance for net.spellcraftgaming.rpghud.main.ModRPGHud
[18May2025 00:08:16.981] [main/DEBUG] [net.minecraftforge.fml.javafmlmod.FMLJavaModLanguageProvider/LOADING]: Loading FMLModContainer from classloader cpw.mods.modlauncher.TransformingClassLoader@372461a9 - got cpw.mods.cl.ModuleClassLoader@52b6319f
[18May2025 00:08:16.981] [main/DEBUG] [net.minecraftforge.fml.javafmlmod.FMLModContainer/LOADING]: Creating FMLModContainer instance for com.majruszsdifficulty.Initializer
[18May2025 00:08:16.981] [main/DEBUG] [net.minecraftforge.fml.javafmlmod.FMLJavaModLanguageProvider/LOADING]: Loading FMLModContainer from classloader cpw.mods.modlauncher.TransformingClassLoader@372461a9 - got cpw.mods.cl.ModuleClassLoader@52b6319f
[18May2025 00:08:16.981] [main/DEBUG] [net.minecraftforge.fml.javafmlmod.FMLModContainer/LOADING]: Creating FMLModContainer instance for com.connectivity.Connectivity
[18May2025 00:08:16.982] [main/DEBUG] [net.minecraftforge.fml.javafmlmod.FMLJavaModLanguageProvider/LOADING]: Loading FMLModContainer from classloader cpw.mods.modlauncher.TransformingClassLoader@372461a9 - got cpw.mods.cl.ModuleClassLoader@52b6319f
[18May2025 00:08:16.982] [main/DEBUG] [net.minecraftforge.fml.javafmlmod.FMLModContainer/LOADING]: Creating FMLModContainer instance for top.theillusivec4.caelus.Caelus
[18May2025 00:08:16.982] [main/DEBUG] [net.minecraftforge.fml.javafmlmod.FMLJavaModLanguageProvider/LOADING]: Loading FMLModContainer from classloader cpw.mods.modlauncher.TransformingClassLoader@372461a9 - got cpw.mods.cl.ModuleClassLoader@52b6319f
[18May2025 00:08:16.982] [main/DEBUG] [net.minecraftforge.fml.javafmlmod.FMLModContainer/LOADING]: Creating FMLModContainer instance for io.github.apace100.apoli.Apoli
[18May2025 00:08:16.983] [main/DEBUG] [net.minecraftforge.fml.javafmlmod.FMLJavaModLanguageProvider/LOADING]: Loading FMLModContainer from classloader cpw.mods.modlauncher.TransformingClassLoader@372461a9 - got cpw.mods.cl.ModuleClassLoader@52b6319f
[18May2025 00:08:16.983] [main/DEBUG] [net.minecraftforge.fml.javafmlmod.FMLModContainer/LOADING]: Creating FMLModContainer instance for com.blamejared.controlling.Controlling
[18May2025 00:08:16.983] [main/DEBUG] [net.minecraftforge.fml.javafmlmod.FMLJavaModLanguageProvider/LOADING]: Loading FMLModContainer from classloader cpw.mods.modlauncher.TransformingClassLoader@372461a9 - got cpw.mods.cl.ModuleClassLoader@52b6319f
[18May2025 00:08:16.983] [main/DEBUG] [net.minecraftforge.fml.javafmlmod.FMLModContainer/LOADING]: Creating FMLModContainer instance for org.embeddedt.modernfix.forge.init.ModernFixForge
[18May2025 00:08:16.984] [main/DEBUG] [net.minecraftforge.fml.javafmlmod.FMLJavaModLanguageProvider/LOADING]: Loading FMLModContainer from classloader cpw.mods.modlauncher.TransformingClassLoader@372461a9 - got cpw.mods.cl.ModuleClassLoader@52b6319f
[18May2025 00:08:16.984] [main/DEBUG] [net.minecraftforge.fml.javafmlmod.FMLModContainer/LOADING]: Creating FMLModContainer instance for mezz.jei.forge.JustEnoughItems
[18May2025 00:08:16.985] [main/DEBUG] [net.minecraftforge.fml.javafmlmod.FMLJavaModLanguageProvider/LOADING]: Loading FMLModContainer from classloader cpw.mods.modlauncher.TransformingClassLoader@372461a9 - got cpw.mods.cl.ModuleClassLoader@52b6319f
[18May2025 00:08:16.985] [main/DEBUG] [net.minecraftforge.fml.javafmlmod.FMLModContainer/LOADING]: Creating FMLModContainer instance for com.llamalad7.mixinextras.platform.forge.MixinExtrasMod
[18May2025 00:08:16.986] [main/DEBUG] [net.minecraftforge.fml.javafmlmod.FMLJavaModLanguageProvider/LOADING]: Loading FMLModContainer from classloader cpw.mods.modlauncher.TransformingClassLoader@372461a9 - got cpw.mods.cl.ModuleClassLoader@52b6319f
[18May2025 00:08:16.986] [main/DEBUG] [net.minecraftforge.fml.javafmlmod.FMLModContainer/LOADING]: Creating FMLModContainer instance for com.clickadv.ClickAdvancements
[18May2025 00:08:16.986] [main/DEBUG] [net.minecraftforge.fml.javafmlmod.FMLJavaModLanguageProvider/LOADING]: Loading FMLModContainer from classloader cpw.mods.modlauncher.TransformingClassLoader@372461a9 - got cpw.mods.cl.ModuleClassLoader@52b6319f
[18May2025 00:08:16.986] [main/DEBUG] [net.minecraftforge.fml.javafmlmod.FMLModContainer/LOADING]: Creating FMLModContainer instance for com.farsight.FarsightMod
[18May2025 00:08:16.987] [main/DEBUG] [net.minecraftforge.fml.javafmlmod.FMLJavaModLanguageProvider/LOADING]: Loading FMLModContainer from classloader cpw.mods.modlauncher.TransformingClassLoader@372461a9 - got cpw.mods.cl.ModuleClassLoader@52b6319f
[18May2025 00:08:16.987] [main/DEBUG] [net.minecraftforge.fml.javafmlmod.FMLModContainer/LOADING]: Creating FMLModContainer instance for net.blay09.mods.balm.forge.ForgeBalm
[18May2025 00:08:16.987] [main/DEBUG] [net.minecraftforge.fml.javafmlmod.FMLJavaModLanguageProvider/LOADING]: Loading FMLModContainer from classloader cpw.mods.modlauncher.TransformingClassLoader@372461a9 - got cpw.mods.cl.ModuleClassLoader@52b6319f
[18May2025 00:08:16.987] [main/DEBUG] [net.minecraftforge.fml.javafmlmod.FMLModContainer/LOADING]: Creating FMLModContainer instance for com.supermartijn642.fusion.Fusion
[18May2025 00:08:16.988] [main/DEBUG] [net.minecraftforge.fml.javafmlmod.FMLJavaModLanguageProvider/LOADING]: Loading FMLModContainer from classloader cpw.mods.modlauncher.TransformingClassLoader@372461a9 - got cpw.mods.cl.ModuleClassLoader@52b6319f
[18May2025 00:08:16.988] [main/DEBUG] [net.minecraftforge.fml.javafmlmod.FMLModContainer/LOADING]: Creating FMLModContainer instance for bre2el.fpsreducer.FpsReducer
[18May2025 00:08:16.988] [main/DEBUG] [net.minecraftforge.fml.javafmlmod.FMLJavaModLanguageProvider/LOADING]: Loading FMLModContainer from classloader cpw.mods.modlauncher.TransformingClassLoader@372461a9 - got cpw.mods.cl.ModuleClassLoader@52b6319f
[18May2025 00:08:16.988] [main/DEBUG] [net.minecraftforge.fml.javafmlmod.FMLModContainer/LOADING]: Creating FMLModContainer instance for me.shedaniel.clothconfig.ClothConfigForge
[18May2025 00:08:16.989] [main/DEBUG] [net.minecraftforge.fml.javafmlmod.FMLJavaModLanguageProvider/LOADING]: Loading FMLModContainer from classloader cpw.mods.modlauncher.TransformingClassLoader@372461a9 - got cpw.mods.cl.ModuleClassLoader@52b6319f
[18May2025 00:08:16.989] [main/DEBUG] [net.minecraftforge.fml.javafmlmod.FMLModContainer/LOADING]: Creating FMLModContainer instance for twilightforest.TwilightForestMod
[18May2025 00:08:16.990] [main/DEBUG] [net.minecraftforge.fml.javafmlmod.FMLJavaModLanguageProvider/LOADING]: Loading FMLModContainer from classloader cpw.mods.modlauncher.TransformingClassLoader@372461a9 - got cpw.mods.cl.ModuleClassLoader@52b6319f
[18May2025 00:08:16.990] [main/DEBUG] [net.minecraftforge.fml.javafmlmod.FMLModContainer/LOADING]: Creating FMLModContainer instance for me.jellysquid.mods.sodium.client.SodiumClientMod
[18May2025 00:08:16.991] [main/DEBUG] [net.minecraftforge.fml.javafmlmod.FMLJavaModLanguageProvider/LOADING]: Loading FMLModContainer from classloader cpw.mods.modlauncher.TransformingClassLoader@372461a9 - got cpw.mods.cl.ModuleClassLoader@52b6319f
[18May2025 00:08:16.991] [main/DEBUG] [net.minecraftforge.fml.javafmlmod.FMLModContainer/LOADING]: Creating FMLModContainer instance for me.jellysquid.mods.sodium.client.RubidiumStub
[18May2025 00:08:16.991] [main/DEBUG] [net.minecraftforge.fml.javafmlmod.FMLJavaModLanguageProvider/LOADING]: Loading FMLModContainer from classloader cpw.mods.modlauncher.TransformingClassLoader@372461a9 - got cpw.mods.cl.ModuleClassLoader@52b6319f
[18May2025 00:08:16.991] [main/DEBUG] [net.minecraftforge.fml.javafmlmod.FMLModContainer/LOADING]: Creating FMLModContainer instance for me.srrapero720.embeddiumplus.EmbeddiumPlus
[18May2025 00:08:16.992] [main/DEBUG] [net.minecraftforge.fml.javafmlmod.FMLJavaModLanguageProvider/LOADING]: Loading FMLModContainer from classloader cpw.mods.modlauncher.TransformingClassLoader@372461a9 - got cpw.mods.cl.ModuleClassLoader@52b6319f
[18May2025 00:08:16.992] [main/DEBUG] [net.minecraftforge.fml.javafmlmod.FMLModContainer/LOADING]: Creating FMLModContainer instance for mod.azure.logbegone.LogBegoneMod
[18May2025 00:08:16.992] [main/DEBUG] [net.minecraftforge.fml.javafmlmod.FMLJavaModLanguageProvider/LOADING]: Loading FMLModContainer from classloader cpw.mods.modlauncher.TransformingClassLoader@372461a9 - got cpw.mods.cl.ModuleClassLoader@52b6319f
[18May2025 00:08:16.992] [main/DEBUG] [net.minecraftforge.fml.javafmlmod.FMLModContainer/LOADING]: Creating FMLModContainer instance for com.legacy.structure_gel.core.StructureGelMod
[18May2025 00:08:16.993] [main/DEBUG] [net.minecraftforge.fml.javafmlmod.FMLJavaModLanguageProvider/LOADING]: Loading FMLModContainer from classloader cpw.mods.modlauncher.TransformingClassLoader@372461a9 - got cpw.mods.cl.ModuleClassLoader@52b6319f
[18May2025 00:08:16.993] [main/DEBUG] [net.minecraftforge.fml.javafmlmod.FMLModContainer/LOADING]: Creating FMLModContainer instance for net.aurelj.dungeons_arise.DungeonsAriseMain
[18May2025 00:08:16.993] [main/DEBUG] [net.minecraftforge.fml.javafmlmod.FMLJavaModLanguageProvider/LOADING]: Loading FMLModContainer from classloader cpw.mods.modlauncher.TransformingClassLoader@372461a9 - got cpw.mods.cl.ModuleClassLoader@52b6319f
[18May2025 00:08:16.993] [main/DEBUG] [net.minecraftforge.fml.javafmlmod.FMLModContainer/LOADING]: Creating FMLModContainer instance for com.smoothchunk.SmoothchunkMod
[18May2025 00:08:16.993] [main/DEBUG] [net.minecraftforge.fml.javafmlmod.FMLJavaModLanguageProvider/LOADING]: Loading FMLModContainer from classloader cpw.mods.modlauncher.TransformingClassLoader@372461a9 - got cpw.mods.cl.ModuleClassLoader@52b6319f
[18May2025 00:08:16.994] [main/DEBUG] [net.minecraftforge.fml.javafmlmod.FMLModContainer/LOADING]: Creating FMLModContainer instance for com.matyrobbrt.okzoomer.OkZoomer
[18May2025 00:08:16.994] [main/DEBUG] [net.minecraftforge.fml.javafmlmod.FMLJavaModLanguageProvider/LOADING]: Loading FMLModContainer from classloader cpw.mods.modlauncher.TransformingClassLoader@372461a9 - got cpw.mods.cl.ModuleClassLoader@52b6319f
[18May2025 00:08:16.994] [main/DEBUG] [net.minecraftforge.fml.javafmlmod.FMLModContainer/LOADING]: Creating FMLModContainer instance for betterweaponry.BetterWeaponryMod
[18May2025 00:08:16.995] [main/DEBUG] [net.minecraftforge.fml.javafmlmod.FMLJavaModLanguageProvider/LOADING]: Loading FMLModContainer from classloader cpw.mods.modlauncher.TransformingClassLoader@372461a9 - got cpw.mods.cl.ModuleClassLoader@52b6319f
[18May2025 00:08:16.995] [main/DEBUG] [net.minecraftforge.fml.javafmlmod.FMLModContainer/LOADING]: Creating FMLModContainer instance for team.creative.ambientsounds.AmbientSounds
[18May2025 00:08:16.995] [main/DEBUG] [net.minecraftforge.fml.javafmlmod.FMLJavaModLanguageProvider/LOADING]: Loading FMLModContainer from classloader cpw.mods.modlauncher.TransformingClassLoader@372461a9 - got cpw.mods.cl.ModuleClassLoader@52b6319f
[18May2025 00:08:16.995] [main/DEBUG] [net.minecraftforge.fml.javafmlmod.FMLModContainer/LOADING]: Creating FMLModContainer instance for yalter.mousetweaks.forge.MouseTweaksForge
[18May2025 00:08:16.996] [main/DEBUG] [net.minecraftforge.fml.javafmlmod.FMLJavaModLanguageProvider/LOADING]: Loading FMLModContainer from classloader cpw.mods.modlauncher.TransformingClassLoader@372461a9 - got cpw.mods.cl.ModuleClassLoader@52b6319f
[18May2025 00:08:16.996] [main/DEBUG] [net.minecraftforge.fml.javafmlmod.FMLModContainer/LOADING]: Creating FMLModContainer instance for net.bettercombat.forge.BetterCombatForge
[18May2025 00:08:16.996] [main/DEBUG] [net.minecraftforge.fml.javafmlmod.FMLJavaModLanguageProvider/LOADING]: Loading FMLModContainer from classloader cpw.mods.modlauncher.TransformingClassLoader@372461a9 - got cpw.mods.cl.ModuleClassLoader@52b6319f
[18May2025 00:08:16.996] [main/DEBUG] [net.minecraftforge.fml.javafmlmod.FMLModContainer/LOADING]: Creating FMLModContainer instance for net.silentchaos512.lib.SilentLib
[18May2025 00:08:16.997] [main/DEBUG] [net.minecraftforge.fml.javafmlmod.FMLJavaModLanguageProvider/LOADING]: Loading FMLModContainer from classloader cpw.mods.modlauncher.TransformingClassLoader@372461a9 - got cpw.mods.cl.ModuleClassLoader@52b6319f
[18May2025 00:08:16.997] [main/DEBUG] [net.minecraftforge.fml.javafmlmod.FMLModContainer/LOADING]: Creating FMLModContainer instance for com.aizistral.nochatreports.forge.NoChatReports
[18May2025 00:08:16.997] [main/DEBUG] [net.minecraftforge.fml.javafmlmod.FMLJavaModLanguageProvider/LOADING]: Loading FMLModContainer from classloader cpw.mods.modlauncher.TransformingClassLoader@372461a9 - got cpw.mods.cl.ModuleClassLoader@52b6319f
[18May2025 00:08:16.997] [main/DEBUG] [net.minecraftforge.fml.javafmlmod.FMLModContainer/LOADING]: Creating FMLModContainer instance for com.github.exopandora.shouldersurfing.forge.ShoulderSurfingForge
[18May2025 00:08:16.998] [main/DEBUG] [net.minecraftforge.fml.javafmlmod.FMLJavaModLanguageProvider/LOADING]: Loading FMLModContainer from classloader cpw.mods.modlauncher.TransformingClassLoader@372461a9 - got cpw.mods.cl.ModuleClassLoader@52b6319f
[18May2025 00:08:16.998] [main/DEBUG] [net.minecraftforge.fml.javafmlmod.FMLModContainer/LOADING]: Creating FMLModContainer instance for dev.isxander.culllessleaves.CullLessLeaves
[18May2025 00:08:16.998] [main/DEBUG] [net.minecraftforge.fml.javafmlmod.FMLJavaModLanguageProvider/LOADING]: Loading FMLModContainer from classloader cpw.mods.modlauncher.TransformingClassLoader@372461a9 - got cpw.mods.cl.ModuleClassLoader@52b6319f
[18May2025 00:08:16.998] [main/DEBUG] [net.minecraftforge.fml.javafmlmod.FMLModContainer/LOADING]: Creating FMLModContainer instance for team.creative.creativecore.CreativeCore
[18May2025 00:08:16.999] [main/DEBUG] [net.minecraftforge.fml.javafmlmod.FMLJavaModLanguageProvider/LOADING]: Loading FMLModContainer from classloader cpw.mods.modlauncher.TransformingClassLoader@372461a9 - got cpw.mods.cl.ModuleClassLoader@52b6319f
[18May2025 00:08:16.999] [main/DEBUG] [net.minecraftforge.fml.javafmlmod.FMLModContainer/LOADING]: Creating FMLModContainer instance for me.soapsuds.boatiview.BoatItemView
[18May2025 00:08:16.999] [main/DEBUG] [net.minecraftforge.fml.javafmlmod.FMLJavaModLanguageProvider/LOADING]: Loading FMLModContainer from classloader cpw.mods.modlauncher.TransformingClassLoader@372461a9 - got cpw.mods.cl.ModuleClassLoader@52b6319f
[18May2025 00:08:16.999] [main/DEBUG] [net.minecraftforge.fml.javafmlmod.FMLModContainer/LOADING]: Creating FMLModContainer instance for me.wesley1808.servercore.forge.common.ServerCoreForge
[18May2025 00:08:17.000] [main/DEBUG] [net.minecraftforge.fml.javafmlmod.FMLJavaModLanguageProvider/LOADING]: Loading FMLModContainer from classloader cpw.mods.modlauncher.TransformingClassLoader@372461a9 - got cpw.mods.cl.ModuleClassLoader@52b6319f
[18May2025 00:08:17.000] [main/DEBUG] [net.minecraftforge.fml.javafmlmod.FMLModContainer/LOADING]: Creating FMLModContainer instance for io.github.apace100.calio.Calio
[18May2025 00:08:17.000] [main/DEBUG] [net.minecraftforge.fml.javafmlmod.FMLJavaModLanguageProvider/LOADING]: Loading FMLModContainer from classloader cpw.mods.modlauncher.TransformingClassLoader@372461a9 - got cpw.mods.cl.ModuleClassLoader@52b6319f
[18May2025 00:08:17.000] [main/DEBUG] [net.minecraftforge.fml.javafmlmod.FMLModContainer/LOADING]: Creating FMLModContainer instance for se.gory_moon.you_died.forge.YouDiedForge
[18May2025 00:08:17.001] [main/DEBUG] [net.minecraftforge.fml.javafmlmod.FMLJavaModLanguageProvider/LOADING]: Loading FMLModContainer from classloader cpw.mods.modlauncher.TransformingClassLoader@372461a9 - got cpw.mods.cl.ModuleClassLoader@52b6319f
[18May2025 00:08:17.001] [main/DEBUG] [net.minecraftforge.fml.javafmlmod.FMLModContainer/LOADING]: Creating FMLModContainer instance for io.github.apace100.origins.Origins
[18May2025 00:08:17.001] [main/DEBUG] [net.minecraftforge.fml.javafmlmod.FMLJavaModLanguageProvider/LOADING]: Loading FMLModContainer from classloader cpw.mods.modlauncher.TransformingClassLoader@372461a9 - got cpw.mods.cl.ModuleClassLoader@52b6319f
[18May2025 00:08:17.001] [main/DEBUG] [net.minecraftforge.fml.javafmlmod.FMLModContainer/LOADING]: Creating FMLModContainer instance for com.blamejared.searchables.SearchablesForge
[18May2025 00:08:17.001] [main/DEBUG] [net.minecraftforge.fml.javafmlmod.FMLJavaModLanguageProvider/LOADING]: Loading FMLModContainer from classloader cpw.mods.modlauncher.TransformingClassLoader@372461a9 - got cpw.mods.cl.ModuleClassLoader@52b6319f
[18May2025 00:08:17.001] [main/DEBUG] [net.minecraftforge.fml.javafmlmod.FMLModContainer/LOADING]: Creating FMLModContainer instance for ovh.corail.tombstone.ModTombstone
[18May2025 00:08:17.002] [main/DEBUG] [net.minecraftforge.fml.javafmlmod.FMLJavaModLanguageProvider/LOADING]: Loading FMLModContainer from classloader cpw.mods.modlauncher.TransformingClassLoader@372461a9 - got cpw.mods.cl.ModuleClassLoader@52b6319f
[18May2025 00:08:17.002] [main/DEBUG] [net.minecraftforge.fml.javafmlmod.FMLModContainer/LOADING]: Creating FMLModContainer instance for net.raphimc.immediatelyfast.forge.ImmediatelyFastForge
[18May2025 00:08:17.002] [main/DEBUG] [net.minecraftforge.fml.javafmlmod.FMLJavaModLanguageProvider/LOADING]: Loading FMLModContainer from classloader cpw.mods.modlauncher.TransformingClassLoader@372461a9 - got cpw.mods.cl.ModuleClassLoader@52b6319f
[18May2025 00:08:17.002] [main/DEBUG] [net.minecraftforge.fml.javafmlmod.FMLModContainer/LOADING]: Creating FMLModContainer instance for dev.architectury.forge.ArchitecturyForge
[18May2025 00:08:17.002] [main/DEBUG] [net.minecraftforge.fml.javafmlmod.FMLJavaModLanguageProvider/LOADING]: Loading FMLModContainer from classloader cpw.mods.modlauncher.TransformingClassLoader@372461a9 - got cpw.mods.cl.ModuleClassLoader@52b6319f
[18May2025 00:08:17.002] [main/DEBUG] [net.minecraftforge.fml.javafmlmod.FMLModContainer/LOADING]: Creating FMLModContainer instance for me.edoren.skin_changer.forge.SkinChangerForge
[18May2025 00:08:17.003] [main/DEBUG] [net.minecraftforge.fml.javafmlmod.FMLJavaModLanguageProvider/LOADING]: Loading FMLModContainer from classloader cpw.mods.modlauncher.TransformingClassLoader@372461a9 - got cpw.mods.cl.ModuleClassLoader@52b6319f
[18May2025 00:08:17.003] [main/DEBUG] [net.minecraftforge.fml.javafmlmod.FMLModContainer/LOADING]: Creating FMLModContainer instance for malte0811.ferritecore.ModMainForge
[18May2025 00:08:17.003] [main/DEBUG] [net.minecraftforge.fml.javafmlmod.FMLJavaModLanguageProvider/LOADING]: Loading FMLModContainer from classloader cpw.mods.modlauncher.TransformingClassLoader@372461a9 - got cpw.mods.cl.ModuleClassLoader@52b6319f
[18May2025 00:08:17.003] [main/DEBUG] [net.minecraftforge.fml.javafmlmod.FMLModContainer/LOADING]: Creating FMLModContainer instance for me.flashyreese.mods.sodiumextra.EmbeddiumExtraMod
[18May2025 00:08:17.003] [main/DEBUG] [net.minecraftforge.fml.javafmlmod.FMLJavaModLanguageProvider/LOADING]: Loading FMLModContainer from classloader cpw.mods.modlauncher.TransformingClassLoader@372461a9 - got cpw.mods.cl.ModuleClassLoader@52b6319f
[18May2025 00:08:17.003] [main/DEBUG] [net.minecraftforge.fml.javafmlmod.FMLModContainer/LOADING]: Creating FMLModContainer instance for com.cupboard.Cupboard
[18May2025 00:08:17.004] [main/DEBUG] [net.minecraftforge.fml.lowcodemod.LowCodeModLanguageProvider.LowCodeModTarget/LOADING]: Loading LowCodeModContainer from classloader cpw.mods.modlauncher.TransformingClassLoader@372461a9 - got cpw.mods.cl.ModuleClassLoader@52b6319f
[18May2025 00:08:17.004] [main/DEBUG] [net.minecraftforge.fml.lowcodemod.LowCodeModContainer/LOADING]: Creating LowCodeModContainer for rrls
[18May2025 00:08:17.005] [main/DEBUG] [net.minecraftforge.fml.javafmlmod.FMLJavaModLanguageProvider/LOADING]: Loading FMLModContainer from classloader cpw.mods.modlauncher.TransformingClassLoader@372461a9 - got cpw.mods.cl.ModuleClassLoader@52b6319f
[18May2025 00:08:17.005] [main/DEBUG] [net.minecraftforge.fml.javafmlmod.FMLModContainer/LOADING]: Creating FMLModContainer instance for net.silentchaos512.scalinghealth.ScalingHealth
[18May2025 00:08:17.005] [main/DEBUG] [net.minecraftforge.fml.javafmlmod.FMLJavaModLanguageProvider/LOADING]: Loading FMLModContainer from classloader cpw.mods.modlauncher.TransformingClassLoader@372461a9 - got cpw.mods.cl.ModuleClassLoader@52b6319f
[18May2025 00:08:17.005] [main/DEBUG] [net.minecraftforge.fml.javafmlmod.FMLModContainer/LOADING]: Creating FMLModContainer instance for net.minecraftforge.common.ForgeMod
[18May2025 00:08:17.007] [main/DEBUG] [net.minecraftforge.fml.javafmlmod.FMLJavaModLanguageProvider/LOADING]: Loading FMLModContainer from classloader cpw.mods.modlauncher.TransformingClassLoader@372461a9 - got cpw.mods.cl.ModuleClassLoader@52b6319f
[18May2025 00:08:17.007] [main/DEBUG] [net.minecraftforge.fml.javafmlmod.FMLModContainer/LOADING]: Creating FMLModContainer instance for com.sunekaer.yeetusexperimentus.YeetusExperimentusForge
[18May2025 00:08:17.007] [main/DEBUG] [net.minecraftforge.fml.javafmlmod.FMLJavaModLanguageProvider/LOADING]: Loading FMLModContainer from classloader cpw.mods.modlauncher.TransformingClassLoader@372461a9 - got cpw.mods.cl.ModuleClassLoader@52b6319f
[18May2025 00:08:17.007] [main/DEBUG] [net.minecraftforge.fml.javafmlmod.FMLModContainer/LOADING]: Creating FMLModContainer instance for com.majruszlibrary.Initializer
[18May2025 00:08:17.093] [modloading-worker-0/INFO] [dynamiclightsreforged/]: [LambDynLights] Initializing Dynamic Lights Reforged...
[18May2025 00:08:17.094] [modloading-worker-0/DEBUG] [net.minecraftforge.fml.javafmlmod.AutomaticEventSubscriber/LOADING]: Attempting to inject @EventBusSubscriber classes into the eventbus for radium
[18May2025 00:08:17.096] [modloading-worker-0/DEBUG] [net.minecraftforge.fml.javafmlmod.AutomaticEventSubscriber/LOADING]: Attempting to inject @EventBusSubscriber classes into the eventbus for kuma_api
[18May2025 00:08:17.110] [modloading-worker-0/DEBUG] [mixin/]: Mixing perf.forge_registry_lambda.RegistryObjectMixin from modernfix-forge.mixins.json into net.minecraftforge.registries.RegistryObject
[18May2025 00:08:17.114] [modloading-worker-0/DEBUG] [net.minecraftforge.fml.config.ConfigTracker/CONFIG]: Config file blue_skies-common.toml for blue_skies tracking
[18May2025 00:08:17.115] [modloading-worker-0/DEBUG] [net.minecraftforge.fml.javafmlmod.AutomaticEventSubscriber/LOADING]: Attempting to inject @EventBusSubscriber classes into the eventbus for additionalentityattributes
[18May2025 00:08:17.114] [modloading-worker-0/DEBUG] [net.minecraftforge.fml.javafmlmod.AutomaticEventSubscriber/LOADING]: Attempting to inject @EventBusSubscriber classes into the eventbus for dynamiclightsreforged
[18May2025 00:08:17.116] [modloading-worker-0/DEBUG] [net.minecraftforge.fml.javafmlmod.AutomaticEventSubscriber/LOADING]: Attempting to inject @EventBusSubscriber classes into the eventbus for playeranimator
[18May2025 00:08:17.119] [modloading-worker-0/WARN] [net.spellcraftgaming.rpghud.main.ModRPGHud/]: RPG-Hud is a client-side-only mod and should not be installed server-side, please remove it from your server
[18May2025 00:08:17.119] [modloading-worker-0/DEBUG] [net.minecraftforge.fml.javafmlmod.AutomaticEventSubscriber/LOADING]: Attempting to inject @EventBusSubscriber classes into the eventbus for rpghud
[18May2025 00:08:17.119] [modloading-worker-0/DEBUG] [net.minecraftforge.fml.javafmlmod.AutomaticEventSubscriber/LOADING]: Auto-subscribing net.spellcraftgaming.rpghud.main.ModRPGHud$ClientModEvents to MOD
[18May2025 00:08:17.129] [Modding Legacy/blue_skies/Supporters thread/INFO] [ModdingLegacy/blue_skies/Supporter/]: Attempting to load the Modding Legacy supporters list from https://moddinglegacy.com/supporters-changelogs/supporters.txt
[18May2025 00:08:17.145] [modloading-worker-0/DEBUG] [net.minecraftforge.fml.javafmlmod.AutomaticEventSubscriber/LOADING]: Attempting to inject @EventBusSubscriber classes into the eventbus for connectivity
[18May2025 00:08:17.147] [modloading-worker-0/DEBUG] [mixin/]: Mixing forge.CaelusMixin from apoli.mixins.json into top.theillusivec4.caelus.common.CaelusApiImpl
[18May2025 00:08:17.149] [modloading-worker-0/DEBUG] [mixin/]: Mixing MixinCaelusApi from caelus.mixins.json into top.theillusivec4.caelus.api.CaelusApi
[18May2025 00:08:17.156] [modloading-worker-0/DEBUG] [net.minecraftforge.fml.javafmlmod.AutomaticEventSubscriber/LOADING]: Attempting to inject @EventBusSubscriber classes into the eventbus for caelus
[18May2025 00:08:17.165] [modloading-worker-0/DEBUG] [net.minecraftforge.fml.config.ConfigTracker/CONFIG]: Config file apoli-common.toml for apoli tracking
[18May2025 00:08:17.165] [modloading-worker-0/DEBUG] [net.minecraftforge.fml.config.ConfigTracker/CONFIG]: Config file apoli-client.toml for apoli tracking
[18May2025 00:08:17.165] [modloading-worker-0/DEBUG] [net.minecraftforge.fml.config.ConfigTracker/CONFIG]: Config file apoli-server.toml for apoli tracking
[18May2025 00:08:17.168] [modloading-worker-0/DEBUG] [mixin/]: Mixing IMixinCriteriaTriggers from majruszlibrary-common.mixins.json into net.minecraft.advancements.CriteriaTriggers
[18May2025 00:08:17.168] [modloading-worker-0/DEBUG] [mixin/]: Renaming @Invoker method register(Lnet/minecraft/advancements/CriterionTrigger;)Lnet/minecraft/advancements/CriterionTrigger; to register_$md$2f1535$0 in majruszlibrary-common.mixins.json:IMixinCriteriaTriggers
[18May2025 00:08:17.187] [modloading-worker-0/DEBUG] [mixin/]: Mixing ReloadableServerResourcesMixin from balm.mixins.json into net.minecraft.server.ReloadableServerResources
[18May2025 00:08:17.187] [modloading-worker-0/DEBUG] [mixin/]: Renaming synthetic method lambda$loadResources$0(Lnet/minecraft/server/ReloadableServerResources;)V to md2f1535$lambda$loadResources$0$0 in balm.mixins.json:ReloadableServerResourcesMixin
[18May2025 00:08:17.188] [modloading-worker-0/DEBUG] [mixin/]: Mixing MixinReloadableServerResources from majruszlibrary-common.mixins.json into net.minecraft.server.ReloadableServerResources
[18May2025 00:08:17.188] [modloading-worker-0/DEBUG] [mixin/]: Renaming synthetic method lambda$loadResources$0(Lnet/minecraft/server/ReloadableServerResources;Ljava/lang/Throwable;)V to md2f1535$lambda$loadResources$0$1 in majruszlibrary-common.mixins.json:MixinReloadableServerResources
[18May2025 00:08:17.204] [modloading-worker-0/DEBUG] [net.minecraftforge.fml.javafmlmod.AutomaticEventSubscriber/LOADING]: Attempting to inject @EventBusSubscriber classes into the eventbus for netherportalfix
[18May2025 00:08:17.208] [modloading-worker-0/DEBUG] [net.minecraftforge.fml.javafmlmod.AutomaticEventSubscriber/LOADING]: Attempting to inject @EventBusSubscriber classes into the eventbus for controlling
[18May2025 00:08:17.224] [modloading-worker-0/DEBUG] [mixin/]: Mixing IMixinSharedSuggestionProvider from majruszlibrary-common.mixins.json into net.minecraft.commands.SharedSuggestionProvider
[18May2025 00:08:17.235] [modloading-worker-0/DEBUG] [mixin/]: Mixing PlayerListMixin from balm.mixins.json into net.minecraft.server.players.PlayerList
[18May2025 00:08:17.235] [modloading-worker-0/INFO] [mixin/]: Mixing server.MixinPlayerList from mixins/common/nochatreports.mixins.json into net.minecraft.server.players.PlayerList
[18May2025 00:08:17.236] [modloading-worker-0/DEBUG] [mixin/]: Mixing features.dynamic.PlayerListMixin from servercore.common.mixins.json into net.minecraft.server.players.PlayerList
[18May2025 00:08:17.236] [modloading-worker-0/DEBUG] [mixin/]: servercore.common.mixins.json:features.dynamic.PlayerListMixin: Class version 61 required is higher than the class version supported by the current version of Mixin (JAVA_16 supports class version 60)
[18May2025 00:08:17.237] [modloading-worker-0/DEBUG] [mixin/]: Mixing optimizations.players.PlayerListMixin from servercore.common.mixins.json into net.minecraft.server.players.PlayerList
[18May2025 00:08:17.237] [modloading-worker-0/DEBUG] [mixin/]: servercore.common.mixins.json:optimizations.players.PlayerListMixin: Class version 61 required is higher than the class version supported by the current version of Mixin (JAVA_16 supports class version 60)
[18May2025 00:08:17.237] [modloading-worker-0/DEBUG] [mixin/]: Mixing MixinPlayerList from majruszlibrary-common.mixins.json into net.minecraft.server.players.PlayerList
[18May2025 00:08:17.275] [modloading-worker-0/DEBUG] [net.minecraftforge.fml.config.ConfigTracker/CONFIG]: Config file modernfix-common.toml for modernfix tracking
[18May2025 00:08:17.286] [modloading-worker-0/DEBUG] [net.minecraftforge.fml.javafmlmod.AutomaticEventSubscriber/LOADING]: Attempting to inject @EventBusSubscriber classes into the eventbus for modernfix
[18May2025 00:08:17.291] [modloading-worker-0/DEBUG] [net.minecraftforge.fml.config.ConfigTracker/CONFIG]: Config file jei-server.toml for jei tracking
[18May2025 00:08:17.304] [modloading-worker-0/DEBUG] [net.minecraftforge.fml.javafmlmod.AutomaticEventSubscriber/LOADING]: Attempting to inject @EventBusSubscriber classes into the eventbus for jei
[18May2025 00:08:17.305] [modloading-worker-0/DEBUG] [net.minecraftforge.fml.javafmlmod.AutomaticEventSubscriber/LOADING]: Attempting to inject @EventBusSubscriber classes into the eventbus for mixinextras
[18May2025 00:08:17.315] [modloading-worker-0/DEBUG] [mixin/]: Mixing MixinLevelEvent from architectury.mixins.json into net.minecraftforge.event.level.LevelEvent
[18May2025 00:08:17.324] [modloading-worker-0/DEBUG] [net.minecraftforge.fml.javafmlmod.AutomaticEventSubscriber/LOADING]: Attempting to inject @EventBusSubscriber classes into the eventbus for clickadv
[18May2025 00:08:17.332] [modloading-worker-0/DEBUG] [mixin/]: Mixing MixinDifficultyInstance from majruszlibrary-common.mixins.json into net.minecraft.world.DifficultyInstance
[18May2025 00:08:17.337] [modloading-worker-0/DEBUG] [net.minecraftforge.fml.javafmlmod.AutomaticEventSubscriber/LOADING]: Attempting to inject @EventBusSubscriber classes into the eventbus for farsight_view
[18May2025 00:08:17.357] [modloading-worker-0/DEBUG] [net.minecraftforge.fml.config.ConfigTracker/CONFIG]: Config file balm-common.toml for balm tracking
[18May2025 00:08:17.366] [modloading-worker-0/DEBUG] [net.minecraftforge.fml.javafmlmod.AutomaticEventSubscriber/LOADING]: Attempting to inject @EventBusSubscriber classes into the eventbus for balm
[18May2025 00:08:17.366] [modloading-worker-0/DEBUG] [net.minecraftforge.fml.javafmlmod.AutomaticEventSubscriber/LOADING]: Attempting to inject @EventBusSubscriber classes into the eventbus for fusion
[18May2025 00:08:17.371] [modloading-worker-0/DEBUG] [net.minecraftforge.fml.javafmlmod.AutomaticEventSubscriber/LOADING]: Attempting to inject @EventBusSubscriber classes into the eventbus for fpsreducer
[18May2025 00:08:17.371] [modloading-worker-0/DEBUG] [net.minecraftforge.fml.javafmlmod.AutomaticEventSubscriber/LOADING]: Attempting to inject @EventBusSubscriber classes into the eventbus for cloth_config
[18May2025 00:08:17.376] [modloading-worker-0/DEBUG] [mixin/]: Mixing collections.gamerules.GameRulesMixin from lithium.mixins.json into net.minecraft.world.level.GameRules
[18May2025 00:08:17.376] [modloading-worker-0/DEBUG] [mixin/]: lithium.mixins.json:collections.gamerules.GameRulesMixin: Class version 61 required is higher than the class version supported by the current version of Mixin (JAVA_16 supports class version 60)
[18May2025 00:08:17.409] [modloading-worker-0/DEBUG] [net.minecraftforge.fml.javafmlmod.AutomaticEventSubscriber/LOADING]: Attempting to inject @EventBusSubscriber classes into the eventbus for blue_skies
[18May2025 00:08:17.409] [modloading-worker-0/DEBUG] [net.minecraftforge.fml.javafmlmod.AutomaticEventSubscriber/LOADING]: Auto-subscribing com.legacy.blue_skies.registries.SkiesJigsawTypes to MOD
[18May2025 00:08:17.411] [modloading-worker-0/DEBUG] [net.minecraftforge.fml.javafmlmod.AutomaticEventSubscriber/LOADING]: Auto-subscribing com.legacy.blue_skies.registries.SkiesCreativeTabs to MOD
[18May2025 00:08:17.412] [modloading-worker-0/DEBUG] [net.minecraftforge.fml.config.ConfigTracker/CONFIG]: Config file twilightforest-common.toml for twilightforest tracking
[18May2025 00:08:17.412] [modloading-worker-0/DEBUG] [mixin/]: Mixing forge.ModifyPlayerSpawnPowerMixin from origins.mixins.json into io.github.edwinmindcraft.apoli.common.power.ModifyPlayerSpawnPower
[18May2025 00:08:17.418] [modloading-worker-0/DEBUG] [net.minecraftforge.fml.config.ConfigTracker/CONFIG]: Config file twilightforest-client.toml for twilightforest tracking
[18May2025 00:08:17.434] [modloading-worker-0/DEBUG] [net.minecraftforge.fml.javafmlmod.AutomaticEventSubscriber/LOADING]: Attempting to inject @EventBusSubscriber classes into the eventbus for embeddium
[18May2025 00:08:17.435] [modloading-worker-0/DEBUG] [net.minecraftforge.fml.javafmlmod.AutomaticEventSubscriber/LOADING]: Attempting to inject @EventBusSubscriber classes into the eventbus for rubidium
[18May2025 00:08:17.441] [modloading-worker-0/DEBUG] [net.minecraftforge.fml.javafmlmod.AutomaticEventSubscriber/LOADING]: Attempting to inject @EventBusSubscriber classes into the eventbus for embeddiumplus
[18May2025 00:08:17.447] [modloading-worker-0/DEBUG] [net.minecraftforge.fml.config.ConfigTracker/CONFIG]: Config file logbegone.toml for logbegone tracking
[18May2025 00:08:17.450] [modloading-worker-0/DEBUG] [net.minecraftforge.fml.javafmlmod.AutomaticEventSubscriber/LOADING]: Attempting to inject @EventBusSubscriber classes into the eventbus for logbegone
[18May2025 00:08:17.453] [modloading-worker-0/DEBUG] [net.minecraftforge.fml.config.ConfigTracker/CONFIG]: Config file structure_gel-common.toml for structure_gel tracking
[18May2025 00:08:17.504] [modloading-worker-0/DEBUG] [mixin/]: Mixing DamageSourcesMixin from tombstone.mixins.json into net.minecraft.world.damagesource.DamageSources
[18May2025 00:08:17.537] [modloading-worker-0/DEBUG] [net.minecraftforge.fml.javafmlmod.AutomaticEventSubscriber/LOADING]: Attempting to inject @EventBusSubscriber classes into the eventbus for structure_gel
[18May2025 00:08:17.538] [modloading-worker-0/DEBUG] [net.minecraftforge.fml.javafmlmod.AutomaticEventSubscriber/LOADING]: Auto-subscribing com.legacy.structure_gel.core.events.SGCommonEvents$ModBus to MOD
[18May2025 00:08:17.544] [modloading-worker-0/DEBUG] [net.minecraftforge.fml.javafmlmod.AutomaticEventSubscriber/LOADING]: Auto-subscribing com.legacy.structure_gel.core.events.SGCommonEvents$ForgeBus to FORGE
[18May2025 00:08:17.552] [modloading-worker-0/DEBUG] [net.minecraftforge.fml.javafmlmod.AutomaticEventSubscriber/LOADING]: Attempting to inject @EventBusSubscriber classes into the eventbus for dungeons_arise
[18May2025 00:08:17.557] [modloading-worker-0/DEBUG] [net.minecraftforge.fml.javafmlmod.AutomaticEventSubscriber/LOADING]: Attempting to inject @EventBusSubscriber classes into the eventbus for smoothchunk
[18May2025 00:08:17.565] [modloading-worker-0/DEBUG] [net.minecraftforge.fml.config.ConfigTracker/CONFIG]: Config file okzoomer-client.toml for okzoomer tracking
[18May2025 00:08:17.568] [modloading-worker-0/DEBUG] [net.minecraftforge.fml.config.ConfigTracker/CONFIG]: Config file okzoomer-sever.toml for okzoomer tracking
[18May2025 00:08:17.574] [modloading-worker-0/DEBUG] [net.minecraftforge.fml.javafmlmod.AutomaticEventSubscriber/LOADING]: Attempting to inject @EventBusSubscriber classes into the eventbus for okzoomer
[18May2025 00:08:17.700] [modloading-worker-0/DEBUG] [net.minecraftforge.coremod.transformer.CoreModBaseTransformer/COREMOD]: Transforming net/minecraft/world/entity/raid/Raid
[18May2025 00:08:17.840] [modloading-worker-0/DEBUG] [net.minecraftforge.fml.javafmlmod.AutomaticEventSubscriber/LOADING]: Attempting to inject @EventBusSubscriber classes into the eventbus for better_weaponry
[18May2025 00:08:17.840] [modloading-worker-0/DEBUG] [net.minecraftforge.fml.javafmlmod.AutomaticEventSubscriber/LOADING]: Auto-subscribing betterweaponry.procedures.EnchantmentsTriggerProcedure to FORGE
[18May2025 00:08:17.841] [modloading-worker-0/DEBUG] [net.minecraftforge.fml.javafmlmod.AutomaticEventSubscriber/LOADING]: Auto-subscribing betterweaponry.init.BetterWeaponryModTabs to MOD
[18May2025 00:08:17.842] [modloading-worker-0/DEBUG] [net.minecraftforge.fml.javafmlmod.AutomaticEventSubscriber/LOADING]: Auto-subscribing betterweaponry.init.BetterWeaponryModFuels to FORGE
[18May2025 00:08:17.843] [modloading-worker-0/DEBUG] [net.minecraftforge.fml.javafmlmod.AutomaticEventSubscriber/LOADING]: Auto-subscribing betterweaponry.init.BetterWeaponryModEntities to MOD
[18May2025 00:08:17.891] [modloading-worker-0/DEBUG] [mixin/]: Mixing ai.raid.RaidMixin from lithium.mixins.json into net.minecraft.world.entity.raid.Raid
[18May2025 00:08:17.891] [modloading-worker-0/DEBUG] [mixin/]: lithium.mixins.json:ai.raid.RaidMixin: Class version 61 required is higher than the class version supported by the current version of Mixin (JAVA_16 supports class version 60)
[18May2025 00:08:17.892] [modloading-worker-0/DEBUG] [mixin/]: Mixing MixinRaid from majruszlibrary-common.mixins.json into net.minecraft.world.entity.raid.Raid
[18May2025 00:08:17.934] [modloading-worker-0/DEBUG] [creativecore/]: Created network creativecore:main
[18May2025 00:08:17.937] [modloading-worker-0/DEBUG] [net.minecraftforge.fml.javafmlmod.AutomaticEventSubscriber/LOADING]: Attempting to inject @EventBusSubscriber classes into the eventbus for ambientsounds
[18May2025 00:08:17.938] [modloading-worker-0/DEBUG] [net.minecraftforge.fml.javafmlmod.AutomaticEventSubscriber/LOADING]: Attempting to inject @EventBusSubscriber classes into the eventbus for mousetweaks
[18May2025 00:08:17.968] [Modding Legacy/blue_skies/Supporters thread/INFO] [ModdingLegacy/blue_skies/Supporter/]: Successfully loaded the Modding Legacy supporters list.
[18May2025 00:08:17.981] [modloading-worker-0/INFO] [io.github.apace100.apoli.Apoli/]: Apoli 1.20.1-2.9.0.8 has initialized. Ready to power up your game!
[18May2025 00:08:17.985] [modloading-worker-0/DEBUG] [net.minecraftforge.fml.javafmlmod.AutomaticEventSubscriber/LOADING]: Attempting to inject @EventBusSubscriber classes into the eventbus for apoli
[18May2025 00:08:17.985] [modloading-worker-0/DEBUG] [net.minecraftforge.fml.javafmlmod.AutomaticEventSubscriber/LOADING]: Auto-subscribing io.github.edwinmindcraft.apoli.common.ApoliPowerEventHandler to FORGE
[18May2025 00:08:18.020] [modloading-worker-0/DEBUG] [net.minecraftforge.fml.javafmlmod.AutomaticEventSubscriber/LOADING]: Auto-subscribing io.github.edwinmindcraft.apoli.common.ApoliEventHandler to FORGE
[18May2025 00:08:18.061] [modloading-worker-0/DEBUG] [io.netty.buffer.AbstractByteBuf/]: -Dio.netty.buffer.checkAccessible: true
[18May2025 00:08:18.061] [modloading-worker-0/DEBUG] [io.netty.buffer.AbstractByteBuf/]: -Dio.netty.buffer.checkBounds: true
[18May2025 00:08:18.066] [modloading-worker-0/DEBUG] [net.minecraftforge.fml.javafmlmod.AutomaticEventSubscriber/LOADING]: Attempting to inject @EventBusSubscriber classes into the eventbus for silentlib
[18May2025 00:08:18.066] [modloading-worker-0/DEBUG] [net.minecraftforge.fml.javafmlmod.AutomaticEventSubscriber/LOADING]: Auto-subscribing net.silentchaos512.lib.world.placement.LibPlacements to MOD
[18May2025 00:08:18.067] [modloading-worker-0/DEBUG] [net.minecraftforge.fml.javafmlmod.AutomaticEventSubscriber/LOADING]: Auto-subscribing net.silentchaos512.lib.util.EntityHelper to FORGE
[18May2025 00:08:18.067] [modloading-worker-0/DEBUG] [io.netty.util.ResourceLeakDetectorFactory/]: Loaded default ResourceLeakDetector: io.netty.util.ResourceLeakDetector@45b4672a
[18May2025 00:08:18.070] [modloading-worker-0/INFO] [NoChatReports/]: KONNICHIWA ZA WARUDO!
[18May2025 00:08:18.072] [modloading-worker-0/INFO] [NoChatReports/]: Default JVM text encoding is: UTF-8
[18May2025 00:08:18.074] [modloading-worker-0/INFO] [NoChatReports/]: Reading config file NoChatReports/NCR-Common.json...
[18May2025 00:08:18.079] [modloading-worker-0/INFO] [NoChatReports/]: Writing config file NoChatReports/NCR-Common.json...
[18May2025 00:08:18.080] [modloading-worker-0/DEBUG] [net.minecraftforge.fml.javafmlmod.AutomaticEventSubscriber/LOADING]: Attempting to inject @EventBusSubscriber classes into the eventbus for nochatreports
[18May2025 00:08:18.080] [modloading-worker-0/DEBUG] [net.minecraftforge.fml.javafmlmod.AutomaticEventSubscriber/LOADING]: Auto-subscribing com.aizistral.nochatreports.forge.NoChatReports$Events to FORGE
[18May2025 00:08:18.083] [modloading-worker-0/DEBUG] [net.minecraftforge.fml.javafmlmod.AutomaticEventSubscriber/LOADING]: Attempting to inject @EventBusSubscriber classes into the eventbus for shouldersurfing
[18May2025 00:08:18.085] [modloading-worker-0/DEBUG] [net.minecraftforge.fml.javafmlmod.AutomaticEventSubscriber/LOADING]: Attempting to inject @EventBusSubscriber classes into the eventbus for bettercombat
[18May2025 00:08:18.086] [modloading-worker-0/DEBUG] [net.minecraftforge.fml.javafmlmod.AutomaticEventSubscriber/LOADING]: Auto-subscribing net.bettercombat.forge.events.ForgeModEvents to MOD
[18May2025 00:08:18.087] [modloading-worker-0/DEBUG] [net.minecraftforge.fml.javafmlmod.AutomaticEventSubscriber/LOADING]: Attempting to inject @EventBusSubscriber classes into the eventbus for culllessleaves
[18May2025 00:08:18.088] [modloading-worker-0/DEBUG] [net.minecraftforge.fml.javafmlmod.AutomaticEventSubscriber/LOADING]: Auto-subscribing net.bettercombat.forge.events.ForgeEvents to FORGE
[18May2025 00:08:18.092] [modloading-worker-0/DEBUG] [net.minecraftforge.fml.javafmlmod.AutomaticEventSubscriber/LOADING]: Attempting to inject @EventBusSubscriber classes into the eventbus for creativecore
[18May2025 00:08:18.100] [modloading-worker-0/DEBUG] [net.minecraftforge.fml.config.ConfigTracker/CONFIG]: Config file boatiview-client.toml for boatiview tracking
[18May2025 00:08:18.100] [modloading-worker-0/DEBUG] [net.minecraftforge.fml.javafmlmod.AutomaticEventSubscriber/LOADING]: Attempting to inject @EventBusSubscriber classes into the eventbus for boatiview
[18May2025 00:08:18.100] [modloading-worker-0/DEBUG] [net.minecraftforge.fml.javafmlmod.AutomaticEventSubscriber/LOADING]: Auto-subscribing me.soapsuds.boatiview.data.DataGen to MOD
[18May2025 00:08:18.105] [modloading-worker-0/INFO] [Calio/]: Calio 1.20.1-1.11.0.5 initializing...
[18May2025 00:08:18.111] [modloading-worker-0/DEBUG] [net.minecraftforge.fml.config.ConfigTracker/CONFIG]: Config file calio-common.toml for calio tracking
[18May2025 00:08:18.112] [modloading-worker-0/DEBUG] [net.minecraftforge.fml.javafmlmod.AutomaticEventSubscriber/LOADING]: Attempting to inject @EventBusSubscriber classes into the eventbus for calio
[18May2025 00:08:18.112] [modloading-worker-0/DEBUG] [net.minecraftforge.fml.javafmlmod.AutomaticEventSubscriber/LOADING]: Auto-subscribing io.github.edwinmindcraft.calio.common.CalioEventHandler to FORGE
[18May2025 00:08:18.120] [modloading-worker-0/DEBUG] [net.minecraftforge.fml.javafmlmod.AutomaticEventSubscriber/LOADING]: Attempting to inject @EventBusSubscriber classes into the eventbus for you_died
[18May2025 00:08:18.121] [modloading-worker-0/INFO] [io.github.apace100.origins.Origins/]: Origins 1.20.1-1.10.0.9 is initializing. Have fun!
[18May2025 00:08:18.126] [modloading-worker-0/DEBUG] [net.minecraftforge.fml.config.ConfigTracker/CONFIG]: Config file origins-common.toml for origins tracking
[18May2025 00:08:18.126] [modloading-worker-0/DEBUG] [net.minecraftforge.fml.ModLoadingContext/]: Attempted to register an empty config for type CLIENT on mod origins
[18May2025 00:08:18.126] [modloading-worker-0/DEBUG] [net.minecraftforge.fml.ModLoadingContext/]: Attempted to register an empty config for type SERVER on mod origins
[18May2025 00:08:18.172] [modloading-worker-0/DEBUG] [net.minecraftforge.fml.javafmlmod.AutomaticEventSubscriber/LOADING]: Attempting to inject @EventBusSubscriber classes into the eventbus for origins
[18May2025 00:08:18.174] [modloading-worker-0/DEBUG] [net.minecraftforge.fml.javafmlmod.AutomaticEventSubscriber/LOADING]: Auto-subscribing io.github.edwinmindcraft.origins.common.OriginsEventHandler to FORGE
[18May2025 00:08:18.176] [modloading-worker-0/DEBUG] [mixin/]: Mixing ai.task.launch.BrainMixin from lithium.mixins.json into net.minecraft.world.entity.ai.Brain
[18May2025 00:08:18.177] [modloading-worker-0/DEBUG] [mixin/]: lithium.mixins.json:ai.task.launch.BrainMixin: Class version 61 required is higher than the class version supported by the current version of Mixin (JAVA_16 supports class version 60)
[18May2025 00:08:18.182] [modloading-worker-0/DEBUG] [mixin/]: Mixing ai.task.memory_change_counting.BrainMixin from lithium.mixins.json into net.minecraft.world.entity.ai.Brain
[18May2025 00:08:18.182] [modloading-worker-0/DEBUG] [mixin/]: lithium.mixins.json:ai.task.memory_change_counting.BrainMixin: Class version 61 required is higher than the class version supported by the current version of Mixin (JAVA_16 supports class version 60)
[18May2025 00:08:18.183] [modloading-worker-0/DEBUG] [mixin/]: Mixing collections.brain.BrainMixin from lithium.mixins.json into net.minecraft.world.entity.ai.Brain
[18May2025 00:08:18.183] [modloading-worker-0/DEBUG] [mixin/]: lithium.mixins.json:collections.brain.BrainMixin: Class version 61 required is higher than the class version supported by the current version of Mixin (JAVA_16 supports class version 60)
[18May2025 00:08:18.199] [modloading-worker-0/DEBUG] [mixin/]: Mixing forge.EntityAttributeInstanceMixin from apoli.mixins.json into net.minecraft.world.entity.ai.attributes.AttributeInstance
[18May2025 00:08:18.206] [modloading-worker-0/INFO] [me.wesley1808.servercore.common.ServerCore/]: [ServerCore] Loaded V1.5.2+1.20.1!
[18May2025 00:08:18.211] [modloading-worker-0/DEBUG] [mixin/]: Mixing collections.attributes.AttributeContainerMixin from lithium.mixins.json into net.minecraft.world.entity.ai.attributes.AttributeMap
[18May2025 00:08:18.211] [modloading-worker-0/DEBUG] [mixin/]: lithium.mixins.json:collections.attributes.AttributeContainerMixin: Class version 61 required is higher than the class version supported by the current version of Mixin (JAVA_16 supports class version 60)
[18May2025 00:08:18.218] [modloading-worker-0/DEBUG] [net.minecraftforge.fml.javafmlmod.AutomaticEventSubscriber/LOADING]: Attempting to inject @EventBusSubscriber classes into the eventbus for servercore
[18May2025 00:08:18.221] [modloading-worker-0/DEBUG] [net.minecraftforge.fml.javafmlmod.AutomaticEventSubscriber/LOADING]: Attempting to inject @EventBusSubscriber classes into the eventbus for searchables
[18May2025 00:08:18.224] [modloading-worker-0/DEBUG] [net.minecraftforge.fml.javafmlmod.AutomaticEventSubscriber/LOADING]: Attempting to inject @EventBusSubscriber classes into the eventbus for immediatelyfast
[18May2025 00:08:18.256] [modloading-worker-0/DEBUG] [net.minecraftforge.fml.config.ConfigTracker/CONFIG]: Config file tombstone-client.toml for tombstone tracking
[18May2025 00:08:18.256] [modloading-worker-0/DEBUG] [net.minecraftforge.fml.config.ConfigTracker/CONFIG]: Config file tombstone-common.toml for tombstone tracking
[18May2025 00:08:18.267] [modloading-worker-0/DEBUG] [mixin/]: Mixing IMixinLootTable from majruszsdifficulty-forge.mixins.json into net.minecraft.world.level.storage.loot.LootTable
[18May2025 00:08:18.267] [modloading-worker-0/DEBUG] [mixin/]: Mixing LootTableMixin from apoli.mixins.json into net.minecraft.world.level.storage.loot.LootTable
[18May2025 00:08:18.268] [modloading-worker-0/DEBUG] [mixin/]: Renaming synthetic method lambda$modifyLootTable$1(Lnet/minecraft/world/level/storage/loot/LootContext;Lnet/minecraft/world/entity/Entity;Lio/github/edwinmindcraft/apoli/common/power/configuration/ReplaceLootTableConfiguration;)Z to md2f1535$lambda$modifyLootTable$1$0 in apoli.mixins.json:LootTableMixin
[18May2025 00:08:18.268] [modloading-worker-0/DEBUG] [mixin/]: Renaming synthetic method lambda$modifyLootTable$0(Lnet/minecraft/core/Holder;)Lio/github/edwinmindcraft/apoli/common/power/configuration/ReplaceLootTableConfiguration; to md2f1535$lambda$modifyLootTable$0$1 in apoli.mixins.json:LootTableMixin
[18May2025 00:08:18.273] [modloading-worker-0/DEBUG] [mixin/]: Mixing MixinLootTable from majruszlibrary-forge.mixins.json into net.minecraft.world.level.storage.loot.LootTable
[18May2025 00:08:18.279] [modloading-worker-0/DEBUG] [net.minecraftforge.fml.config.ConfigTracker/CONFIG]: Config file tombstone-server.toml for tombstone tracking
[18May2025 00:08:18.283] [modloading-worker-0/DEBUG] [net.minecraftforge.fml.javafmlmod.AutomaticEventSubscriber/LOADING]: Attempting to inject @EventBusSubscriber classes into the eventbus for tombstone
[18May2025 00:08:18.283] [modloading-worker-0/DEBUG] [net.minecraftforge.fml.javafmlmod.AutomaticEventSubscriber/LOADING]: Auto-subscribing ovh.corail.tombstone.registry.Registration to MOD
[18May2025 00:08:18.285] [modloading-worker-0/DEBUG] [net.minecraftforge.fml.javafmlmod.AutomaticEventSubscriber/LOADING]: Auto-subscribing ovh.corail.tombstone.perk.PerkRegistry to MOD
[18May2025 00:08:18.286] [modloading-worker-0/DEBUG] [net.minecraftforge.fml.javafmlmod.AutomaticEventSubscriber/LOADING]: Auto-subscribing ovh.corail.tombstone.helper.LootHelper to FORGE
[18May2025 00:08:18.288] [modloading-worker-0/DEBUG] [net.minecraftforge.fml.javafmlmod.AutomaticEventSubscriber/LOADING]: Attempting to inject @EventBusSubscriber classes into the eventbus for majruszsdifficulty
[18May2025 00:08:18.294] [modloading-worker-0/DEBUG] [net.minecraftforge.fml.javafmlmod.AutomaticEventSubscriber/LOADING]: Attempting to inject @EventBusSubscriber classes into the eventbus for skin_changer
[18May2025 00:08:18.295] [modloading-worker-0/DEBUG] [net.minecraftforge.fml.javafmlmod.AutomaticEventSubscriber/LOADING]: Attempting to inject @EventBusSubscriber classes into the eventbus for ferritecore
[18May2025 00:08:18.295] [modloading-worker-0/DEBUG] [net.minecraftforge.fml.javafmlmod.AutomaticEventSubscriber/LOADING]: Attempting to inject @EventBusSubscriber classes into the eventbus for embeddium_extra
[18May2025 00:08:18.300] [modloading-worker-0/INFO] [com.cupboard.Cupboard/]: Loaded config for: cupboard.json
[18May2025 00:08:18.304] [modloading-worker-0/DEBUG] [net.minecraftforge.fml.javafmlmod.AutomaticEventSubscriber/LOADING]: Attempting to inject @EventBusSubscriber classes into the eventbus for cupboard
[18May2025 00:08:18.312] [modloading-worker-0/DEBUG] [net.minecraftforge.fml.javafmlmod.AutomaticEventSubscriber/LOADING]: Auto-subscribing ovh.corail.tombstone.event.EventHandler to FORGE
[18May2025 00:08:18.312] [modloading-worker-0/DEBUG] [net.minecraftforge.fml.javafmlmod.AutomaticEventSubscriber/LOADING]: Attempting to inject @EventBusSubscriber classes into the eventbus for architectury
[18May2025 00:08:18.312] [modloading-worker-0/DEBUG] [net.minecraftforge.fml.javafmlmod.AutomaticEventSubscriber/LOADING]: Auto-subscribing dev.architectury.registry.level.entity.trade.forge.TradeRegistryImpl to FORGE
[18May2025 00:08:18.316] [modloading-worker-0/DEBUG] [net.minecraftforge.fml.javafmlmod.AutomaticEventSubscriber/LOADING]: Auto-subscribing dev.architectury.registry.forge.ReloadListenerRegistryImpl to FORGE
[18May2025 00:08:18.318] [modloading-worker-0/DEBUG] [net.minecraftforge.fml.javafmlmod.AutomaticEventSubscriber/LOADING]: Auto-subscribing dev.architectury.networking.forge.NetworkManagerImpl to FORGE
[18May2025 00:08:18.327] [modloading-worker-0/INFO] [dev.architectury.networking.forge.NetworkManagerImpl/]: Registering C2S receiver with id architectury:sync_ids
[18May2025 00:08:18.348] [modloading-worker-0/DEBUG] [net.minecraftforge.versions.forge.ForgeVersion/CORE]: Forge Version package package net.minecraftforge.versions.forge, Forge, version 47.4 from cpw.mods.modlauncher.TransformingClassLoader@372461a9
[18May2025 00:08:18.349] [modloading-worker-0/DEBUG] [net.minecraftforge.versions.forge.ForgeVersion/CORE]: Found Forge version 47.4.0
[18May2025 00:08:18.349] [modloading-worker-0/DEBUG] [net.minecraftforge.versions.forge.ForgeVersion/CORE]: Found Forge spec 47.4
[18May2025 00:08:18.349] [modloading-worker-0/DEBUG] [net.minecraftforge.versions.forge.ForgeVersion/CORE]: Found Forge group net.minecraftforge
[18May2025 00:08:18.350] [modloading-worker-0/DEBUG] [net.minecraftforge.versions.mcp.MCPVersion/CORE]: MCP Version package package net.minecraftforge.versions.mcp, Minecraft, version 1.20.1 from cpw.mods.modlauncher.TransformingClassLoader@372461a9
[18May2025 00:08:18.350] [modloading-worker-0/DEBUG] [net.minecraftforge.versions.mcp.MCPVersion/CORE]: Found MC version information 1.20.1
[18May2025 00:08:18.350] [modloading-worker-0/DEBUG] [net.minecraftforge.versions.mcp.MCPVersion/CORE]: Found MCP version information 20230612.114412
[18May2025 00:08:18.351] [modloading-worker-0/INFO] [net.minecraftforge.common.ForgeMod/FORGEMOD]: Forge mod loading, version 47.4.0, for MC 1.20.1 with MCP 20230612.114412
[18May2025 00:08:18.351] [modloading-worker-0/INFO] [net.minecraftforge.common.MinecraftForge/FORGE]: MinecraftForge v47.4.0 Initialized
[18May2025 00:08:18.356] [modloading-worker-0/DEBUG] [net.minecraftforge.fml.config.ConfigTracker/CONFIG]: Config file scalinghealth-client.toml for scalinghealth tracking
[18May2025 00:08:18.356] [modloading-worker-0/DEBUG] [net.minecraftforge.fml.config.ConfigTracker/CONFIG]: Config file scalinghealth-server.toml for scalinghealth tracking
[18May2025 00:08:18.364] [modloading-worker-0/DEBUG] [net.minecraftforge.fml.javafmlmod.AutomaticEventSubscriber/LOADING]: Auto-subscribing ovh.corail.tombstone.config.ConfigTombstone$ConfigEvent to MOD
[18May2025 00:08:18.365] [modloading-worker-0/DEBUG] [net.minecraftforge.fml.javafmlmod.AutomaticEventSubscriber/LOADING]: Attempting to inject @EventBusSubscriber classes into the eventbus for yeetusexperimentus
[18May2025 00:08:18.371] [modloading-worker-0/DEBUG] [net.minecraftforge.fml.javafmlmod.AutomaticEventSubscriber/LOADING]: Attempting to inject @EventBusSubscriber classes into the eventbus for scalinghealth
[18May2025 00:08:18.371] [modloading-worker-0/DEBUG] [net.minecraftforge.fml.javafmlmod.AutomaticEventSubscriber/LOADING]: Auto-subscribing net.silentchaos512.scalinghealth.resources.mechanics.SHMechanics to FORGE
[18May2025 00:08:18.407] [modloading-worker-0/DEBUG] [net.minecraftforge.fml.config.ConfigTracker/CONFIG]: Config file forge-client.toml for forge tracking
[18May2025 00:08:18.407] [modloading-worker-0/DEBUG] [net.minecraftforge.fml.config.ConfigTracker/CONFIG]: Config file forge-server.toml for forge tracking
[18May2025 00:08:18.407] [modloading-worker-0/DEBUG] [net.minecraftforge.fml.ModLoadingContext/]: Attempted to register an empty config for type COMMON on mod forge
[18May2025 00:08:18.426] [modloading-worker-0/DEBUG] [net.minecraftforge.fml.javafmlmod.AutomaticEventSubscriber/LOADING]: Auto-subscribing net.silentchaos512.scalinghealth.resources.mechanics.SHMechanicListener to FORGE
[18May2025 00:08:18.428] [modloading-worker-0/DEBUG] [net.minecraftforge.fml.javafmlmod.AutomaticEventSubscriber/LOADING]: Attempting to inject @EventBusSubscriber classes into the eventbus for forge
[18May2025 00:08:18.428] [modloading-worker-0/DEBUG] [net.minecraftforge.fml.javafmlmod.AutomaticEventSubscriber/LOADING]: Auto-subscribing net.minecraftforge.common.ForgeSpawnEggItem$CommonHandler to MOD
[18May2025 00:08:18.429] [modloading-worker-0/DEBUG] [net.minecraftforge.fml.javafmlmod.AutomaticEventSubscriber/LOADING]: Auto-subscribing net.silentchaos512.scalinghealth.event.PlayerBonusRegenHandler to FORGE
[18May2025 00:08:18.430] [modloading-worker-0/DEBUG] [net.minecraftforge.fml.javafmlmod.AutomaticEventSubscriber/LOADING]: Auto-subscribing net.silentchaos512.scalinghealth.event.PetEventHandler to FORGE
[18May2025 00:08:18.431] [modloading-worker-0/DEBUG] [net.minecraftforge.fml.javafmlmod.AutomaticEventSubscriber/LOADING]: Auto-subscribing net.silentchaos512.scalinghealth.event.DifficultyEvents to FORGE
[18May2025 00:08:18.436] [modloading-worker-0/DEBUG] [net.minecraftforge.fml.javafmlmod.AutomaticEventSubscriber/LOADING]: Auto-subscribing net.silentchaos512.scalinghealth.event.DamageScaling to FORGE
[18May2025 00:08:18.437] [modloading-worker-0/DEBUG] [net.minecraftforge.fml.javafmlmod.AutomaticEventSubscriber/LOADING]: Auto-subscribing net.silentchaos512.scalinghealth.event.CommonEvents to FORGE
[18May2025 00:08:18.444] [modloading-worker-0/DEBUG] [net.minecraftforge.fml.javafmlmod.AutomaticEventSubscriber/LOADING]: Auto-subscribing net.silentchaos512.scalinghealth.event.BlightHandler to FORGE
[18May2025 00:08:18.447] [modloading-worker-0/DEBUG] [net.minecraftforge.fml.javafmlmod.AutomaticEventSubscriber/LOADING]: Auto-subscribing net.silentchaos512.scalinghealth.datagen.GenEvent to MOD
[18May2025 00:08:18.522] [modloading-worker-0/DEBUG] [net.minecraftforge.fml.javafmlmod.AutomaticEventSubscriber/LOADING]: Attempting to inject @EventBusSubscriber classes into the eventbus for majruszlibrary
[18May2025 00:08:18.522] [modloading-worker-0/DEBUG] [net.minecraftforge.fml.javafmlmod.AutomaticEventSubscriber/LOADING]: Auto-subscribing com.majruszlibrary.events.OnItemFishedForge to FORGE
[18May2025 00:08:18.523] [modloading-worker-0/DEBUG] [net.minecraftforge.fml.javafmlmod.AutomaticEventSubscriber/LOADING]: Auto-subscribing com.majruszlibrary.events.OnEnderManAngeredForge to FORGE
[18May2025 00:08:18.524] [modloading-worker-0/DEBUG] [net.minecraftforge.fml.javafmlmod.AutomaticEventSubscriber/LOADING]: Auto-subscribing com.majruszlibrary.events.OnBreakSpeedGetForge to FORGE
[18May2025 00:08:18.527] [modloading-worker-0/DEBUG] [net.minecraftforge.fml.javafmlmod.AutomaticEventSubscriber/LOADING]: Attempting to inject @EventBusSubscriber classes into the eventbus for twilightforest
[18May2025 00:08:18.528] [modloading-worker-0/DEBUG] [net.minecraftforge.fml.javafmlmod.AutomaticEventSubscriber/LOADING]: Auto-subscribing twilightforest.util.TFRemapper to FORGE
[18May2025 00:08:18.529] [modloading-worker-0/DEBUG] [net.minecraftforge.fml.javafmlmod.AutomaticEventSubscriber/LOADING]: Auto-subscribing twilightforest.loot.modifiers.GiantToolGroupingModifier to FORGE
[18May2025 00:08:18.530] [modloading-worker-0/DEBUG] [net.minecraftforge.fml.javafmlmod.AutomaticEventSubscriber/LOADING]: Auto-subscribing twilightforest.item.OreMagnetItem to FORGE
[18May2025 00:08:18.532] [modloading-worker-0/DEBUG] [net.minecraftforge.fml.javafmlmod.AutomaticEventSubscriber/LOADING]: Auto-subscribing twilightforest.item.FierySwordItem to FORGE
[18May2025 00:08:18.532] [modloading-worker-0/DEBUG] [net.minecraftforge.fml.javafmlmod.AutomaticEventSubscriber/LOADING]: Auto-subscribing twilightforest.init.TFEntities to MOD
[18May2025 00:08:18.533] [modloading-worker-0/DEBUG] [net.minecraftforge.fml.javafmlmod.AutomaticEventSubscriber/LOADING]: Auto-subscribing twilightforest.init.TFCaveCarvers to MOD
[18May2025 00:08:18.534] [modloading-worker-0/DEBUG] [net.minecraftforge.fml.javafmlmod.AutomaticEventSubscriber/LOADING]: Auto-subscribing twilightforest.events.ToolEvents to FORGE
[18May2025 00:08:18.536] [modloading-worker-0/DEBUG] [net.minecraftforge.fml.javafmlmod.AutomaticEventSubscriber/LOADING]: Auto-subscribing twilightforest.events.ProgressionEvents to FORGE
[18May2025 00:08:18.538] [modloading-worker-0/DEBUG] [net.minecraftforge.fml.javafmlmod.AutomaticEventSubscriber/LOADING]: Auto-subscribing twilightforest.events.MiscEvents to FORGE
[18May2025 00:08:18.539] [modloading-worker-0/DEBUG] [net.minecraftforge.fml.javafmlmod.AutomaticEventSubscriber/LOADING]: Auto-subscribing twilightforest.events.HostileMountEvents to FORGE
[18May2025 00:08:18.541] [modloading-worker-0/DEBUG] [net.minecraftforge.fml.javafmlmod.AutomaticEventSubscriber/LOADING]: Auto-subscribing twilightforest.events.EntityEvents to FORGE
[18May2025 00:08:18.544] [modloading-worker-0/DEBUG] [net.minecraftforge.fml.javafmlmod.AutomaticEventSubscriber/LOADING]: Auto-subscribing twilightforest.events.CharmEvents to FORGE
[18May2025 00:08:18.546] [modloading-worker-0/DEBUG] [net.minecraftforge.fml.javafmlmod.AutomaticEventSubscriber/LOADING]: Auto-subscribing twilightforest.events.CapabilityEvents to FORGE
[18May2025 00:08:18.548] [modloading-worker-0/DEBUG] [net.minecraftforge.fml.javafmlmod.AutomaticEventSubscriber/LOADING]: Auto-subscribing twilightforest.data.DataGenerators to MOD
[18May2025 00:08:18.550] [modloading-worker-0/DEBUG] [net.minecraftforge.fml.javafmlmod.AutomaticEventSubscriber/LOADING]: Auto-subscribing twilightforest.TFTickHandler to FORGE
[18May2025 00:08:18.551] [modloading-worker-0/DEBUG] [net.minecraftforge.fml.javafmlmod.AutomaticEventSubscriber/LOADING]: Auto-subscribing twilightforest.TFConfig to MOD
[18May2025 00:08:18.551] [modloading-worker-0/DEBUG] [net.minecraftforge.fml.javafmlmod.AutomaticEventSubscriber/LOADING]: Auto-subscribing twilightforest.TFConfig$ConfigSync to FORGE
[18May2025 00:08:19.150] [main/DEBUG] [net.minecraftforge.common.capabilities.CapabilityManager/CAPABILITIES]: Attempting to automatically register: Lnet/minecraftforge/energy/IEnergyStorage;
[18May2025 00:08:19.151] [main/DEBUG] [net.minecraftforge.common.capabilities.CapabilityManager/CAPABILITIES]: Attempting to automatically register: Lnet/minecraftforge/fluids/capability/IFluidHandler;
[18May2025 00:08:19.151] [main/DEBUG] [net.minecraftforge.common.capabilities.CapabilityManager/CAPABILITIES]: Attempting to automatically register: Lnet/minecraftforge/fluids/capability/IFluidHandlerItem;
[18May2025 00:08:19.151] [main/DEBUG] [net.minecraftforge.common.capabilities.CapabilityManager/CAPABILITIES]: Attempting to automatically register: Lnet/minecraftforge/items/IItemHandler;
[18May2025 00:08:20.213] [main/DEBUG] [mixin/]: Mixing optimizations.misc.MapItemSavedDataMixin from servercore.common.mixins.json into net.minecraft.world.level.saveddata.maps.MapItemSavedData
[18May2025 00:08:20.213] [main/DEBUG] [mixin/]: servercore.common.mixins.json:optimizations.misc.MapItemSavedDataMixin: Class version 61 required is higher than the class version supported by the current version of Mixin (JAVA_16 supports class version 60)
[18May2025 00:08:20.372] [main/DEBUG] [mixin/]: Mixing collections.goals.GoalSelectorMixin from lithium.mixins.json into net.minecraft.world.entity.ai.goal.GoalSelector
[18May2025 00:08:20.372] [main/DEBUG] [mixin/]: lithium.mixins.json:collections.goals.GoalSelectorMixin: Class version 61 required is higher than the class version supported by the current version of Mixin (JAVA_16 supports class version 60)
[18May2025 00:08:20.375] [main/DEBUG] [mixin/]: Mixing features.activation_range.inactive_ticks.GoalSelectorMixin from servercore.common.mixins.json into net.minecraft.world.entity.ai.goal.GoalSelector
[18May2025 00:08:20.375] [main/DEBUG] [mixin/]: servercore.common.mixins.json:features.activation_range.inactive_ticks.GoalSelectorMixin: Class version 61 required is higher than the class version supported by the current version of Mixin (JAVA_16 supports class version 60)
[18May2025 00:08:20.421] [main/DEBUG] [ModdingLegacy/blue_skies/]: Registering villager types: 13
[18May2025 00:08:20.503] [main/DEBUG] [mixin/]: Mixing accessor.ShapelessRecipeAccessor from tombstone.mixins.json into net.minecraft.world.item.crafting.ShapelessRecipe
[18May2025 00:08:20.534] [main/DEBUG] [mixin/]: Mixing ai.task.memory_change_counting.MultiTickTaskMixin from lithium.mixins.json into net.minecraft.world.entity.ai.behavior.Behavior
[18May2025 00:08:20.534] [main/DEBUG] [mixin/]: lithium.mixins.json:ai.task.memory_change_counting.MultiTickTaskMixin: Class version 61 required is higher than the class version supported by the current version of Mixin (JAVA_16 supports class version 60)
[18May2025 00:08:20.730] [main/DEBUG] [mixin/]: Mixing ai.task.replace_streams.WeightedListMixin from lithium.mixins.json into net.minecraft.world.entity.ai.behavior.ShufflingList
[18May2025 00:08:20.730] [main/DEBUG] [mixin/]: lithium.mixins.json:ai.task.replace_streams.WeightedListMixin: Class version 61 required is higher than the class version supported by the current version of Mixin (JAVA_16 supports class version 60)
[18May2025 00:08:20.977] [main/INFO] [ModdingLegacy/StructureGel/]: [structure_gel] Registering data for structure_gel:loot_table_alias
[18May2025 00:08:20.986] [main/INFO] [ModdingLegacy/StructureGel/]: [structure_gel] Registering data for structure_gel:data_handler_type
[18May2025 00:08:20.989] [main/INFO] [ModdingLegacy/StructureGel/]: [structure_gel] Registering data for structure_gel:dynamic_spawner
[18May2025 00:08:20.990] [main/INFO] [ModdingLegacy/StructureGel/]: [structure_gel] Registering data for structure_gel:jigsaw_type
[18May2025 00:08:21.030] [main/DEBUG] [mixin/]: Mixing forge.ForgeHooksMixin from apoli.mixins.json into net.minecraftforge.common.ForgeHooks
[18May2025 00:08:21.030] [main/DEBUG] [mixin/]: Renaming synthetic method lambda$ladder$0(Lnet/minecraft/core/BlockPos;)V to md2f1535$lambda$ladder$0$0 in apoli.mixins.json:forge.ForgeHooksMixin
[18May2025 00:08:21.030] [main/DEBUG] [mixin/]: Mixing ForgeHooksMixin from tombstone.mixins.json into net.minecraftforge.common.ForgeHooks
[18May2025 00:08:21.056] [main/DEBUG] [mixin/]: Mixing forge.InventoryMenuMixin from apoli.mixins.json into net.minecraft.world.inventory.InventoryMenu
[18May2025 00:08:21.057] [main/DEBUG] [mixin/]: Mixing MixinInventoryMenu from majruszlibrary-common.mixins.json into net.minecraft.world.inventory.InventoryMenu
[18May2025 00:08:21.075] [main/DEBUG] [mixin/]: Mixing collections.mob_spawning.ForgeEventFactoryMixin from lithium.mixins.json into net.minecraftforge.event.ForgeEventFactory
[18May2025 00:08:21.076] [main/DEBUG] [mixin/]: lithium.mixins.json:collections.mob_spawning.ForgeEventFactoryMixin: Class version 61 required is higher than the class version supported by the current version of Mixin (JAVA_16 supports class version 60)
[18May2025 00:08:21.076] [main/DEBUG] [mixin/]: Mixing perf.potential_spawns_alloc.ForgeEventFactoryMixin from modernfix-forge.mixins.json into net.minecraftforge.event.ForgeEventFactory
[18May2025 00:08:21.096] [main/DEBUG] [mixin/]: Mixing collections.mob_spawning.PotentialSpawnsEventMixin from lithium.mixins.json into net.minecraftforge.event.level.LevelEvent$PotentialSpawns
[18May2025 00:08:21.096] [main/DEBUG] [mixin/]: lithium.mixins.json:collections.mob_spawning.PotentialSpawnsEventMixin: Class version 61 required is higher than the class version supported by the current version of Mixin (JAVA_16 supports class version 60)
[18May2025 00:08:21.096] [main/DEBUG] [mixin/]: Mixing perf.potential_spawns_alloc.PotentialSpawnsMixin from modernfix-forge.mixins.json into net.minecraftforge.event.level.LevelEvent$PotentialSpawns
[18May2025 00:08:21.105] [main/DEBUG] [io.netty.util.internal.InternalThreadLocalMap/]: -Dio.netty.threadLocalMap.stringBuilder.initialSize: 1024
[18May2025 00:08:21.105] [main/DEBUG] [io.netty.util.internal.InternalThreadLocalMap/]: -Dio.netty.threadLocalMap.stringBuilder.maxSize: 4096
[18May2025 00:08:21.106] [main/DEBUG] [io.netty.util.internal.ThreadLocalRandom/]: -Dio.netty.initialSeedUniquifier: 0x0e0c6040eeb314af
[18May2025 00:08:21.115] [main/DEBUG] [mixin/]: Mixing IMixinSpawnPlacements from majruszlibrary-common.mixins.json into net.minecraft.world.entity.SpawnPlacements
[18May2025 00:08:21.116] [main/DEBUG] [mixin/]: Renaming @Invoker method register(Lnet/minecraft/world/entity/EntityType;Lnet/minecraft/world/entity/SpawnPlacements$Type;Lnet/minecraft/world/level/levelgen/Heightmap$Types;Lnet/minecraft/world/entity/SpawnPlacements$SpawnPredicate;)V to register_$md$2f1535$0 in majruszlibrary-common.mixins.json:IMixinSpawnPlacements
[18May2025 00:08:21.344] [main/DEBUG] [net.minecraftforge.fml.config.ConfigTracker/CONFIG]: Loading configs type COMMON
[18May2025 00:08:21.345] [main/DEBUG] [net.minecraftforge.fml.config.ConfigFileTypeHandler/CONFIG]: Built TOML config for /workspaces/EmcMc/servidor_minecraft/config/blue_skies-common.toml
[18May2025 00:08:21.345] [main/DEBUG] [net.minecraftforge.fml.config.ConfigFileTypeHandler/CONFIG]: Loaded TOML config file /workspaces/EmcMc/servidor_minecraft/config/blue_skies-common.toml
[18May2025 00:08:21.347] [main/DEBUG] [net.minecraftforge.fml.config.ConfigFileTypeHandler/CONFIG]: Watching TOML config file /workspaces/EmcMc/servidor_minecraft/config/blue_skies-common.toml for changes
[18May2025 00:08:21.348] [main/DEBUG] [net.minecraftforge.fml.config.ConfigFileTypeHandler/CONFIG]: Built TOML config for /workspaces/EmcMc/servidor_minecraft/config/apoli-common.toml
[18May2025 00:08:21.349] [main/DEBUG] [net.minecraftforge.fml.config.ConfigFileTypeHandler/CONFIG]: Loaded TOML config file /workspaces/EmcMc/servidor_minecraft/config/apoli-common.toml
[18May2025 00:08:21.349] [main/DEBUG] [net.minecraftforge.fml.config.ConfigFileTypeHandler/CONFIG]: Watching TOML config file /workspaces/EmcMc/servidor_minecraft/config/apoli-common.toml for changes
[18May2025 00:08:21.349] [main/DEBUG] [net.minecraftforge.fml.config.ConfigFileTypeHandler/CONFIG]: Built TOML config for /workspaces/EmcMc/servidor_minecraft/config/modernfix-common.toml
[18May2025 00:08:21.349] [main/DEBUG] [net.minecraftforge.fml.config.ConfigFileTypeHandler/CONFIG]: Loaded TOML config file /workspaces/EmcMc/servidor_minecraft/config/modernfix-common.toml
[18May2025 00:08:21.350] [main/DEBUG] [net.minecraftforge.fml.config.ConfigFileTypeHandler/CONFIG]: Watching TOML config file /workspaces/EmcMc/servidor_minecraft/config/modernfix-common.toml for changes
[18May2025 00:08:21.350] [main/DEBUG] [net.minecraftforge.fml.config.ConfigFileTypeHandler/CONFIG]: Built TOML config for /workspaces/EmcMc/servidor_minecraft/config/balm-common.toml
[18May2025 00:08:21.350] [main/DEBUG] [net.minecraftforge.fml.config.ConfigFileTypeHandler/CONFIG]: Loaded TOML config file /workspaces/EmcMc/servidor_minecraft/config/balm-common.toml
[18May2025 00:08:21.350] [main/DEBUG] [net.minecraftforge.fml.config.ConfigFileTypeHandler/CONFIG]: Watching TOML config file /workspaces/EmcMc/servidor_minecraft/config/balm-common.toml for changes
[18May2025 00:08:21.351] [main/DEBUG] [net.minecraftforge.fml.config.ConfigFileTypeHandler/CONFIG]: Built TOML config for /workspaces/EmcMc/servidor_minecraft/config/twilightforest-common.toml
[18May2025 00:08:21.352] [main/DEBUG] [net.minecraftforge.fml.config.ConfigFileTypeHandler/CONFIG]: Loaded TOML config file /workspaces/EmcMc/servidor_minecraft/config/twilightforest-common.toml
[18May2025 00:08:21.353] [main/DEBUG] [net.minecraftforge.fml.config.ConfigFileTypeHandler/CONFIG]: Watching TOML config file /workspaces/EmcMc/servidor_minecraft/config/twilightforest-common.toml for changes
[18May2025 00:08:21.355] [main/DEBUG] [net.minecraftforge.fml.config.ConfigFileTypeHandler/CONFIG]: Built TOML config for /workspaces/EmcMc/servidor_minecraft/config/logbegone.toml
[18May2025 00:08:21.355] [main/DEBUG] [net.minecraftforge.fml.config.ConfigFileTypeHandler/CONFIG]: Loaded TOML config file /workspaces/EmcMc/servidor_minecraft/config/logbegone.toml
[18May2025 00:08:21.355] [main/DEBUG] [net.minecraftforge.fml.config.ConfigFileTypeHandler/CONFIG]: Watching TOML config file /workspaces/EmcMc/servidor_minecraft/config/logbegone.toml for changes
[18May2025 00:08:21.355] [main/DEBUG] [net.minecraftforge.fml.config.ConfigFileTypeHandler/CONFIG]: Built TOML config for /workspaces/EmcMc/servidor_minecraft/config/structure_gel-common.toml
[18May2025 00:08:21.356] [main/DEBUG] [net.minecraftforge.fml.config.ConfigFileTypeHandler/CONFIG]: Loaded TOML config file /workspaces/EmcMc/servidor_minecraft/config/structure_gel-common.toml
[18May2025 00:08:21.356] [main/DEBUG] [net.minecraftforge.fml.config.ConfigFileTypeHandler/CONFIG]: Watching TOML config file /workspaces/EmcMc/servidor_minecraft/config/structure_gel-common.toml for changes
[18May2025 00:08:21.356] [main/DEBUG] [net.minecraftforge.fml.config.ConfigFileTypeHandler/CONFIG]: Built TOML config for /workspaces/EmcMc/servidor_minecraft/config/calio-common.toml
[18May2025 00:08:21.357] [main/DEBUG] [net.minecraftforge.fml.config.ConfigFileTypeHandler/CONFIG]: Loaded TOML config file /workspaces/EmcMc/servidor_minecraft/config/calio-common.toml
[18May2025 00:08:21.357] [main/DEBUG] [net.minecraftforge.fml.config.ConfigFileTypeHandler/CONFIG]: Watching TOML config file /workspaces/EmcMc/servidor_minecraft/config/calio-common.toml for changes
[18May2025 00:08:21.357] [main/DEBUG] [net.minecraftforge.fml.config.ConfigFileTypeHandler/CONFIG]: Built TOML config for /workspaces/EmcMc/servidor_minecraft/config/origins-common.toml
[18May2025 00:08:21.358] [main/DEBUG] [net.minecraftforge.fml.config.ConfigFileTypeHandler/CONFIG]: Loaded TOML config file /workspaces/EmcMc/servidor_minecraft/config/origins-common.toml
[18May2025 00:08:21.358] [main/DEBUG] [net.minecraftforge.fml.config.ConfigFileTypeHandler/CONFIG]: Watching TOML config file /workspaces/EmcMc/servidor_minecraft/config/origins-common.toml for changes
[18May2025 00:08:21.359] [main/DEBUG] [net.minecraftforge.fml.config.ConfigFileTypeHandler/CONFIG]: Built TOML config for /workspaces/EmcMc/servidor_minecraft/config/tombstone-common.toml
[18May2025 00:08:21.360] [main/DEBUG] [net.minecraftforge.fml.config.ConfigFileTypeHandler/CONFIG]: Loaded TOML config file /workspaces/EmcMc/servidor_minecraft/config/tombstone-common.toml
[18May2025 00:08:21.360] [main/DEBUG] [net.minecraftforge.fml.config.ConfigFileTypeHandler/CONFIG]: Watching TOML config file /workspaces/EmcMc/servidor_minecraft/config/tombstone-common.toml for changes
[18May2025 00:08:21.514] [modloading-worker-0/INFO] [com.connectivity.Connectivity/]: Connectivity initialized
[18May2025 00:08:21.526] [modloading-worker-0/INFO] [com.clickadv.ClickAdvancements/]: clickadv mod initialized
[18May2025 00:08:21.527] [modloading-worker-0/INFO] [com.farsight.FarsightMod/]: farsight_view mod initialized
[18May2025 00:08:21.536] [modloading-worker-0/DEBUG] [io.github.apace100.apoli.Apoli/]: Registered 9 newtork messages.
[18May2025 00:08:21.540] [modloading-worker-0/DEBUG] [ModernFix/]: Cleared 2558 object holder stacktrace references
[18May2025 00:08:21.570] [modloading-worker-0/DEBUG] [Calio/]: Registered 4 packets
[18May2025 00:08:21.581] [modloading-worker-0/DEBUG] [io.github.apace100.origins.Origins/]: Registered 9 packets
[18May2025 00:08:21.587] [modloading-worker-0/INFO] [dev.architectury.networking.forge.NetworkManagerImpl/]: Registering C2S receiver with id skin_changer:mbechannel/c6416779da663f62836ae72f0509aa3e
[18May2025 00:08:21.592] [modloading-worker-0/INFO] [dev.architectury.networking.forge.NetworkManagerImpl/]: Registering C2S receiver with id skin_changer:mbechannel/8489ea5ae87e3a6199b65ea21ca8f8c8
[18May2025 00:08:21.618] [main/DEBUG] [net.minecraftforge.fml.DeferredWorkQueue/LOADING]: Dispatching synchronous work for work queue COMMON_SETUP: 9 jobs
[18May2025 00:08:21.619] [Forge Version Check/INFO] [net.minecraftforge.fml.VersionChecker/]: [radium] Starting version check at https://api.modrinth.com/updates/radium/forge_updates.json
[18May2025 00:08:21.637] [main/DEBUG] [net.minecraftforge.fml.DeferredWorkQueue/LOADING]: Synchronous work queue completed in 18.91 ms
[18May2025 00:08:21.787] [Forge Version Check/DEBUG] [net.minecraftforge.fml.VersionChecker/]: [radium] Received version check data:
{"homepage":"https://modrinth.com/mod/radium","promos":{"1.20.1-latest":"0.12.4","1.20.1-recommended":"0.12.4","1.20-latest":"1.20-0.11.2"}}
[18May2025 00:08:21.788] [Forge Version Check/INFO] [net.minecraftforge.fml.VersionChecker/]: [radium] Found status: OUTDATED Current: 0.12.3+git.50c5c33 Target: 0.12.4
[18May2025 00:08:21.789] [Forge Version Check/INFO] [net.minecraftforge.fml.VersionChecker/]: [blue_skies] Starting version check at http://changelogs.moddinglegacy.com/blue-skies.json
[18May2025 00:08:21.987] [Thread-0/INFO] [ModernFix/]: Please use /mfsrc to reload any changed mod config files
[18May2025 00:08:22.046] [modloading-worker-0/INFO] [ShoulderSurfing/]: Registering plugin for Shoulder Surfing Reloaded (shouldersurfing)
[18May2025 00:08:22.050] [modloading-worker-0/ERROR] [net.minecraftforge.fml.loading.RuntimeDistCleaner/DISTXFORM]: Attempted to load class net/minecraft/client/Minecraft for invalid dist DEDICATED_SERVER
[18May2025 00:08:22.051] [modloading-worker-0/ERROR] [ShoulderSurfing/]: Failed to load plugin for Shoulder Surfing Reloaded (shouldersurfing)
java.lang.BootstrapMethodError: java.lang.RuntimeException: Attempted to load class net/minecraft/client/Minecraft for invalid dist DEDICATED_SERVER
	at com.github.exopandora.shouldersurfing.plugin.ShoulderSurfingPlugin.register(ShoulderSurfingPlugin.java:26) ~[ShoulderSurfing-Forge-1.20.1-4.3.0.jar%23195!/:1.20.1-4.3.0]
	at com.github.exopandora.shouldersurfing.plugin.PluginLoader.loadPlugin(PluginLoader.java:33) ~[ShoulderSurfing-Forge-1.20.1-4.3.0.jar%23195!/:1.20.1-4.3.0]
	at com.github.exopandora.shouldersurfing.forge.plugin.PluginLoaderForge.loadPlugins(PluginLoaderForge.java:23) ~[ShoulderSurfing-Forge-1.20.1-4.3.0.jar%23195!/:1.20.1-4.3.0]
	at com.github.exopandora.shouldersurfing.forge.ShoulderSurfingForge.loadComplete(ShoulderSurfingForge.java:56) ~[ShoulderSurfing-Forge-1.20.1-4.3.0.jar%23195!/:1.20.1-4.3.0]
	at net.minecraftforge.eventbus.EventBus.doCastFilter(EventBus.java:260) ~[eventbus-6.0.5.jar%2352!/:?]
	at net.minecraftforge.eventbus.EventBus.lambda$addListener$11(EventBus.java:252) ~[eventbus-6.0.5.jar%2352!/:?]
	at net.minecraftforge.eventbus.EventBus.post(EventBus.java:315) ~[eventbus-6.0.5.jar%2352!/:?]
	at net.minecraftforge.eventbus.EventBus.post(EventBus.java:296) ~[eventbus-6.0.5.jar%2352!/:?]
	at net.minecraftforge.fml.javafmlmod.FMLModContainer.acceptEvent(FMLModContainer.java:121) ~[javafmllanguage-1.20.1-47.4.0.jar%23207!/:?]
	at net.minecraftforge.fml.ModContainer.lambda$buildTransitionHandler$5(ModContainer.java:127) ~[fmlcore-1.20.1-47.4.0.jar%23206!/:?]
	at java.util.concurrent.CompletableFuture$AsyncRun.run(CompletableFuture.java:1804) ~[?:?]
	at java.util.concurrent.CompletableFuture$AsyncRun.exec(CompletableFuture.java:1796) ~[?:?]
	at java.util.concurrent.ForkJoinTask.doExec(ForkJoinTask.java:373) ~[?:?]
	at java.util.concurrent.ForkJoinPool$WorkQueue.topLevelExec(ForkJoinPool.java:1182) ~[?:?]
	at java.util.concurrent.ForkJoinPool.scan(ForkJoinPool.java:1655) ~[?:?]
	at java.util.concurrent.ForkJoinPool.runWorker(ForkJoinPool.java:1622) ~[?:?]
	at java.util.concurrent.ForkJoinWorkerThread.run(ForkJoinWorkerThread.java:165) ~[?:?]
Caused by: java.lang.RuntimeException: Attempted to load class net/minecraft/client/Minecraft for invalid dist DEDICATED_SERVER
	at net.minecraftforge.fml.loading.RuntimeDistCleaner.processClassWithFlags(RuntimeDistCleaner.java:57) ~[fmlloader-1.20.1-47.4.0.jar%2369!/:1.0]
	at cpw.mods.modlauncher.LaunchPluginHandler.offerClassNodeToPlugins(LaunchPluginHandler.java:88) ~[modlauncher-10.0.9.jar%2355!/:?]
	at cpw.mods.modlauncher.ClassTransformer.transform(ClassTransformer.java:120) ~[modlauncher-10.0.9.jar%2355!/:?]
	at cpw.mods.modlauncher.TransformingClassLoader.maybeTransformClassBytes(TransformingClassLoader.java:50) ~[modlauncher-10.0.9.jar%2355!/:?]
	at cpw.mods.cl.ModuleClassLoader.readerToClass(ModuleClassLoader.java:113) ~[securejarhandler-2.1.10.jar:?]
	at cpw.mods.cl.ModuleClassLoader.lambda$findClass$15(ModuleClassLoader.java:219) ~[securejarhandler-2.1.10.jar:?]
	at cpw.mods.cl.ModuleClassLoader.loadFromModule(ModuleClassLoader.java:229) ~[securejarhandler-2.1.10.jar:?]
	at cpw.mods.cl.ModuleClassLoader.findClass(ModuleClassLoader.java:219) ~[securejarhandler-2.1.10.jar:?]
	at cpw.mods.cl.ModuleClassLoader.loadClass(ModuleClassLoader.java:135) ~[securejarhandler-2.1.10.jar:?]
	at java.lang.ClassLoader.loadClass(ClassLoader.java:525) ~[?:?]
	... 17 more
[18May2025 00:08:22.083] [Forge Version Check/DEBUG] [net.minecraftforge.fml.VersionChecker/]: [blue_skies] Received version check data:
{
  "homepage": "https://www.curseforge.com/minecraft/mc-mods/blue-skies",
  "promos": {
    "1.19.4-recommended": "1.3.25",
    "1.19.4-latest": "1.3.25",
    "1.19.3-recommended": "1.3.22",
    "1.19.3-latest": "1.3.22",
    "1.19.2-recommended": "1.3.20",
    "1.19.2-latest": "1.3.20",
    "1.19.1-recommended": "1.3.19",
    "1.19.1-latest": "1.3.19",
    "1.19.0-recommended": "1.3.18",
    "1.19.0-latest": "1.3.18",
    "1.18.2-recommended": "1.3.12",
    "1.18.2-latest": "1.3.12",
    "1.18.1-recommended": "1.3.4",
    "1.18.1-latest": "1.3.4",
    "1.17.1-recommended": "1.2.1",
    "1.17.1-latest": "1.2.1",
    "1.16.5-recommended": "1.1.3",
    "1.16.5-latest": "1.1.3",
    "1.14.4-recommended": "1.0.0",
    "1.14.4-latest": "1.0.0",
    "1.12.2-recommended": "1.1.3",
    "1.12.2-latest": "1.1.3"
  },
  "1.19.4": {
    "1.3.25": "- Fixed signs having missing textures\n- Snowcap pinheads and baneful mushrooms are tagged as mushrooms\n- Updated translations",
    "1.3.24": "- Updated to account for recent Forge breaking changes",
    "1.3.23": "- Initial 1.19.4 port\n- Improved Arachnarch spitting accuracy\n- Fixed an exploit with the Starlit Crusher\u0027s AI\n- Possibly fixed the Summoner and Alchemist \"vanishing\" from the boss room in heavily modded scenarios\n\n- Possibly fixed the music system crashing in certain setups\n- Changed how attenuation functions with music\n- Fixed Arachnarch stun sound playing multiple times when paired with certain audio mods\n- Azulfos now breed using Winter Leaves"
  },
  "1.19.3": {
    "1.3.22": "- Fixed odd interaction with using the Astrolabe and shielding at the same time\n- Updated emissive items to use new Forge syntax, now requires Forge version 44.1.1",
    "1.3.21": "- Updated to 1.19.3\n- Updated several leaf textures\n- Merged all items into a single creative tab\n- Added a tooltip to arcs mentioning their ability to re-summon bosses\n- Fixed a lockup when using piercing projectiles on the Alchemist\n- Removed config options to adjust the generation settings for the Gatekeeper\u0027s house, as that is not possible anymore. Datapacks should be used instead."
  },
  "1.19.2": {
    "1.3.20": "- Updated to 1.19.2\n- Fixed the Gatekeeper\u0027s House sometimes not having proper biomes\n- Updated the config to prevent chat bugs"
  },
  "1.19.1": {
    "1.3.19": "- Ported to 1.19.1\n- Added #blue_skies:gatekeeper_houses tag for searching convenience"
  },
  "1.19.0": {
    "1.3.18": "- Fixed crash on server load",
    "1.3.17": "- Updated to support latest Forge refactor. Requires Forge 41.0.94 or higher."
  },
  "1.18.2": {
    "1.3.12": "- Fixed issues that could cause crashes on startup by moving some processes to enqueueWork.",
    "1.3.11": "- Added new biome tags\n- Any block not from Minecraft or Blue skies can be broken anywhere within a dungeon. This fixes issues where you couldn\u0027t break gravestones from some mods.\n- Renamed Shade Monitor texture files to match their respective biome tag name.\n- A possible crash when registring flamable blocks, compostable items, or dispenser behaviors.\n- Hoes till our blocks properly.\n- /locatebiome could cause a lockup if looking for a biome that doesn\u0027t exist in the Everbright or Everdawn.\n- The Summoner and Alchemist don\u0027t visually appear at the wrong location when they teleport anymore.",
    "1.3.10": "- Fixed a crash on server"
  },
  "1.18.1": {
    "1.3.4": "- Fixed spider webbing crashing the game when it has no collision.\n- Fixed an exploit with one of the villager trades.\n- The allowed spawns config option has more clear wording."
  },
  "1.17.1": {
    "1.2.1": "- Adjusted dungeon spawn rates.\n- Added a message for when attempting to spawn a boss on peaceful to make it fully clear that it won\u0027t work.\n- Fixed an issue preventing servers from closing properly.\n- Brumble blocks are now craftable.\n- Mods using FakePlayers (usually things like automation machines) should now work correctly. This includes not being able to break dungeons. This previously had incorrect logic which caused the issue."
  },
  "1.16.5": {
    "1.1.3": "- Final 1.16.5 release\n- The Nightwatcher will no longer crash the game if its workstation is broken while robbing a villager\n- Small Frostbright trees can be grown with a single sapling\n- The Mason villager profession can sell the opposite dimension\u0027s stone bricks, allowing you access to both dimensions once you have found one\n- The Gatekeeper house no longer generates in dimensions that it shouldn\u0027t, such as the Twilight Forest\n- Increased village spawnrates yet again. The spacing between them has been decreased by 1/4\n- Fixed a possible crash that could occur with the Diophyde Prowler\n- The Alchemy Table no longer takes up an extreme amount of memory with JEI, and is much easier to look at\n- Fixed a crash with Mowzie\u0027s Mobs\n- Fixed saplings not being able to grow in the Everbright or Everdawn\n- Fireflies should begin spawning on the surface instead of underground\n- Adjusted bosses to fix some issues with unintended combat mechanics\n- Fixed the food prep table crashing on startup with some mods"
  }
}
[18May2025 00:08:22.084] [Forge Version Check/INFO] [net.minecraftforge.fml.VersionChecker/]: [blue_skies] Found status: BETA Current: 1.3.31 Target: null
[18May2025 00:08:22.084] [Forge Version Check/INFO] [net.minecraftforge.fml.VersionChecker/]: [majruszsdifficulty] Starting version check at https://raw.githubusercontent.com/Majrusz/MinecraftCommon/main/ProgressiveDifficulty/update.json
[18May2025 00:08:22.112] [Forge Version Check/DEBUG] [net.minecraftforge.fml.VersionChecker/]: [majruszsdifficulty] Received version check data:
{
  "homepage": "https://modrinth.com/mod/majruszs-progressive-difficulty/versions",
  "promos": {
    "1.16.3-latest": "0.2.0",
    "1.16.3-recommended": "0.2.0",
    "1.16.4-latest": "1.1.0",
    "1.16.4-recommended": "1.1.0",
    "1.17.1-latest": "1.3.0",
    "1.17.1-recommended": "1.3.0",
    "1.18.1-latest": "1.4.0",
    "1.18.1-recommended": "1.4.0",
    "1.18.2-latest": "1.7.4",
    "1.18.2-recommended": "1.7.4",
    "1.19-latest": "1.5.6",
    "1.19-recommended": "1.5.6",
    "1.19.1-latest": "1.5.9",
    "1.19.1-recommended": "1.5.9",
    "1.19.2-latest": "1.9.9",
    "1.19.2-recommended": "1.9.9",
    "1.19.3-latest": "1.7.1",
    "1.19.3-recommended": "1.7.1",
    "1.19.4-latest": "1.9.7",
    "1.19.4-recommended": "1.9.7",
    "1.20-latest": "1.7.6",
    "1.20-recommended": "1.7.6",
    "1.20.1-latest": "1.9.10",
    "1.20.1-recommended": "1.9.10"
  }
}
[18May2025 00:08:22.112] [Forge Version Check/INFO] [net.minecraftforge.fml.VersionChecker/]: [majruszsdifficulty] Found status: UP_TO_DATE Current: 1.9.10 Target: null
[18May2025 00:08:22.112] [Forge Version Check/INFO] [net.minecraftforge.fml.VersionChecker/]: [controlling] Starting version check at https://updates.blamejared.com/get?n=controlling&gv=1.20.1
[18May2025 00:08:22.469] [Forge Version Check/DEBUG] [net.minecraftforge.fml.VersionChecker/]: [controlling] Received version check data:
{"homepage":"https://www.curseforge.com/minecraft/mc-mods/controlling","promos":{"1.20.1-latest":"12.0.2"}}
[18May2025 00:08:22.470] [Forge Version Check/INFO] [net.minecraftforge.fml.VersionChecker/]: [controlling] Found status: BETA Current: 12.0.2 Target: 12.0.2
[18May2025 00:08:22.470] [Forge Version Check/INFO] [net.minecraftforge.fml.VersionChecker/]: [twilightforest] Starting version check at https://gh.tamaized.com/TeamTwilight/twilightforest/update.json
[18May2025 00:08:22.601] [Forge Version Check/DEBUG] [net.minecraftforge.fml.VersionChecker/]: [twilightforest] Received version check data:
{
  "homepage": "https://minecraft.curseforge.com/projects/the-twilight-forest",
  "promos": {
	"1.20.2-latest": "4.4.1977",
	"1.20.2-recommended": "4.4.1977",
	"1.20.1-latest": "4.3.1893",
	"1.20.1-recommended": "4.3.1893",
	"1.19.4-latest": "4.2.1696",
	"1.19.4-recommended": "4.2.1696",
	"1.18.2-latest": "4.1.1494",
	"1.18.2-recommended": "4.1.1494",
	"1.17.1-latest": "4.0.943",
	"1.17.1-recommended": "4.0.943",
	"1.16.5-latest": "4.0.870",
	"1.16.5-recommended": "4.0.870",
	"1.12.2-latest": "3.11.1021",
	"1.12.2-recommended": "3.11.1021",
	"1.7.10-latest": "2.4.3",
	"1.7.10-recommended": "2.4.3"
  }
}
[18May2025 00:08:22.601] [Forge Version Check/INFO] [net.minecraftforge.fml.VersionChecker/]: [twilightforest] Found status: AHEAD Current: 4.3.2508 Target: null
[18May2025 00:08:22.602] [Forge Version Check/INFO] [net.minecraftforge.fml.VersionChecker/]: [structure_gel] Starting version check at http://changelogs.moddinglegacy.com/structure-gel.json
[18May2025 00:08:22.607] [main/DEBUG] [net.minecraftforge.coremod.transformer.CoreModBaseTransformer/COREMOD]: Transforming <init> with desc (JZZLjava/util/Optional;)V
[18May2025 00:08:22.618] [main/DEBUG] [net.minecraftforge.coremod.transformer.CoreModBaseTransformer/COREMOD]: Transforming m_226857_ with desc (Lnet/minecraft/world/level/levelgen/structure/pieces/StructurePieceSerializationContext;Lnet/minecraft/nbt/CompoundTag;J)Lnet/minecraft/world/level/levelgen/structure/StructureStart;
[18May2025 00:08:22.641] [main/INFO] [com.mojang.authlib.yggdrasil.YggdrasilAuthenticationService/]: Environment: authHost='https://authserver.mojang.com', accountsHost='https://api.mojang.com', sessionHost='https://sessionserver.mojang.com', servicesHost='https://api.minecraftservices.com', name='PROD'
[18May2025 00:08:22.664] [main/DEBUG] [mixin/]: Mixing bugfix.removed_dimensions.LevelStorageSourceMixin from modernfix-forge.mixins.json into net.minecraft.world.level.storage.LevelStorageSource
[18May2025 00:08:22.673] [main/DEBUG] [mixin/]: Mixing perf.dynamic_dfu.DataFixersMixin from modernfix-common.mixins.json into net.minecraft.util.datafix.DataFixers
[18May2025 00:08:22.673] [main/DEBUG] [mixin/]: Renaming synthetic method lambda$createLazyFixerUpper$0(Ljava/util/Set;)Lcom/mojang/datafixers/DataFixer; to md2f1535$lambda$createLazyFixerUpper$0$0 in modernfix-common.mixins.json:perf.dynamic_dfu.DataFixersMixin
[18May2025 00:08:22.693] [Forge Version Check/DEBUG] [net.minecraftforge.fml.VersionChecker/]: [structure_gel] Received version check data:
{
  "homepage": "https://www.curseforge.com/minecraft/mc-mods/structure-gel-api",
  "promos": {
    "1.19.4-recommended": "2.12.0",
    "1.19.4-latest": "2.12.0",
    "1.19.3-recommended": "2.9.0",
    "1.19.3-latest": "2.9.0",
    "1.19.2-recommended": "2.7.2",
    "1.19.2-latest": "2.7.2",
    "1.19.1-recommended": "2.7.1",
    "1.19.1-latest": "2.7.1",
    "1.18.2-recommended": "2.4.7",
    "1.18.2-latest": "2.4.7",
    "1.17.1-recommended": "2.0.1",
    "1.17.1-latest": "2.0.1",
    "1.16.5-recommended": "1.7.8",
    "1.16.5-latest": "1.7.8",
    "1.16.4-recommended": "1.7.8",
    "1.16.4-latest": "1.7.8",
    "1.15.2-recommended": "1.1.0",
    "1.15.2-latest": "1.1.0",
    "1.14.4-recommended": "1.1.0",
    "1.14.4-latest": "1.1.0"
  },
  "1.19.4": {
    "2.12.0": "Made visual improvements to the Building Tool GUI and fixed some bugs.\n\nhttps://gitlab.com/modding-legacy/structure-gel-api/-/blob/1.19.x/changelogs/1.19.4-v2.12.0.md",
    "2.11.0": "- Added an archaeology data handler mode (requires 1.20 feature flags to use).\n- Added the ability to change a structure\u0027s biomes in the config.\n\nChangelog:\nhttps://gitlab.com/modding-legacy/structure-gel-api/-/blob/1.19.x/changelogs/1.19.4-v2.11.0.md",
    "2.10.0": "Updated to 1.19.4 with many QoL changes\n\nChangelog:\nhttps://gitlab.com/modding-legacy/structure-gel-api/-/blob/1.19.x/changelogs/1.19.4-v2.10.0.md\n"
  },
  "1.19.3": {
    "2.9.0": "This update comes with _many_ changes and additions to the Building Tool, Data Handlers, and Dynamic Spawners. This will be the last feature update to 1.19.3, unless major bugs are discovered.\n\nhttps://gitlab.com/modding-legacy/structure-gel-api/-/blob/1.19.x/changelogs/1.19.3-v2.9.0.md"
  },
  "1.19.2": {
    "2.7.2": "Fixed a lockup that could occur during worldgen"
  }
}
[18May2025 00:08:22.693] [Forge Version Check/INFO] [net.minecraftforge.fml.VersionChecker/]: [structure_gel] Found status: BETA Current: 2.16.2 Target: null
[18May2025 00:08:22.694] [Forge Version Check/INFO] [net.minecraftforge.fml.VersionChecker/]: [silentlib] Starting version check at https://raw.githubusercontent.com/SilentChaos512/SilentLib/1.20.x/update.json
[18May2025 00:08:22.704] [Forge Version Check/DEBUG] [net.minecraftforge.fml.VersionChecker/]: [silentlib] Received version check data:
{
    "homepage": "https://www.curseforge.com/minecraft/mc-mods/silent-lib",
    "1.120.1": {
        "8.0.0": "https://github.com/SilentChaos512/SilentLib/blob/1.20.x/CHANGELOG.md"
    },
    "promos": {
        "1.120.1-latest": "8.0.0",
        "1.120.1-recommended": "8.0.0"
    }
}
[18May2025 00:08:22.704] [Forge Version Check/INFO] [net.minecraftforge.fml.VersionChecker/]: [silentlib] Found status: BETA Current: 8.0.0 Target: null
[18May2025 00:08:22.704] [Forge Version Check/INFO] [net.minecraftforge.fml.VersionChecker/]: [searchables] Starting version check at https://updates.blamejared.com/get?n=searchables&gv=1.20.1
[18May2025 00:08:22.774] [main/INFO] [ModernFix/]: Bypassed Mojang DFU
[18May2025 00:08:22.807] [Forge Version Check/DEBUG] [net.minecraftforge.fml.VersionChecker/]: [searchables] Received version check data:
{"homepage":"https://www.curseforge.com/minecraft/mc-mods/searchables","promos":{"1.20.1-latest":"1.0.3"}}
[18May2025 00:08:22.807] [Forge Version Check/INFO] [net.minecraftforge.fml.VersionChecker/]: [searchables] Found status: BETA Current: 1.0.3 Target: 1.0.3
[18May2025 00:08:22.808] [Forge Version Check/INFO] [net.minecraftforge.fml.VersionChecker/]: [tombstone] Starting version check at https://raw.githubusercontent.com/Corail31/tombstone_lite/master/update.json
[18May2025 00:08:22.818] [Forge Version Check/DEBUG] [net.minecraftforge.fml.VersionChecker/]: [tombstone] Received version check data:
{
	"homepage": "https://www.curseforge.com/minecraft/mc-mods/corail-tombstone",
	"promos": {
		"1.21.5-latest": "9.4.0",
		"1.21.5-recommended": "9.4.0",
		"1.21.4-latest": "9.3.7",
		"1.21.4-recommended": "9.3.7",
		"1.21.3-latest": "9.2.4",
		"1.21.3-recommended": "9.2.4",
		"1.21.1-latest": "9.1.10",
		"1.21.1-recommended": "9.1.10",
		"1.20.4-latest": "8.6.4",
		"1.20.4-recommended": "8.6.4",
		"1.20.2-latest": "8.6.3",
		"1.20.2-recommended": "8.6.3",
		"1.20.1-latest": "8.9.4",
		"1.20.1-recommended": "8.9.4",
		"1.19.4-latest": "8.4.2",
		"1.19.4-recommended": "8.4.2",
		"1.19.3-latest": "8.3.2",
		"1.19.3-recommended": "8.3.2",
		"1.19.2-latest": "8.3.7",
		"1.19.2-recommended": "8.3.7",
		"1.19.1-latest": "8.1.0",
		"1.19.1-recommended": "8.1.0",
		"1.18.2-latest": "7.7.6",
		"1.18.2-recommended": "7.7.6",
		"1.18.1-latest": "7.4.1",
		"1.18.1-recommended": "7.4.1",
		"1.17.1-latest": "7.3.0",
		"1.17.1-recommended": "7.3.0",
		"1.16.5-latest": "6.9.6",
		"1.16.5-recommended": "6.9.6",
		"1.15.2-latest": "4.6.0",
		"1.15.2-recommended": "4.6.0",
		"1.14.4-latest": "4.3.6",
		"1.14.4-recommended": "4.3.6",
		"1.13.2-latest": "3.5.2",
		"1.13.2-recommended": "3.5.2",
		"1.12.2-latest": "4.7.5",
		"1.12.2-recommended": "4.7.5",
		"1.11.2-latest": "2.9.0.1",
		"1.11.2-recommended": "2.9.0.1",
		"1.10.2-latest": "2.9.4",
		"1.10.2-recommended": "2.9.4",
		"1.9.4-latest": "1.4.1",
		"1.9.4-recommended": "1.4.1",
		"1.8.9-latest": "1.4.1",
		"1.8.9-recommended": "1.4.1"
	},
	"1.21.5": {
		"9.4.0": "initial port"
	},
	"1.21.4": {
		"9.3.7": "final version"
	},
	"1.21.3": {
		"9.2.4": "final version"
	},
	"1.21.1": {
		"9.1.10": "final version"
	},
	"1.20.4": {
		"8.6.4": "final version"
	},
	"1.20.2": {
		"8.6.3": "final version"
	},
	"1.20.1": {
		"8.9.4": "configs for special events",
		"8.9.3": "improvements",
		"8.9.2": "abandoned graves",
		"8.9.1": "improvements",
		"8.9.0": "improves enchantments",
		"8.8.6": "updates Christmas event"
	},
	"1.19.4": {
		"8.4.2": "final version"
	},
	"1.19.2": {
		"8.3.7": "final version"
	},
	"1.18.2": {
		"7.7.6": "final version"
	},
	"1.16.5": {
		"6.9.6": "final version"
	},
	"1.12.2": {
		"4.7.5": "final version"
	}
}
[18May2025 00:08:22.818] [Forge Version Check/INFO] [net.minecraftforge.fml.VersionChecker/]: [tombstone] Found status: UP_TO_DATE Current: 8.9.4 Target: null
[18May2025 00:08:22.818] [Forge Version Check/INFO] [net.minecraftforge.fml.VersionChecker/]: [embeddium_extra] Starting version check at https://api.modrinth.com/updates/rubidium-extra/forge_updates.json
[18May2025 00:08:22.856] [Forge Version Check/DEBUG] [net.minecraftforge.fml.VersionChecker/]: [embeddium_extra] Received version check data:
{"homepage":"https://modrinth.com/mod/rubidium-extra","promos":{"1.18.2-latest":"0.4.18+mc1.18.2-build.86","1.19.3-recommended":"0.4.17+mc1.19.3-build.73","1.19-recommended":"1.19.2-0.4.11.44","1.19.1-recommended":"1.19.2-0.4.11.44","1.20.1-latest":"0.5.4.4+mc1.20.1-build.131","1.16.4-latest":"0.4.18+mc1.16.5-build.107","1.16.1-latest":"0.4.18+mc1.16.5-build.107","1.20-latest":"0.5.3.1+mc1.20.1-build.110","1.16.2-recommended":"0.4.18+mc1.16.5-build.107","1.20.1-recommended":"0.5.4.4+mc1.20.1-build.131","1.16.5-recommended":"0.4.18+mc1.16.5-build.107","1.19.2-recommended":"0.4.19+mc1.19.2-build.105","1.16.1-recommended":"0.4.18+mc1.16.5-build.107","1.19.3-latest":"0.4.17+mc1.19.3-build.73","1.16.3-recommended":"0.4.18+mc1.16.5-build.107","1.19.2-latest":"0.4.19+mc1.19.2-build.105","1.19.4-latest":"0.4.19+mc1.19.4-build.88","1.19-latest":"1.19.2-0.4.11.44","1.19.1-latest":"1.19.2-0.4.11.44","1.16-latest":"0.4.18+mc1.16.5-build.107","1.16.2-latest":"0.4.18+mc1.16.5-build.107","1.16.4-recommended":"0.4.18+mc1.16.5-build.107","1.16-recommended":"0.4.18+mc1.16.5-build.107","1.16.5-latest":"0.4.18+mc1.16.5-build.107","1.16.3-latest":"0.4.18+mc1.16.5-build.107","1.18.2-recommended":"0.4.18+mc1.18.2-build.86","1.20-recommended":"0.5.3.1+mc1.20.1-build.110","1.19.4-recommended":"0.4.19+mc1.19.4-build.88"}}
[18May2025 00:08:22.856] [Forge Version Check/INFO] [net.minecraftforge.fml.VersionChecker/]: [embeddium_extra] Found status: OUTDATED Current: 0.5.4.3+mc1.20.1-build.121 Target: 0.5.4.4+mc1.20.1-build.131
[18May2025 00:08:22.856] [Forge Version Check/INFO] [net.minecraftforge.fml.VersionChecker/]: [rrls] Starting version check at https://api.modrinth.com/updates/rrls/forge_updates.json
[18May2025 00:08:22.891] [Forge Version Check/DEBUG] [net.minecraftforge.fml.VersionChecker/]: [rrls] Received version check data:
{"homepage":"https://modrinth.com/mod/rrls","promos":{"1.20.1-latest":"4.0.6.1+mc1.20.1-forge","1.20-recommended":"3.2.0-1.20.1-forge","1.20.1-recommended":"4.0.6.1+mc1.20.1-forge","1.20-latest":"3.2.0-1.20.1-forge","1.18.2-recommended":"1.18.2-3.1.0-forge","1.19.2-recommended":"1.19.2-3.1.1-forge","1.18.2-latest":"1.18.2-3.1.0-forge","1.19.3-latest":"1.19.2-3.1.1-forge","1.19.3-recommended":"1.19.2-3.1.1-forge","1.19.4-recommended":"1.19.4-3.1.0-forge","1.19.4-latest":"1.19.4-3.1.0-forge","1.16.5-recommended":"1.5.1-forge","1.16.5-latest":"1.5.1-forge","1.19.2-latest":"1.19.2-3.1.1-forge"}}
[18May2025 00:08:22.891] [Forge Version Check/INFO] [net.minecraftforge.fml.VersionChecker/]: [rrls] Found status: UP_TO_DATE Current: 4.0.6.1+mc1.20.1-forge Target: null
[18May2025 00:08:22.892] [Forge Version Check/INFO] [net.minecraftforge.fml.VersionChecker/]: [scalinghealth] Starting version check at https://raw.githubusercontent.com/SilentChaos512/ScalingHealth/1.18/update.json
[18May2025 00:08:22.903] [Forge Version Check/DEBUG] [net.minecraftforge.fml.VersionChecker/]: [scalinghealth] Received version check data:
{
    "homepage": "https://www.curseforge.com/minecraft/mc-mods/scaling-health",
    "changelog": "https://github.com/SilentChaos512/ScalingHealth/blob/1.18/CHANGELOG.md",
    "1.18.2": {
        "6.3.0": "https://github.com/SilentChaos512/ScalingHealth/blob/1.18/CHANGELOG.md",
        "6.2.1": "https://github.com/SilentChaos512/ScalingHealth/blob/1.18/CHANGELOG.md",
        "6.2.0": "https://github.com/SilentChaos512/ScalingHealth/blob/1.18/CHANGELOG.md",
        "6.0.1": "https://github.com/SilentChaos512/ScalingHealth/blob/1.18/CHANGELOG.md",
        "6.0.0": "https://github.com/SilentChaos512/ScalingHealth/blob/1.18/CHANGELOG.md"
    },
    "1.18.1": {
        "6.0.0": "https://github.com/SilentChaos512/ScalingHealth/blob/1.18/CHANGELOG.md"
    },
    "1.17.1": {
        "5.0.4": "https://github.com/SilentChaos512/ScalingHealth/blob/1.17/CHANGELOG.md",
        "5.0.3": "https://github.com/SilentChaos512/ScalingHealth/blob/1.17/CHANGELOG.md",
        "5.0.2": "https://github.com/SilentChaos512/ScalingHealth/blob/1.17/CHANGELOG.md",
        "5.0.1": "https://github.com/SilentChaos512/ScalingHealth/blob/1.17/CHANGELOG.md",
        "5.0.0": "https://github.com/SilentChaos512/ScalingHealth/blob/1.17/CHANGELOG.md"
    },
    "1.16.5": {
        "4.1.5": "https://github.com/SilentChaos512/ScalingHealth/blob/1.16/CHANGELOG.md",
        "4.1.4": "https://github.com/SilentChaos512/ScalingHealth/blob/1.16/CHANGELOG.md",
        "4.1.3": "https://github.com/SilentChaos512/ScalingHealth/blob/1.16/CHANGELOG.md",
        "4.1.2": "https://github.com/SilentChaos512/ScalingHealth/blob/1.16/CHANGELOG.md",
        "4.1.1": "https://github.com/SilentChaos512/ScalingHealth/blob/1.16/CHANGELOG.md",
        "4.1.0": "https://github.com/SilentChaos512/ScalingHealth/blob/1.16/CHANGELOG.md"
    },
    "1.16.4": {
        "4.0.4": "https://github.com/SilentChaos512/ScalingHealth/blob/1.16/CHANGELOG.md"
    },
    "1.15.2": {
        "3.0.3": "https://github.com/SilentChaos512/ScalingHealth/blob/1.15/CHANGELOG.md",
        "3.0.2": "https://github.com/SilentChaos512/ScalingHealth/blob/1.15/CHANGELOG.md",
        "3.0.1": "https://github.com/SilentChaos512/ScalingHealth/blob/1.15/CHANGELOG.md",
        "3.0.0": "https://github.com/SilentChaos512/ScalingHealth/blob/1.15/CHANGELOG.md"
    },
    "1.14.4": {
        "2.5.3": "https://github.com/SilentChaos512/ScalingHealth/blob/1.14/CHANGELOG.md",
        "2.5.2": "https://github.com/SilentChaos512/ScalingHealth/blob/1.14/CHANGELOG.md",
        "2.5.1": "https://github.com/SilentChaos512/ScalingHealth/blob/1.14/CHANGELOG.md",
        "2.5.0": "https://github.com/SilentChaos512/ScalingHealth/blob/1.14/CHANGELOG.md",
        "2.4.2": "https://github.com/SilentChaos512/ScalingHealth/blob/1.14/CHANGELOG.md",
        "2.4.1": "https://github.com/SilentChaos512/ScalingHealth/blob/1.14/CHANGELOG.md",
        "2.4.0": "https://github.com/SilentChaos512/ScalingHealth/blob/1.14/CHANGELOG.md",
        "2.3.14": "https://github.com/SilentChaos512/ScalingHealth/blob/1.14/CHANGELOG.md",
        "2.3.13": "https://github.com/SilentChaos512/ScalingHealth/blob/1.14/CHANGELOG.md",
        "2.3.12": "https://github.com/SilentChaos512/ScalingHealth/blob/1.14/CHANGELOG.md",
        "2.3.11": "https://github.com/SilentChaos512/ScalingHealth/blob/1.14/CHANGELOG.md",
        "2.3.10": "https://github.com/SilentChaos512/ScalingHealth/blob/1.14/CHANGELOG.md",
        "2.3.9": "https://github.com/SilentChaos512/ScalingHealth/blob/1.14/CHANGELOG.md",
        "2.3.8": "https://github.com/SilentChaos512/ScalingHealth/blob/1.14/CHANGELOG.md",
        "2.3.7": "https://github.com/SilentChaos512/ScalingHealth/blob/1.14/CHANGELOG.md",
        "2.3.6": "https://github.com/SilentChaos512/ScalingHealth/blob/1.14/CHANGELOG.md",
        "2.3.5": "https://github.com/SilentChaos512/ScalingHealth/blob/1.14/CHANGELOG.md",
        "2.3.4": "https://github.com/SilentChaos512/ScalingHealth/blob/1.14/CHANGELOG.md",
        "2.3.3": "https://github.com/SilentChaos512/ScalingHealth/blob/1.14/CHANGELOG.md",
        "2.3.2": "https://github.com/SilentChaos512/ScalingHealth/blob/1.14/CHANGELOG.md",
        "2.3.1": "https://github.com/SilentChaos512/ScalingHealth/blob/1.14/CHANGELOG.md",
        "2.3.0": "https://github.com/SilentChaos512/ScalingHealth/blob/1.14/CHANGELOG.md",
        "2.2.1": "https://github.com/SilentChaos512/ScalingHealth/blob/1.14/CHANGELOG.md",
        "2.2.0": "https://github.com/SilentChaos512/ScalingHealth/blob/1.14/CHANGELOG.md",
        "2.1.0": "https://github.com/SilentChaos512/ScalingHealth/blob/1.14/CHANGELOG.md",
        "2.0.4": "https://github.com/SilentChaos512/ScalingHealth/blob/1.14/CHANGELOG.md",
        "2.0.3": "https://github.com/SilentChaos512/ScalingHealth/blob/1.14/CHANGELOG.md",
        "2.0.2": "https://github.com/SilentChaos512/ScalingHealth/blob/1.14/CHANGELOG.md",
        "2.0.1": "https://github.com/SilentChaos512/ScalingHealth/blob/1.14/CHANGELOG.md"
    },
    "promos": {
        "1.12.2-latest": "1.3.42",
        "1.14.4-latest": "2.5.3",
        "1.15.2-latest": "3.0.3",
        "1.16.4-latest": "4.0.4",
        "1.16.5-latest": "4.1.5",
        "1.17.1-latest": "5.0.4",
        "1.18.1-latest": "6.0.0",
        "1.18.2-latest": "6.3.0"
    }
}
[18May2025 00:08:22.903] [Forge Version Check/INFO] [net.minecraftforge.fml.VersionChecker/]: [scalinghealth] Found status: BETA Current: 8.0.2+9 Target: null
[18May2025 00:08:22.903] [Forge Version Check/INFO] [net.minecraftforge.fml.VersionChecker/]: [forge] Starting version check at https://files.minecraftforge.net/net/minecraftforge/forge/promotions_slim.json
[18May2025 00:08:23.047] [Forge Version Check/DEBUG] [net.minecraftforge.fml.VersionChecker/]: [forge] Received version check data:
{
  "homepage": "https://files.minecraftforge.net/net/minecraftforge/forge/",
  "promos": {
    "1.1-latest": "1.3.4.29",
    "1.2.3-latest": "1.4.1.64",
    "1.2.4-latest": "2.0.0.68",
    "1.2.5-latest": "3.4.9.171",
    "1.3.2-latest": "4.3.5.318",
    "1.4.0-latest": "5.0.0.326",
    "1.4.1-latest": "6.0.0.329",
    "1.4.2-latest": "6.0.1.355",
    "1.4.3-latest": "6.2.1.358",
    "1.4.4-latest": "6.3.0.378",
    "1.4.5-latest": "6.4.2.448",
    "1.4.6-latest": "6.5.0.489",
    "1.4.7-latest": "6.6.2.534",
    "1.5-latest": "7.7.0.598",
    "1.5.1-latest": "7.7.2.682",
    "1.5.2-latest": "7.8.1.738",
    "1.5.2-recommended": "7.8.1.738",
    "1.6.1-latest": "8.9.0.775",
    "1.6.2-latest": "9.10.1.871",
    "1.6.2-recommended": "9.10.1.871",
    "1.6.3-latest": "9.11.0.878",
    "1.6.4-latest": "9.11.1.1345",
    "1.6.4-recommended": "9.11.1.1345",
    "1.7.2-latest": "10.12.2.1161",
    "1.7.2-recommended": "10.12.2.1161",
    "1.7.10_pre4-latest": "10.12.2.1149",
    "1.7.10-latest": "10.13.4.1614",
    "1.7.10-recommended": "10.13.4.1614",
    "1.8-latest": "11.14.4.1577",
    "1.8-recommended": "11.14.4.1563",
    "1.8.8-latest": "11.15.0.1655",
    "1.8.9-latest": "11.15.1.2318",
    "1.8.9-recommended": "11.15.1.2318",
    "1.9-latest": "12.16.1.1938",
    "1.9-recommended": "12.16.1.1887",
    "1.9.4-latest": "12.17.0.2317",
    "1.9.4-recommended": "12.17.0.2317",
    "1.10-latest": "12.18.0.2000",
    "1.10.2-latest": "12.18.3.2511",
    "1.10.2-recommended": "12.18.3.2511",
    "1.11-latest": "13.19.1.2199",
    "1.11-recommended": "13.19.1.2189",
    "1.11.2-latest": "13.20.1.2588",
    "1.11.2-recommended": "13.20.1.2588",
    "1.12-latest": "14.21.1.2443",
    "1.12-recommended": "14.21.1.2387",
    "1.12.1-latest": "14.22.1.2485",
    "1.12.1-recommended": "14.22.1.2478",
    "1.12.2-latest": "14.23.5.2860",
    "1.12.2-recommended": "14.23.5.2859",
    "1.13.2-latest": "25.0.223",
    "1.14.2-latest": "26.0.63",
    "1.14.3-latest": "27.0.60",
    "1.14.4-latest": "28.2.26",
    "1.14.4-recommended": "28.2.26",
    "1.15-latest": "29.0.4",
    "1.15.1-latest": "30.0.51",
    "1.15.2-latest": "31.2.57",
    "1.15.2-recommended": "31.2.57",
    "1.16.1-latest": "32.0.108",
    "1.16.2-latest": "33.0.61",
    "1.16.3-latest": "34.1.42",
    "1.16.3-recommended": "34.1.0",
    "1.16.4-latest": "35.1.37",
    "1.16.4-recommended": "35.1.4",
    "1.16.5-latest": "36.2.42",
    "1.16.5-recommended": "36.2.34",
    "1.17.1-latest": "37.1.1",
    "1.17.1-recommended": "37.1.1",
    "1.18-latest": "38.0.17",
    "1.18.1-latest": "39.1.2",
    "1.18.1-recommended": "39.1.0",
    "1.18.2-recommended": "40.3.0",
    "1.18.2-latest": "40.3.10",
    "1.19-latest": "41.1.0",
    "1.19-recommended": "41.1.0",
    "1.19.1-latest": "42.0.9",
    "1.19.2-recommended": "43.5.0",
    "1.19.2-latest": "43.5.0",
    "1.19.3-latest": "44.1.23",
    "1.19.3-recommended": "44.1.0",
    "1.19.4-recommended": "45.4.0",
    "1.19.4-latest": "45.4.0",
    "1.20-latest": "46.0.14",
    "1.20.1-recommended": "47.4.0",
    "1.20.1-latest": "47.4.0",
    "1.20.2-latest": "48.1.0",
    "1.20.2-recommended": "48.1.0",
    "1.20.3-latest": "49.0.2",
    "1.20.4-latest": "49.2.0",
    "1.20.4-recommended": "49.2.0",
    "1.20.6-latest": "50.2.0",
    "1.20.6-recommended": "50.2.0",
    "1.21-latest": "51.0.33",
    "1.21.1-latest": "52.1.1",
    "1.21.1-recommended": "52.1.0",
    "1.21.3-latest": "53.1.1",
    "1.21.3-recommended": "53.1.0",
    "1.21.4-latest": "54.1.3",
    "1.21.4-recommended": "54.1.0",
    "1.21.5-latest": "55.0.16"
  }
}
[18May2025 00:08:23.047] [Forge Version Check/INFO] [net.minecraftforge.fml.VersionChecker/]: [forge] Found status: UP_TO_DATE Current: 47.4.0 Target: null
[18May2025 00:08:23.048] [Forge Version Check/INFO] [net.minecraftforge.fml.VersionChecker/]: [majruszlibrary] Starting version check at https://raw.githubusercontent.com/Majrusz/MinecraftCommon/main/Library/update.json
[18May2025 00:08:23.058] [Forge Version Check/DEBUG] [net.minecraftforge.fml.VersionChecker/]: [majruszlibrary] Received version check data:
{
  "homepage": "https://modrinth.com/mod/majrusz-library/versions",
  "promos": {
    "1.16.4-latest": "1.6.1",
    "1.16.4-recommended": "1.6.1",
    "1.17.1-latest": "2.6.0",
    "1.17.1-recommended": "2.6.0",
    "1.18.1-latest": "2.7.0",
    "1.18.1-recommended": "2.7.0",
    "1.18.2-latest": "4.3.0",
    "1.18.2-recommended": "4.3.0",
    "1.19-latest": "2.12.0",
    "1.19-recommended": "2.12.0",
    "1.19.1-latest": "2.14.0",
    "1.19.1-recommended": "2.14.0",
    "1.19.2-latest": "7.0.5",
    "1.19.2-recommended": "7.0.5",
    "1.19.3-latest": "3.2.0",
    "1.19.3-recommended": "3.2.0",
    "1.19.4-latest": "7.0.4",
    "1.19.4-recommended": "7.0.4",
    "1.20-latest": "4.3.0",
    "1.20-recommended": "4.3.0",
    "1.20.1-latest": "7.0.6",
    "1.20.1-recommended": "7.0.6",
    "1.20.2-latest": "6.0.1",
    "1.20.2-recommended": "6.0.1"
  }
}
[18May2025 00:08:23.058] [Forge Version Check/INFO] [net.minecraftforge.fml.VersionChecker/]: [majruszlibrary] Found status: AHEAD Current: 7.0.8 Target: null
[18May2025 00:08:23.082] [main/DEBUG] [mixin/]: Mixing VanillaPackResourcesAccessor from creativecore.mixins.json into net.minecraft.server.packs.VanillaPackResources
[18May2025 00:08:23.084] [main/WARN] [net.minecraft.server.packs.VanillaPackResourcesBuilder/]: Assets URL 'union:/workspaces/EmcMc/servidor_minecraft/libraries/net/minecraft/server/1.20.1-20230612.114412/server-1.20.1-20230612.114412-srg.jar%23205!/assets/.mcassetsroot' uses unexpected schema
[18May2025 00:08:23.084] [main/WARN] [net.minecraft.server.packs.VanillaPackResourcesBuilder/]: Assets URL 'union:/workspaces/EmcMc/servidor_minecraft/libraries/net/minecraft/server/1.20.1-20230612.114412/server-1.20.1-20230612.114412-srg.jar%23205!/data/.mcassetsroot' uses unexpected schema
[18May2025 00:08:23.118] [main/DEBUG] [mixin/]: Mixing MixinServerPlayerGameMode from majruszlibrary-common.mixins.json into net.minecraft.server.level.ServerPlayerGameMode
[18May2025 00:08:23.123] [main/DEBUG] [mixin/]: Mixing perf.resourcepacks.ForgePathPackResourcesMixin from modernfix-forge.mixins.json into net.minecraftforge.resource.PathPackResources
[18May2025 00:08:23.123] [main/DEBUG] [mixin/]: Renaming synthetic method lambda$fastGetResources$3(Lnet/minecraft/server/packs/PackType;Lnet/minecraft/resources/ResourceLocation;)Lnet/minecraft/server/packs/resources/IoSupplier; to md2f1535$lambda$fastGetResources$3$0 in modernfix-forge.mixins.json:perf.resourcepacks.ForgePathPackResourcesMixin
[18May2025 00:08:23.123] [main/DEBUG] [mixin/]: Renaming synthetic method lambda$fastGetResources$2(Ljava/nio/file/Path;)Ljava/io/InputStream; to md2f1535$lambda$fastGetResources$2$1 in modernfix-forge.mixins.json:perf.resourcepacks.ForgePathPackResourcesMixin
[18May2025 00:08:23.123] [main/DEBUG] [mixin/]: Renaming synthetic method lambda$fastGetResources$1(Lnet/minecraft/resources/ResourceLocation;)Z to md2f1535$lambda$fastGetResources$1$2 in modernfix-forge.mixins.json:perf.resourcepacks.ForgePathPackResourcesMixin
[18May2025 00:08:23.124] [main/DEBUG] [mixin/]: Renaming synthetic method lambda$generateResourceCache$0(Lnet/minecraft/server/packs/PackType;Ljava/lang/String;)Ljava/nio/file/Path; to md2f1535$lambda$generateResourceCache$0$3 in modernfix-forge.mixins.json:perf.resourcepacks.ForgePathPackResourcesMixin
[18May2025 00:08:23.140] [main/DEBUG] [mixin/]: Mixing PathPackResourcesAccessor from creativecore.mixins.json into net.minecraft.server.packs.PathPackResources
[18May2025 00:08:23.147] [main/DEBUG] [net.minecraftforge.server.ServerLifecycleHooks/CORE]: Generating PackInfo named mod:dynamiclightsreforged for mod file /workspaces/EmcMc/servidor_minecraft/mods/dynamiclightsreforged-1.20.1_v1.6.0.jar
[18May2025 00:08:23.147] [main/DEBUG] [net.minecraftforge.server.ServerLifecycleHooks/CORE]: Generating PackInfo named mod:radium for mod file /workspaces/EmcMc/servidor_minecraft/mods/radium-mc1.20.1-0.12.3+git.50c5c33.jar
[18May2025 00:08:23.147] [main/DEBUG] [net.minecraftforge.server.ServerLifecycleHooks/CORE]: Generating PackInfo named mod:kuma_api for mod file 
[18May2025 00:08:23.147] [main/DEBUG] [net.minecraftforge.server.ServerLifecycleHooks/CORE]: Generating PackInfo named mod:blue_skies for mod file /workspaces/EmcMc/servidor_minecraft/mods/blue_skies-1.20.1-1.3.31.jar
[18May2025 00:08:23.148] [main/DEBUG] [net.minecraftforge.server.ServerLifecycleHooks/CORE]: Generating PackInfo named mod:netherportalfix for mod file /workspaces/EmcMc/servidor_minecraft/mods/netherportalfix-forge-1.20-13.0.1.jar
[18May2025 00:08:23.148] [main/DEBUG] [net.minecraftforge.server.ServerLifecycleHooks/CORE]: Generating PackInfo named mod:additionalentityattributes for mod file 
[18May2025 00:08:23.148] [main/DEBUG] [net.minecraftforge.server.ServerLifecycleHooks/CORE]: Generating PackInfo named mod:playeranimator for mod file /workspaces/EmcMc/servidor_minecraft/mods/player-animation-lib-forge-1.0.2-rc1+1.20.jar
[18May2025 00:08:23.148] [main/DEBUG] [net.minecraftforge.server.ServerLifecycleHooks/CORE]: Generating PackInfo named mod:rpghud for mod file /workspaces/EmcMc/servidor_minecraft/mods/[1.20.1][Forge] RPG-HUD-3.10.jar
[18May2025 00:08:23.148] [main/DEBUG] [net.minecraftforge.server.ServerLifecycleHooks/CORE]: Generating PackInfo named mod:majruszsdifficulty for mod file /workspaces/EmcMc/servidor_minecraft/mods/majruszs-difficulty-forge-1.20.1-1.9.10.jar
[18May2025 00:08:23.149] [main/DEBUG] [net.minecraftforge.server.ServerLifecycleHooks/CORE]: Generating PackInfo named mod:connectivity for mod file /workspaces/EmcMc/servidor_minecraft/mods/connectivity-1.20.1-5.6.jar
[18May2025 00:08:23.149] [main/DEBUG] [net.minecraftforge.server.ServerLifecycleHooks/CORE]: Generating PackInfo named mod:caelus for mod file /workspaces/EmcMc/servidor_minecraft/mods/caelus-forge-3.2.0+1.20.1.jar
[18May2025 00:08:23.149] [main/DEBUG] [net.minecraftforge.server.ServerLifecycleHooks/CORE]: Generating PackInfo named mod:apoli for mod file 
[18May2025 00:08:23.149] [main/DEBUG] [net.minecraftforge.server.ServerLifecycleHooks/CORE]: Generating PackInfo named mod:controlling for mod file /workspaces/EmcMc/servidor_minecraft/mods/Controlling-forge-1.20.1-12.0.2.jar
[18May2025 00:08:23.149] [main/DEBUG] [net.minecraftforge.server.ServerLifecycleHooks/CORE]: Generating PackInfo named mod:modernfix for mod file /workspaces/EmcMc/servidor_minecraft/mods/modernfix-forge-5.19.1+mc1.20.1.jar
[18May2025 00:08:23.150] [main/DEBUG] [net.minecraftforge.server.ServerLifecycleHooks/CORE]: Generating PackInfo named mod:jei for mod file /workspaces/EmcMc/servidor_minecraft/mods/jei-1.20.1-forge-15.20.0.106.jar
[18May2025 00:08:23.150] [main/DEBUG] [net.minecraftforge.server.ServerLifecycleHooks/CORE]: Generating PackInfo named mod:mixinextras for mod file 
[18May2025 00:08:23.150] [main/DEBUG] [net.minecraftforge.server.ServerLifecycleHooks/CORE]: Generating PackInfo named mod:clickadv for mod file /workspaces/EmcMc/servidor_minecraft/mods/clickadv-1.20.1-3.8.jar
[18May2025 00:08:23.150] [main/DEBUG] [net.minecraftforge.server.ServerLifecycleHooks/CORE]: Generating PackInfo named mod:farsight_view for mod file /workspaces/EmcMc/servidor_minecraft/mods/farsight-1.20.1-3.7.jar
[18May2025 00:08:23.150] [main/DEBUG] [net.minecraftforge.server.ServerLifecycleHooks/CORE]: Generating PackInfo named mod:balm for mod file /workspaces/EmcMc/servidor_minecraft/mods/balm-forge-1.20.1-7.3.9-all.jar
[18May2025 00:08:23.150] [main/DEBUG] [net.minecraftforge.server.ServerLifecycleHooks/CORE]: Generating PackInfo named mod:fusion for mod file /workspaces/EmcMc/servidor_minecraft/mods/fusion-1.1.1-forge-mc1.20.1.jar
[18May2025 00:08:23.151] [main/DEBUG] [net.minecraftforge.server.ServerLifecycleHooks/CORE]: Generating PackInfo named mod:fpsreducer for mod file /workspaces/EmcMc/servidor_minecraft/mods/FpsReducer2-forge-1.20-2.5.jar
[18May2025 00:08:23.151] [main/DEBUG] [net.minecraftforge.server.ServerLifecycleHooks/CORE]: Generating PackInfo named mod:cloth_config for mod file /workspaces/EmcMc/servidor_minecraft/mods/cloth-config-11.1.118-forge.jar
[18May2025 00:08:23.151] [main/DEBUG] [net.minecraftforge.server.ServerLifecycleHooks/CORE]: Generating PackInfo named mod:twilightforest for mod file /workspaces/EmcMc/servidor_minecraft/mods/twilightforest-1.20.1-4.3.2508-universal.jar
[18May2025 00:08:23.151] [main/DEBUG] [net.minecraftforge.server.ServerLifecycleHooks/CORE]: Generating PackInfo named mod:embeddium for mod file /workspaces/EmcMc/servidor_minecraft/mods/embeddium-0.3.30+mc1.20.1.jar
[18May2025 00:08:23.151] [main/DEBUG] [net.minecraftforge.server.ServerLifecycleHooks/CORE]: Generating PackInfo named mod:embeddiumplus for mod file /workspaces/EmcMc/servidor_minecraft/mods/embeddiumplus-1.20.1-v1.2.13.jar
[18May2025 00:08:23.152] [main/DEBUG] [net.minecraftforge.server.ServerLifecycleHooks/CORE]: Generating PackInfo named mod:logbegone for mod file /workspaces/EmcMc/servidor_minecraft/mods/Log-Begone-Forge-1.20.1-1.0.8.jar
[18May2025 00:08:23.152] [main/DEBUG] [net.minecraftforge.server.ServerLifecycleHooks/CORE]: Generating PackInfo named mod:structure_gel for mod file /workspaces/EmcMc/servidor_minecraft/mods/structure_gel-1.20.1-2.16.2.jar
[18May2025 00:08:23.152] [main/DEBUG] [net.minecraftforge.server.ServerLifecycleHooks/CORE]: Generating PackInfo named mod:dungeons_arise for mod file /workspaces/EmcMc/servidor_minecraft/mods/DungeonsArise-1.20.x-2.1.58-release.jar
[18May2025 00:08:23.152] [main/DEBUG] [net.minecraftforge.server.ServerLifecycleHooks/CORE]: Generating PackInfo named mod:smoothchunk for mod file /workspaces/EmcMc/servidor_minecraft/mods/smoothchunk-1.20.1-3.6.jar
[18May2025 00:08:23.152] [main/DEBUG] [net.minecraftforge.server.ServerLifecycleHooks/CORE]: Generating PackInfo named mod:okzoomer for mod file /workspaces/EmcMc/servidor_minecraft/mods/okzoomer-forge-1.20-3.0.1.jar
[18May2025 00:08:23.153] [main/DEBUG] [net.minecraftforge.server.ServerLifecycleHooks/CORE]: Generating PackInfo named mod:better_weaponry for mod file /workspaces/EmcMc/servidor_minecraft/mods/better_weaponry-1.1.3-forge-1.20.1.jar
[18May2025 00:08:23.153] [main/DEBUG] [net.minecraftforge.server.ServerLifecycleHooks/CORE]: Generating PackInfo named mod:ambientsounds for mod file /workspaces/EmcMc/servidor_minecraft/mods/AmbientSounds_FORGE_v6.1.10_mc1.20.1.jar
[18May2025 00:08:23.153] [main/DEBUG] [net.minecraftforge.server.ServerLifecycleHooks/CORE]: Generating PackInfo named mod:mousetweaks for mod file /workspaces/EmcMc/servidor_minecraft/mods/MouseTweaks-forge-mc1.20.1-2.25.1.jar
[18May2025 00:08:23.153] [main/DEBUG] [net.minecraftforge.server.ServerLifecycleHooks/CORE]: Generating PackInfo named mod:bettercombat for mod file /workspaces/EmcMc/servidor_minecraft/mods/bettercombat-forge-1.8.6+1.20.1.jar
[18May2025 00:08:23.153] [main/DEBUG] [net.minecraftforge.server.ServerLifecycleHooks/CORE]: Generating PackInfo named mod:silentlib for mod file /workspaces/EmcMc/servidor_minecraft/mods/silent-lib-1.20.1-8.0.0.jar
[18May2025 00:08:23.153] [main/DEBUG] [net.minecraftforge.server.ServerLifecycleHooks/CORE]: Generating PackInfo named mod:nochatreports for mod file /workspaces/EmcMc/servidor_minecraft/mods/NoChatReports-FORGE-1.20.1-v2.2.2.jar
[18May2025 00:08:23.154] [main/DEBUG] [net.minecraftforge.server.ServerLifecycleHooks/CORE]: Generating PackInfo named mod:shouldersurfing for mod file /workspaces/EmcMc/servidor_minecraft/mods/ShoulderSurfing-Forge-1.20.1-4.3.0.jar
[18May2025 00:08:23.154] [main/DEBUG] [net.minecraftforge.server.ServerLifecycleHooks/CORE]: Generating PackInfo named mod:culllessleaves for mod file /workspaces/EmcMc/servidor_minecraft/mods/CullLessLeaves-Reforged-1.20.1-1.0.5.jar
[18May2025 00:08:23.154] [main/DEBUG] [net.minecraftforge.server.ServerLifecycleHooks/CORE]: Generating PackInfo named mod:creativecore for mod file /workspaces/EmcMc/servidor_minecraft/mods/CreativeCore_FORGE_v2.12.32_mc1.20.1.jar
[18May2025 00:08:23.154] [main/DEBUG] [net.minecraftforge.server.ServerLifecycleHooks/CORE]: Generating PackInfo named mod:boatiview for mod file /workspaces/EmcMc/servidor_minecraft/mods/Boat-Item-View-Forge-1.20.1-0.0.5.jar
[18May2025 00:08:23.154] [main/DEBUG] [net.minecraftforge.server.ServerLifecycleHooks/CORE]: Generating PackInfo named mod:servercore for mod file /workspaces/EmcMc/servidor_minecraft/mods/servercore-forge-1.5.2+1.20.1.jar
[18May2025 00:08:23.155] [main/DEBUG] [net.minecraftforge.server.ServerLifecycleHooks/CORE]: Generating PackInfo named mod:calio for mod file 
[18May2025 00:08:23.155] [main/DEBUG] [net.minecraftforge.server.ServerLifecycleHooks/CORE]: Generating PackInfo named mod:you_died for mod file /workspaces/EmcMc/servidor_minecraft/mods/YouDied-1.20-3.0.0.17-forge.jar
[18May2025 00:08:23.155] [main/DEBUG] [net.minecraftforge.server.ServerLifecycleHooks/CORE]: Generating PackInfo named mod:origins for mod file /workspaces/EmcMc/servidor_minecraft/mods/origins-forge-1.20.1-1.10.0.9-all.jar
[18May2025 00:08:23.155] [main/DEBUG] [net.minecraftforge.server.ServerLifecycleHooks/CORE]: Generating PackInfo named mod:searchables for mod file /workspaces/EmcMc/servidor_minecraft/mods/Searchables-forge-1.20.1-1.0.3.jar
[18May2025 00:08:23.155] [main/DEBUG] [net.minecraftforge.server.ServerLifecycleHooks/CORE]: Generating PackInfo named mod:tombstone for mod file /workspaces/EmcMc/servidor_minecraft/mods/tombstone-1.20.1-8.9.4.jar
[18May2025 00:08:23.155] [main/DEBUG] [net.minecraftforge.server.ServerLifecycleHooks/CORE]: Generating PackInfo named mod:immediatelyfast for mod file /workspaces/EmcMc/servidor_minecraft/mods/ImmediatelyFast-Forge-1.2.20+1.20.4.jar
[18May2025 00:08:23.156] [main/DEBUG] [net.minecraftforge.server.ServerLifecycleHooks/CORE]: Generating PackInfo named mod:architectury for mod file /workspaces/EmcMc/servidor_minecraft/mods/architectury-9.2.14-forge.jar
[18May2025 00:08:23.156] [main/DEBUG] [net.minecraftforge.server.ServerLifecycleHooks/CORE]: Generating PackInfo named mod:skin_changer for mod file /workspaces/EmcMc/servidor_minecraft/mods/skin_changer-forge-1.20.1-0.6.6.jar
[18May2025 00:08:23.156] [main/DEBUG] [net.minecraftforge.server.ServerLifecycleHooks/CORE]: Generating PackInfo named mod:ferritecore for mod file /workspaces/EmcMc/servidor_minecraft/mods/ferritecore-6.0.1-forge.jar
[18May2025 00:08:23.156] [main/DEBUG] [net.minecraftforge.server.ServerLifecycleHooks/CORE]: Generating PackInfo named mod:embeddium_extra for mod file /workspaces/EmcMc/servidor_minecraft/mods/rubidium-extra-0.5.4.3+mc1.20.1-build.121.jar
[18May2025 00:08:23.156] [main/DEBUG] [net.minecraftforge.server.ServerLifecycleHooks/CORE]: Generating PackInfo named mod:cupboard for mod file /workspaces/EmcMc/servidor_minecraft/mods/cupboard-1.20.1-2.7.jar
[18May2025 00:08:23.156] [main/DEBUG] [net.minecraftforge.server.ServerLifecycleHooks/CORE]: Generating PackInfo named mod:rrls for mod file /workspaces/EmcMc/servidor_minecraft/mods/rrls-4.0.6.1+mc1.20.1-forge.jar
[18May2025 00:08:23.157] [main/DEBUG] [net.minecraftforge.server.ServerLifecycleHooks/CORE]: Generating PackInfo named mod:scalinghealth for mod file /workspaces/EmcMc/servidor_minecraft/mods/ScalingHealth-1.20.1-8.0.2+9.jar
[18May2025 00:08:23.157] [main/DEBUG] [net.minecraftforge.server.ServerLifecycleHooks/CORE]: Generating PackInfo named mod:forge for mod file /workspaces/EmcMc/servidor_minecraft/libraries/net/minecraftforge/forge/1.20.1-47.4.0/forge-1.20.1-47.4.0-universal.jar
[18May2025 00:08:23.157] [main/DEBUG] [net.minecraftforge.server.ServerLifecycleHooks/CORE]: Generating PackInfo named mod:yeetusexperimentus for mod file /workspaces/EmcMc/servidor_minecraft/mods/YeetusExperimentus-Forge-2.3.1-build.6+mc1.20.1.jar
[18May2025 00:08:23.157] [main/DEBUG] [net.minecraftforge.server.ServerLifecycleHooks/CORE]: Generating PackInfo named mod:majruszlibrary for mod file /workspaces/EmcMc/servidor_minecraft/mods/majrusz-library-forge-1.20.1-7.0.8.jar
[18May2025 00:08:23.262] [main/DEBUG] [ModernFix/]: Generated cache for /assets/minecraft in 71.65 ms
[18May2025 00:08:23.267] [main/DEBUG] [ModernFix/]: Generated cache for /assets/minecraft in 82.48 μs
[18May2025 00:08:23.267] [main/DEBUG] [ModernFix/]: Generated cache for /assets/minecraft in 69.29 μs
[18May2025 00:08:23.268] [main/DEBUG] [ModernFix/]: Generated cache for /assets/minecraft in 95.02 μs
[18May2025 00:08:23.268] [main/DEBUG] [ModernFix/]: Generated cache for /assets/minecraft in 43.43 μs
[18May2025 00:08:23.268] [main/DEBUG] [ModernFix/]: Generated cache for /assets/minecraft in 104.1 μs
[18May2025 00:08:23.312] [main/DEBUG] [ModernFix/]: Generated cache for /assets/minecraft in 43.44 ms
[18May2025 00:08:23.313] [main/DEBUG] [ModernFix/]: Generated cache for /assets/minecraft in 571.8 μs
[18May2025 00:08:23.314] [main/DEBUG] [ModernFix/]: Generated cache for /assets/minecraft in 61.03 μs
[18May2025 00:08:23.317] [main/DEBUG] [ModernFix/]: Generated cache for /assets/minecraft in 2.593 ms
[18May2025 00:08:23.317] [main/DEBUG] [ModernFix/]: Generated cache for /assets/minecraft in 294.9 μs
[18May2025 00:08:23.318] [main/DEBUG] [ModernFix/]: Generated cache for /assets/minecraft in 133.2 μs
[18May2025 00:08:23.318] [main/DEBUG] [ModernFix/]: Generated cache for /assets/minecraft in 72.61 μs
[18May2025 00:08:23.318] [main/DEBUG] [ModernFix/]: Generated cache for /assets/minecraft in 289.0 μs
[18May2025 00:08:23.319] [main/DEBUG] [ModernFix/]: Generated cache for /assets/minecraft in 280.8 μs
[18May2025 00:08:23.319] [main/DEBUG] [ModernFix/]: Generated cache for /assets/minecraft in 135.4 μs
[18May2025 00:08:23.320] [main/DEBUG] [ModernFix/]: Generated cache for /assets/minecraft in 341.6 μs
[18May2025 00:08:23.325] [main/DEBUG] [ModernFix/]: Generated cache for /assets/minecraft in 4.862 ms
[18May2025 00:08:23.326] [main/DEBUG] [ModernFix/]: Generated cache for /assets/minecraft in 115.1 μs
[18May2025 00:08:23.330] [main/DEBUG] [ModernFix/]: Generated cache for /assets/minecraft in 4.062 ms
[18May2025 00:08:23.332] [main/DEBUG] [ModernFix/]: Generated cache for /assets/minecraft in 1.181 ms
[18May2025 00:08:23.335] [main/DEBUG] [ModernFix/]: Generated cache for /assets/minecraft in 3.460 ms
[18May2025 00:08:23.337] [main/DEBUG] [ModernFix/]: Generated cache for /assets/minecraft in 39.59 μs
[18May2025 00:08:23.338] [main/DEBUG] [ModernFix/]: Generated cache for /assets/minecraft in 738.8 μs
[18May2025 00:08:23.348] [main/DEBUG] [ModernFix/]: Generated cache for /assets/minecraft in 9.925 ms
[18May2025 00:08:23.352] [main/DEBUG] [ModernFix/]: Generated cache for /assets/minecraft in 2.503 ms
[18May2025 00:08:23.353] [main/DEBUG] [ModernFix/]: Generated cache for /assets/minecraft in 87.06 μs
[18May2025 00:08:23.355] [main/DEBUG] [ModernFix/]: Generated cache for /assets/minecraft in 1.521 ms
[18May2025 00:08:23.355] [main/DEBUG] [ModernFix/]: Generated cache for /assets/minecraft in 181.0 μs
[18May2025 00:08:23.355] [main/DEBUG] [ModernFix/]: Generated cache for /assets/minecraft in 59.51 μs
[18May2025 00:08:23.358] [main/DEBUG] [ModernFix/]: Generated cache for /assets/minecraft in 2.811 ms
[18May2025 00:08:23.359] [main/DEBUG] [ModernFix/]: Generated cache for /assets/minecraft in 72.02 μs
[18May2025 00:08:23.359] [main/DEBUG] [ModernFix/]: Generated cache for /assets/minecraft in 128.7 μs
[18May2025 00:08:23.360] [main/DEBUG] [ModernFix/]: Generated cache for /assets/minecraft in 63.00 μs
[18May2025 00:08:23.360] [main/DEBUG] [ModernFix/]: Generated cache for /assets/minecraft in 66.74 μs
[18May2025 00:08:23.360] [main/DEBUG] [ModernFix/]: Generated cache for /assets/minecraft in 234.9 μs
[18May2025 00:08:23.362] [main/DEBUG] [ModernFix/]: Generated cache for /assets/minecraft in 1.371 ms
[18May2025 00:08:23.363] [main/DEBUG] [ModernFix/]: Generated cache for /assets/minecraft in 250.0 μs
[18May2025 00:08:23.363] [main/DEBUG] [ModernFix/]: Generated cache for /assets/minecraft in 132.1 μs
[18May2025 00:08:23.363] [main/DEBUG] [ModernFix/]: Generated cache for /assets/minecraft in 61.13 μs
[18May2025 00:08:23.364] [main/DEBUG] [ModernFix/]: Generated cache for /assets/minecraft in 42.08 μs
[18May2025 00:08:23.364] [main/DEBUG] [ModernFix/]: Generated cache for /assets/minecraft in 42.53 μs
[18May2025 00:08:23.364] [main/DEBUG] [ModernFix/]: Generated cache for /assets/minecraft in 72.72 μs
[18May2025 00:08:23.364] [main/DEBUG] [ModernFix/]: Generated cache for /assets/minecraft in 37.03 μs
[18May2025 00:08:23.365] [main/DEBUG] [ModernFix/]: Generated cache for /assets/minecraft in 55.97 μs
[18May2025 00:08:24.365] [main/DEBUG] [mixin/]: Mixing MixinLootDataManager from architectury.mixins.json into net.minecraft.world.level.storage.loot.LootDataManager
[18May2025 00:08:24.371] [main/DEBUG] [mixin/]: Mixing IMixinLootPool from majruszsdifficulty-common.mixins.json into net.minecraft.world.level.storage.loot.LootPool
[18May2025 00:08:24.375] [main/DEBUG] [mixin/]: Mixing CommandExceptionLoggingMixin from cupboard.mixins.json into net.minecraft.commands.Commands
[18May2025 00:08:24.375] [main/DEBUG] [mixin/]: Mixing MixinCommands from majruszlibrary-common.mixins.json into net.minecraft.commands.Commands
[18May2025 00:08:24.470] [main/DEBUG] [mixin/]: Mixing TemplateMixins$PlaceCommandMixin from structure_gel.mixins.json into net.minecraft.server.commands.PlaceCommand
[18May2025 00:08:24.493] [main/DEBUG] [net.minecraftforge.coremod.transformer.CoreModBaseTransformer/COREMOD]: Transforming net/minecraft/server/commands/SummonCommand
[18May2025 00:08:24.684] [main/DEBUG] [mixin/]: Mixing RecipeManagerMixin from blue_skies.mixins.json into net.minecraft.world.item.crafting.RecipeManager
[18May2025 00:08:24.685] [main/DEBUG] [mixin/]: Renaming synthetic method lambda$getRecipeFor$1(Lnet/minecraft/world/item/crafting/Recipe;)Z to md2f1535$lambda$getRecipeFor$1$0 in blue_skies.mixins.json:RecipeManagerMixin
[18May2025 00:08:24.685] [main/DEBUG] [mixin/]: Renaming synthetic method lambda$getRecipeFor$0(Lnet/minecraft/world/Container;Lnet/minecraft/world/level/Level;Lnet/minecraft/world/item/crafting/Recipe;)Z to md2f1535$lambda$getRecipeFor$0$1 in blue_skies.mixins.json:RecipeManagerMixin
[18May2025 00:08:24.685] [main/DEBUG] [mixin/]: Mixing RecipeManagerMixin from apoli.mixins.json into net.minecraft.world.item.crafting.RecipeManager
[18May2025 00:08:24.686] [main/DEBUG] [mixin/]: Renaming synthetic method lambda$prioritizeModifiedRecipes$4(Ljava/util/Map$Entry;)Lcom/mojang/datafixers/util/Pair; to md2f1535$lambda$prioritizeModifiedRecipes$4$2 in apoli.mixins.json:RecipeManagerMixin
[18May2025 00:08:24.686] [main/DEBUG] [mixin/]: Renaming synthetic method lambda$prioritizeModifiedRecipes$3(Ljava/util/Map$Entry;)Z to md2f1535$lambda$prioritizeModifiedRecipes$3$3 in apoli.mixins.json:RecipeManagerMixin
[18May2025 00:08:24.686] [main/DEBUG] [mixin/]: Renaming synthetic method lambda$prioritizeModifiedRecipes$2(Lnet/minecraft/world/Container;Lnet/minecraft/world/level/Level;Ljava/util/Map$Entry;)Z to md2f1535$lambda$prioritizeModifiedRecipes$2$4 in apoli.mixins.json:RecipeManagerMixin
[18May2025 00:08:24.686] [main/DEBUG] [mixin/]: Renaming synthetic method lambda$prioritizeModifiedRecipes$1(Lnet/minecraft/world/item/crafting/Recipe;)Z to md2f1535$lambda$prioritizeModifiedRecipes$1$5 in apoli.mixins.json:RecipeManagerMixin
[18May2025 00:08:24.686] [main/DEBUG] [mixin/]: Renaming synthetic method lambda$prioritizeModifiedRecipes$0(Lnet/minecraft/world/Container;Lnet/minecraft/world/level/Level;Lnet/minecraft/world/item/crafting/Recipe;)Z to md2f1535$lambda$prioritizeModifiedRecipes$0$6 in apoli.mixins.json:RecipeManagerMixin
[18May2025 00:08:24.686] [main/DEBUG] [mixin/]: Mixing perf.datapack_reload_exceptions.RecipeManagerMixin from modernfix-forge.mixins.json into net.minecraft.world.item.crafting.RecipeManager
[18May2025 00:08:24.707] [main/INFO] [Calio/]: CDRM Initialized with 16 registries
[18May2025 00:08:24.710] [main/DEBUG] [mixin/]: Mixing feature.measure_time.SimpleReloadInstanceMixin from modernfix-common.mixins.json into net.minecraft.server.packs.resources.SimpleReloadInstance
[18May2025 00:08:24.730] [Worker-Main-2/DEBUG] [mixin/]: Mixing perf.tag_id_caching.TagEntryMixin from modernfix-forge.mixins.json into net.minecraft.tags.TagEntry
[18May2025 00:08:25.370] [Worker-Main-2/DEBUG] [mixin/]: Mixing common.RandomChanceWithLootingLootConditionMixin from additionalentityattributes.mixins.json into net.minecraft.world.level.storage.loot.predicates.LootItemRandomChanceWithLootingCondition
[18May2025 00:08:25.371] [Worker-Main-2/DEBUG] [mixin/]: Mixing MixinLootItemRandomChanceWithLootingCondition from majruszlibrary-common.mixins.json into net.minecraft.world.level.storage.loot.predicates.LootItemRandomChanceWithLootingCondition
[18May2025 00:08:25.381] [Worker-Main-2/DEBUG] [mixin/]: Mixing common.RandomChanceLootConditionMixin from additionalentityattributes.mixins.json into net.minecraft.world.level.storage.loot.predicates.LootItemRandomChanceCondition
[18May2025 00:08:25.563] [Worker-Main-2/DEBUG] [tombstone/]: Updating LootTables
[18May2025 00:08:25.663] [main/INFO] [net.minecraft.world.item.crafting.RecipeManager/]: Skipping loading recipe twilightforest:jeed/poison as it's serializer returned null
[18May2025 00:08:25.692] [main/INFO] [net.minecraft.world.item.crafting.RecipeManager/]: Skipping loading recipe twilightforest:jeed/frosted as it's serializer returned null
[18May2025 00:08:25.698] [main/INFO] [net.minecraft.world.item.crafting.RecipeManager/]: Skipping loading recipe twilightforest:jeed/blindness as it's serializer returned null
[18May2025 00:08:25.699] [main/INFO] [net.minecraft.world.item.crafting.RecipeManager/]: Skipping loading recipe twilightforest:jeed/hunger as it's serializer returned null
[18May2025 00:08:25.701] [main/INFO] [net.minecraft.world.item.crafting.RecipeManager/]: Skipping loading recipe twilightforest:jeed/regeneration as it's serializer returned null
[18May2025 00:08:25.703] [main/INFO] [net.minecraft.world.item.crafting.RecipeManager/]: Skipping loading recipe twilightforest:jeed/slowness as it's serializer returned null
[18May2025 00:08:25.708] [main/INFO] [net.minecraft.world.item.crafting.RecipeManager/]: Skipping loading recipe twilightforest:jeed/fire_resistance as it's serializer returned null
[18May2025 00:08:25.709] [main/INFO] [net.minecraft.world.item.crafting.RecipeManager/]: Skipping loading recipe twilightforest:jeed/resistance as it's serializer returned null
[18May2025 00:08:25.710] [main/INFO] [net.minecraft.world.item.crafting.RecipeManager/]: Loaded 10 recipes
[18May2025 00:08:25.859] [main/INFO] [net.minecraft.advancements.AdvancementList/]: Loaded 2567 advancements
[18May2025 00:08:25.864] [main/INFO] [ModdingLegacy/blue_skies/SkiesDataManager/]: Loaded 8 tool_handle_types
[18May2025 00:08:25.865] [main/INFO] [ModdingLegacy/blue_skies/SkiesDataManager/]: Loaded 37 snowcap_oven_freezing_recipes
[18May2025 00:08:25.865] [main/INFO] [ModdingLegacy/blue_skies/SkiesDataManager/]: Loaded 7 horizonite_forge_fuels
[18May2025 00:08:25.865] [main/INFO] [ModdingLegacy/blue_skies/SkiesDataManager/]: Loaded 12 snowcap_mushroom_freezing
[18May2025 00:08:25.878] [main/INFO] [ModdingLegacy/blue_skies/SkiesDataManager/]: Loaded 70 alchemy_recipes
[18May2025 00:08:25.880] [main/INFO] [ModdingLegacy/blue_skies/SkiesDataManager/]: Loaded 81 journal/entries
[18May2025 00:08:25.880] [main/INFO] [ModdingLegacy/blue_skies/SkiesDataManager/]: Loaded 3 journal/sections
[18May2025 00:08:25.881] [main/INFO] [ModdingLegacy/blue_skies/SkiesDataManager/]: Loaded 7 journal/requirements
[18May2025 00:08:25.882] [main/INFO] [twilightforest/]: Loaded 9 Stalactite configs!
[18May2025 00:08:25.973] [main/DEBUG] [SHMechanicsListener/]: Finished Parsing SH Config!
[18May2025 00:08:26.038] [main/DEBUG] [net.minecraftforge.common.ForgeHooks/WP]: Gathering id map for writing to world save world
[18May2025 00:08:26.058] [main/DEBUG] [net.minecraftforge.common.ForgeHooks/WP]: ID Map collection complete world
[18May2025 00:08:26.116] [main/INFO] [majruszlibrary/]: [majruszsdifficulty.json] Reloading configuration file took 11 milliseconds
[18May2025 00:08:26.118] [main/INFO] [majruszlibrary/]: [majruszlibrary.json] Reloading configuration file took 1 milliseconds
[18May2025 00:08:26.118] [Server thread/INFO] [net.minecraft.server.dedicated.DedicatedServer/]: Starting minecraft server version 1.20.1
[18May2025 00:08:26.119] [Server thread/INFO] [net.minecraft.server.dedicated.DedicatedServer/]: Loading properties
[18May2025 00:08:26.119] [Server thread/INFO] [net.minecraft.server.dedicated.DedicatedServer/]: Default game type: SURVIVAL
[18May2025 00:08:26.119] [Server thread/INFO] [net.minecraft.server.MinecraftServer/]: Generating keypair
[18May2025 00:08:26.200] [Server thread/INFO] [net.minecraft.server.dedicated.DedicatedServer/]: Starting Minecraft server on *:25565
[18May2025 00:08:26.201] [Server thread/DEBUG] [net.minecraftforge.network.DualStackUtils/]: Detected IPv6 address: "0:0:0:0:0:0:0:0"
[18May2025 00:08:26.207] [Server thread/DEBUG] [io.netty.util.internal.NativeLibraryLoader/]: -Dio.netty.native.workdir: /tmp (io.netty.tmpdir)
[18May2025 00:08:26.207] [Server thread/DEBUG] [io.netty.util.internal.NativeLibraryLoader/]: -Dio.netty.native.deleteLibAfterLoading: true
[18May2025 00:08:26.207] [Server thread/DEBUG] [io.netty.util.internal.NativeLibraryLoader/]: -Dio.netty.native.tryPatchShadedId: true
[18May2025 00:08:26.207] [Server thread/DEBUG] [io.netty.util.internal.NativeLibraryLoader/]: -Dio.netty.native.detectNativeLibraryDuplicates: true
[18May2025 00:08:26.215] [Server thread/DEBUG] [io.netty.util.internal.NativeLibraryLoader/]: Successfully loaded the library /tmp/libnetty_transport_native_epoll_x86_643268330976801821299.so
[18May2025 00:08:26.217] [Server thread/DEBUG] [io.netty.util.NetUtil/]: -Djava.net.preferIPv4Stack: false
[18May2025 00:08:26.217] [Server thread/DEBUG] [io.netty.util.NetUtil/]: -Djava.net.preferIPv6Addresses: true
[18May2025 00:08:26.219] [Server thread/DEBUG] [io.netty.util.NetUtilInitializations/]: Loopback interface: lo (lo, 0:0:0:0:0:0:0:1%lo)
[18May2025 00:08:26.219] [Server thread/DEBUG] [io.netty.util.NetUtil/]: /proc/sys/net/core/somaxconn: 4096
[18May2025 00:08:26.224] [Server thread/INFO] [net.minecraft.server.network.ServerConnectionListener/]: Using epoll channel type
[18May2025 00:08:26.233] [Server thread/DEBUG] [mixin/]: Mixing NetworkSystemMixin from connectivity.mixins.json into net.minecraft.server.network.ServerConnectionListener$1
[18May2025 00:08:26.239] [Server thread/DEBUG] [mixin/]: Mixing AdvancedPacketErrorLogging from connectivity.mixins.json into net.minecraft.network.Connection
[18May2025 00:08:26.240] [Server thread/DEBUG] [mixin/]: Mixing ConnectionErrorMixin from connectivity.mixins.json into net.minecraft.network.Connection
[18May2025 00:08:26.240] [Server thread/DEBUG] [mixin/]: Mixing NetworkManagerMixin from connectivity.mixins.json into net.minecraft.network.Connection
[18May2025 00:08:26.240] [Server thread/DEBUG] [mixin/]: Renaming synthetic method lambda$on$0()Ljava/lang/Boolean; to md2f1535$lambda$on$0$0 in connectivity.mixins.json:NetworkManagerMixin
[18May2025 00:08:26.247] [Server thread/DEBUG] [io.netty.channel.MultithreadEventLoopGroup/]: -Dio.netty.eventLoopThreads: 8
[18May2025 00:08:26.264] [Server thread/DEBUG] [io.netty.util.internal.PlatformDependent/]: org.jctools-core.MpscChunkedArrayQueue: available
[18May2025 00:08:26.271] [Server thread/DEBUG] [io.netty.channel.DefaultChannelId/]: -Dio.netty.processId: 5657 (auto-detected)
[18May2025 00:08:26.272] [Server thread/DEBUG] [io.netty.channel.DefaultChannelId/]: -Dio.netty.machineId: 7c:1e:52:ff:fe:ad:a1:b6 (auto-detected)
[18May2025 00:08:26.285] [Server thread/DEBUG] [io.netty.buffer.PooledByteBufAllocator/]: -Dio.netty.allocator.numHeapArenas: 8
[18May2025 00:08:26.285] [Server thread/DEBUG] [io.netty.buffer.PooledByteBufAllocator/]: -Dio.netty.allocator.numDirectArenas: 8
[18May2025 00:08:26.285] [Server thread/DEBUG] [io.netty.buffer.PooledByteBufAllocator/]: -Dio.netty.allocator.pageSize: 8192
[18May2025 00:08:26.285] [Server thread/DEBUG] [io.netty.buffer.PooledByteBufAllocator/]: -Dio.netty.allocator.maxOrder: 9
[18May2025 00:08:26.285] [Server thread/DEBUG] [io.netty.buffer.PooledByteBufAllocator/]: -Dio.netty.allocator.chunkSize: 4194304
[18May2025 00:08:26.285] [Server thread/DEBUG] [io.netty.buffer.PooledByteBufAllocator/]: -Dio.netty.allocator.smallCacheSize: 256
[18May2025 00:08:26.285] [Server thread/DEBUG] [io.netty.buffer.PooledByteBufAllocator/]: -Dio.netty.allocator.normalCacheSize: 64
[18May2025 00:08:26.285] [Server thread/DEBUG] [io.netty.buffer.PooledByteBufAllocator/]: -Dio.netty.allocator.maxCachedBufferCapacity: 32768
[18May2025 00:08:26.285] [Server thread/DEBUG] [io.netty.buffer.PooledByteBufAllocator/]: -Dio.netty.allocator.cacheTrimInterval: 8192
[18May2025 00:08:26.285] [Server thread/DEBUG] [io.netty.buffer.PooledByteBufAllocator/]: -Dio.netty.allocator.cacheTrimIntervalMillis: 0
[18May2025 00:08:26.286] [Server thread/DEBUG] [io.netty.buffer.PooledByteBufAllocator/]: -Dio.netty.allocator.useCacheForAllThreads: false
[18May2025 00:08:26.286] [Server thread/DEBUG] [io.netty.buffer.PooledByteBufAllocator/]: -Dio.netty.allocator.maxCachedByteBuffersPerChunk: 1023
[18May2025 00:08:26.292] [Server thread/DEBUG] [io.netty.buffer.ByteBufUtil/]: -Dio.netty.allocator.type: pooled
[18May2025 00:08:26.292] [Server thread/DEBUG] [io.netty.buffer.ByteBufUtil/]: -Dio.netty.threadLocalDirectBufferSize: 0
[18May2025 00:08:26.292] [Server thread/DEBUG] [io.netty.buffer.ByteBufUtil/]: -Dio.netty.maxThreadLocalCharBufferSize: 16384
[18May2025 00:08:26.299] [Server thread/WARN] [net.minecraft.server.dedicated.DedicatedServer/]: **** SERVER IS RUNNING IN OFFLINE/INSECURE MODE!
[18May2025 00:08:26.300] [Server thread/WARN] [net.minecraft.server.dedicated.DedicatedServer/]: The server will make no attempt to authenticate usernames. Beware.
[18May2025 00:08:26.300] [Server thread/WARN] [net.minecraft.server.dedicated.DedicatedServer/]: While this makes the game possible to play without internet access, it also opens up the ability for hackers to connect with any username they choose.
[18May2025 00:08:26.300] [Server thread/WARN] [net.minecraft.server.dedicated.DedicatedServer/]: To change this, set "online-mode" to "true" in the server.properties file.
[18May2025 00:08:26.311] [Server thread/DEBUG] [net.minecraftforge.fml.config.ConfigTracker/CONFIG]: Loading configs type SERVER
[18May2025 00:08:26.311] [Server thread/DEBUG] [net.minecraftforge.fml.config.ConfigFileTypeHandler/CONFIG]: Built TOML config for ./world/serverconfig/apoli-server.toml
[18May2025 00:08:26.312] [Server thread/DEBUG] [net.minecraftforge.fml.config.ConfigFileTypeHandler/CONFIG]: Loaded TOML config file ./world/serverconfig/apoli-server.toml
[18May2025 00:08:26.312] [Server thread/DEBUG] [net.minecraftforge.fml.config.ConfigFileTypeHandler/CONFIG]: Watching TOML config file ./world/serverconfig/apoli-server.toml for changes
[18May2025 00:08:26.313] [Server thread/DEBUG] [net.minecraftforge.fml.config.ConfigFileTypeHandler/CONFIG]: Built TOML config for ./world/serverconfig/jei-server.toml
[18May2025 00:08:26.313] [Server thread/DEBUG] [net.minecraftforge.fml.config.ConfigFileTypeHandler/CONFIG]: Loaded TOML config file ./world/serverconfig/jei-server.toml
[18May2025 00:08:26.313] [Server thread/DEBUG] [net.minecraftforge.fml.config.ConfigFileTypeHandler/CONFIG]: Watching TOML config file ./world/serverconfig/jei-server.toml for changes
[18May2025 00:08:26.313] [Server thread/DEBUG] [net.minecraftforge.fml.config.ConfigFileTypeHandler/CONFIG]: Built TOML config for ./world/serverconfig/okzoomer-sever.toml
[18May2025 00:08:26.314] [Server thread/DEBUG] [net.minecraftforge.fml.config.ConfigFileTypeHandler/CONFIG]: Loaded TOML config file ./world/serverconfig/okzoomer-sever.toml
[18May2025 00:08:26.314] [Server thread/DEBUG] [net.minecraftforge.fml.config.ConfigFileTypeHandler/CONFIG]: Watching TOML config file ./world/serverconfig/okzoomer-sever.toml for changes
[18May2025 00:08:26.314] [Server thread/DEBUG] [net.minecraftforge.fml.config.ConfigFileTypeHandler/CONFIG]: Built TOML config for /workspaces/EmcMc/servidor_minecraft/config/tombstone-server.toml
[18May2025 00:08:26.315] [Server thread/DEBUG] [net.minecraftforge.fml.config.ConfigFileTypeHandler/CONFIG]: Loaded TOML config file /workspaces/EmcMc/servidor_minecraft/config/tombstone-server.toml
[18May2025 00:08:26.315] [Server thread/DEBUG] [net.minecraftforge.fml.config.ConfigFileTypeHandler/CONFIG]: Watching TOML config file /workspaces/EmcMc/servidor_minecraft/config/tombstone-server.toml for changes
[18May2025 00:08:26.316] [Server thread/DEBUG] [net.minecraftforge.fml.config.ConfigFileTypeHandler/CONFIG]: Built TOML config for ./world/serverconfig/scalinghealth-server.toml
[18May2025 00:08:26.317] [Server thread/DEBUG] [net.minecraftforge.fml.config.ConfigFileTypeHandler/CONFIG]: Loaded TOML config file ./world/serverconfig/scalinghealth-server.toml
[18May2025 00:08:26.317] [Server thread/DEBUG] [net.minecraftforge.fml.config.ConfigFileTypeHandler/CONFIG]: Watching TOML config file ./world/serverconfig/scalinghealth-server.toml for changes
[18May2025 00:08:26.317] [Server thread/DEBUG] [net.minecraftforge.fml.config.ConfigFileTypeHandler/CONFIG]: Built TOML config for ./world/serverconfig/forge-server.toml
[18May2025 00:08:26.318] [Server thread/DEBUG] [net.minecraftforge.fml.config.ConfigFileTypeHandler/CONFIG]: Loaded TOML config file ./world/serverconfig/forge-server.toml
[18May2025 00:08:26.318] [Server thread/DEBUG] [net.minecraftforge.fml.config.ConfigFileTypeHandler/CONFIG]: Watching TOML config file ./world/serverconfig/forge-server.toml for changes
[18May2025 00:08:26.318] [Server thread/DEBUG] [net.minecraftforge.common.ForgeConfig/FORGEMOD]: Loaded forge config file forge-server.toml
[18May2025 00:08:26.354] [Server thread/INFO] [net.minecraft.server.dedicated.DedicatedServer/]: Preparing level "world"
[18May2025 00:08:26.356] [Server thread/DEBUG] [mixin/]: Mixing feature.branding.BrandingControlMixin from modernfix-forge.mixins.json into net.minecraftforge.internal.BrandingControl
[18May2025 00:08:26.363] [Server thread/DEBUG] [net.minecraftforge.coremod.transformer.CoreModBaseTransformer/COREMOD]: Transforming net/minecraft/world/level/levelgen/PhantomSpawner
[18May2025 00:08:26.373] [Server thread/DEBUG] [mixin/]: Mixing PhantomSpawnerMixin from apoli.mixins.json into net.minecraft.world.level.levelgen.PhantomSpawner
[18May2025 00:08:26.373] [Server thread/DEBUG] [mixin/]: Mixing MixinPhantomSpawner from majruszlibrary-common.mixins.json into net.minecraft.world.level.levelgen.PhantomSpawner
[18May2025 00:08:26.380] [Server thread/DEBUG] [net.minecraftforge.coremod.transformer.CoreModBaseTransformer/COREMOD]: Transforming net/minecraft/world/level/levelgen/PatrolSpawner
[18May2025 00:08:26.388] [Server thread/DEBUG] [net.minecraftforge.coremod.transformer.CoreModBaseTransformer/COREMOD]: Transforming net/minecraft/world/entity/npc/CatSpawner
[18May2025 00:08:26.394] [Server thread/DEBUG] [net.minecraftforge.coremod.transformer.CoreModBaseTransformer/COREMOD]: Transforming net/minecraft/world/entity/ai/village/VillageSiege
[18May2025 00:08:26.407] [Server thread/DEBUG] [mixin/]: Mixing ChunkLoadDebug from cupboard.mixins.json into net.minecraft.server.level.ServerChunkCache
[18May2025 00:08:26.408] [Server thread/DEBUG] [mixin/]: Mixing optimizations.ticking.chunk.broadcast.ServerChunkCacheMixin from servercore.common.mixins.json into net.minecraft.server.level.ServerChunkCache
[18May2025 00:08:26.408] [Server thread/DEBUG] [mixin/]: servercore.common.mixins.json:optimizations.ticking.chunk.broadcast.ServerChunkCacheMixin: Class version 61 required is higher than the class version supported by the current version of Mixin (JAVA_16 supports class version 60)
[18May2025 00:08:26.410] [Server thread/DEBUG] [mixin/]: Mixing optimizations.ticking.chunk.cache.ServerChunkCacheMixin from servercore.common.mixins.json into net.minecraft.server.level.ServerChunkCache
[18May2025 00:08:26.410] [Server thread/DEBUG] [mixin/]: servercore.common.mixins.json:optimizations.ticking.chunk.cache.ServerChunkCacheMixin: Class version 61 required is higher than the class version supported by the current version of Mixin (JAVA_16 supports class version 60)
[18May2025 00:08:26.410] [Server thread/DEBUG] [mixin/]: Mixing alloc.chunk_ticking.ServerChunkManagerMixin from lithium.mixins.json into net.minecraft.server.level.ServerChunkCache
[18May2025 00:08:26.410] [Server thread/DEBUG] [mixin/]: lithium.mixins.json:alloc.chunk_ticking.ServerChunkManagerMixin: Class version 61 required is higher than the class version supported by the current version of Mixin (JAVA_16 supports class version 60)
[18May2025 00:08:26.410] [Server thread/DEBUG] [mixin/]: Mixing world.chunk_access.ServerChunkManagerMixin from lithium.mixins.json into net.minecraft.server.level.ServerChunkCache
[18May2025 00:08:26.411] [Server thread/DEBUG] [mixin/]: lithium.mixins.json:world.chunk_access.ServerChunkManagerMixin: Class version 61 required is higher than the class version supported by the current version of Mixin (JAVA_16 supports class version 60)
[18May2025 00:08:26.411] [Server thread/DEBUG] [mixin/]: Renaming synthetic method lambda$getChunkOffThread$0(IILnet/minecraft/world/level/chunk/ChunkStatus;Z)Lnet/minecraft/world/level/chunk/ChunkAccess; to md2f1535$lambda$getChunkOffThread$0$0 in lithium.mixins.json:world.chunk_access.ServerChunkManagerMixin
[18May2025 00:08:26.414] [Server thread/DEBUG] [mixin/]: Mixing ServerChunkCacheMixin from smoothchunk.mixins.json into net.minecraft.server.level.ServerChunkCache
[18May2025 00:08:26.414] [Server thread/DEBUG] [mixin/]: Mixing optimizations.ticking.chunk.random.ServerChunkCacheMixin from servercore.common.mixins.json into net.minecraft.server.level.ServerChunkCache
[18May2025 00:08:26.414] [Server thread/DEBUG] [mixin/]: servercore.common.mixins.json:optimizations.ticking.chunk.random.ServerChunkCacheMixin: Class version 61 required is higher than the class version supported by the current version of Mixin (JAVA_16 supports class version 60)
[18May2025 00:08:26.415] [Server thread/DEBUG] [mixin/]: Mixing bugfix.chunk_deadlock.ServerChunkCache_CurrentLoadingMixin from modernfix-forge.mixins.json into net.minecraft.server.level.ServerChunkCache
[18May2025 00:08:26.427] [Server thread/WARN] [mixin/]: @Redirect conflict. Skipping servercore.common.mixins.json:optimizations.ticking.chunk.cache.ServerChunkCacheMixin->@Redirect::servercore$noList(I)Ljava/util/ArrayList; with priority 900, already redirected by lithium.mixins.json:alloc.chunk_ticking.ServerChunkManagerMixin->@Redirect::redirectChunksListClone(I)Ljava/util/ArrayList; with priority 1000
[18May2025 00:08:26.445] [Server thread/DEBUG] [mixin/]: Mixing collections.entity_ticking.EntityListMixin from lithium.mixins.json into net.minecraft.world.level.entity.EntityTickList
[18May2025 00:08:26.445] [Server thread/DEBUG] [mixin/]: lithium.mixins.json:collections.entity_ticking.EntityListMixin: Class version 61 required is higher than the class version supported by the current version of Mixin (JAVA_16 supports class version 60)
[18May2025 00:08:26.450] [Server thread/DEBUG] [mixin/]: Mixing world.tick_scheduler.ChunkTickSchedulerMixin from lithium.mixins.json into net.minecraft.world.ticks.LevelChunkTicks
[18May2025 00:08:26.450] [Server thread/DEBUG] [mixin/]: lithium.mixins.json:world.tick_scheduler.ChunkTickSchedulerMixin: Class version 61 required is higher than the class version supported by the current version of Mixin (JAVA_16 supports class version 60)
[18May2025 00:08:26.451] [Server thread/DEBUG] [mixin/]: Renaming synthetic method lambda$queueTick$0(J)Lme/jellysquid/mods/lithium/common/world/scheduler/OrderedTickQueue; to md2f1535$lambda$queueTick$0$0 in lithium.mixins.json:world.tick_scheduler.ChunkTickSchedulerMixin
[18May2025 00:08:26.474] [Server thread/DEBUG] [mixin/]: Mixing PersistentEntitySectionManagerMixin from smoothchunk.mixins.json into net.minecraft.world.level.entity.PersistentEntitySectionManager
[18May2025 00:08:26.475] [Server thread/DEBUG] [mixin/]: Mixing chunk.entity_class_groups.ServerEntityManagerAccessor from lithium.mixins.json into net.minecraft.world.level.entity.PersistentEntitySectionManager
[18May2025 00:08:26.475] [Server thread/DEBUG] [mixin/]: lithium.mixins.json:chunk.entity_class_groups.ServerEntityManagerAccessor: Class version 61 required is higher than the class version supported by the current version of Mixin (JAVA_16 supports class version 60)
[18May2025 00:08:26.475] [Server thread/DEBUG] [mixin/]: Mixing util.entity_movement_tracking.ServerEntityManagerAccessor from lithium.mixins.json into net.minecraft.world.level.entity.PersistentEntitySectionManager
[18May2025 00:08:26.475] [Server thread/DEBUG] [mixin/]: lithium.mixins.json:util.entity_movement_tracking.ServerEntityManagerAccessor: Class version 61 required is higher than the class version supported by the current version of Mixin (JAVA_16 supports class version 60)
[18May2025 00:08:26.475] [Server thread/DEBUG] [mixin/]: Mixing MixinPersistentEntitySectionManager from majruszlibrary-common.mixins.json into net.minecraft.world.level.entity.PersistentEntitySectionManager
[18May2025 00:08:26.476] [Server thread/DEBUG] [mixin/]: Renaming synthetic method lambda$tick$0(Ljava/util/List;Ljava/lang/Long;Lcom/mojang/datafixers/util/Pair;)V to md2f1535$lambda$tick$0$0 in majruszlibrary-common.mixins.json:MixinPersistentEntitySectionManager
[18May2025 00:08:26.480] [Server thread/DEBUG] [mixin/]: Unexpected: Registered method getCache()Lnet/minecraft/world/level/entity/EntitySectionStorage; in net.minecraft.world.level.entity.PersistentEntitySectionManager was not merged
[18May2025 00:08:26.483] [Server thread/DEBUG] [mixin/]: Mixing entity.inactive_navigations.ServerEntityHandlerMixin from lithium.mixins.json into net.minecraft.server.level.ServerLevel$EntityCallbacks
[18May2025 00:08:26.483] [Server thread/DEBUG] [mixin/]: lithium.mixins.json:entity.inactive_navigations.ServerEntityHandlerMixin: Class version 61 required is higher than the class version supported by the current version of Mixin (JAVA_16 supports class version 60)
[18May2025 00:08:26.486] [Server thread/DEBUG] [mixin/]: Mixing entity.fast_retrieval.SectionedEntityCacheMixin from lithium.mixins.json into net.minecraft.world.level.entity.EntitySectionStorage
[18May2025 00:08:26.486] [Server thread/DEBUG] [mixin/]: lithium.mixins.json:entity.fast_retrieval.SectionedEntityCacheMixin: Class version 61 required is higher than the class version supported by the current version of Mixin (JAVA_16 supports class version 60)
[18May2025 00:08:26.487] [Server thread/DEBUG] [mixin/]: Mixing util.entity_movement_tracking.SectionedEntityCacheMixin from lithium.mixins.json into net.minecraft.world.level.entity.EntitySectionStorage
[18May2025 00:08:26.487] [Server thread/DEBUG] [mixin/]: lithium.mixins.json:util.entity_movement_tracking.SectionedEntityCacheMixin: Class version 61 required is higher than the class version supported by the current version of Mixin (JAVA_16 supports class version 60)
[18May2025 00:08:26.490] [Server thread/DEBUG] [mixin/]: Mixing util.entity_section_position.SectionedEntityCacheMixin from lithium.mixins.json into net.minecraft.world.level.entity.EntitySectionStorage
[18May2025 00:08:26.490] [Server thread/DEBUG] [mixin/]: lithium.mixins.json:util.entity_section_position.SectionedEntityCacheMixin: Class version 61 required is higher than the class version supported by the current version of Mixin (JAVA_16 supports class version 60)
[18May2025 00:08:26.500] [Server thread/DEBUG] [mixin/]: Mixing perf.ticking_chunk_alloc.ChunkHolderMixin from modernfix-common.mixins.json into net.minecraft.server.level.ChunkHolder
[18May2025 00:08:26.501] [Server thread/DEBUG] [mixin/]: Mixing world.chunk_access.ChunkHolderMixin from lithium.mixins.json into net.minecraft.server.level.ChunkHolder
[18May2025 00:08:26.501] [Server thread/DEBUG] [mixin/]: lithium.mixins.json:world.chunk_access.ChunkHolderMixin: Class version 61 required is higher than the class version supported by the current version of Mixin (JAVA_16 supports class version 60)
[18May2025 00:08:26.502] [Server thread/DEBUG] [mixin/]: Mixing optimizations.ticking.chunk.broadcast.ChunkHolderMixin from servercore.common.mixins.json into net.minecraft.server.level.ChunkHolder
[18May2025 00:08:26.502] [Server thread/DEBUG] [mixin/]: servercore.common.mixins.json:optimizations.ticking.chunk.broadcast.ChunkHolderMixin: Class version 61 required is higher than the class version supported by the current version of Mixin (JAVA_16 supports class version 60)
[18May2025 00:08:26.507] [Server thread/DEBUG] [mixin/]: Mixing DimensionDataStorageAccessor from structure_gel.mixins.json into net.minecraft.world.level.storage.DimensionDataStorage
[18May2025 00:08:26.513] [Server thread/DEBUG] [mixin/]: Mixing world.player_chunk_tick.ThreadedAnvilChunkStorageMixin from lithium.mixins.json into net.minecraft.server.level.ChunkMap
[18May2025 00:08:26.514] [Server thread/DEBUG] [mixin/]: lithium.mixins.json:world.player_chunk_tick.ThreadedAnvilChunkStorageMixin: Class version 61 required is higher than the class version supported by the current version of Mixin (JAVA_16 supports class version 60)
[18May2025 00:08:26.516] [Server thread/DEBUG] [mixin/]: Mixing bugfix.paper_chunk_patches.ChunkMapMixin from modernfix-common.mixins.json into net.minecraft.server.level.ChunkMap
[18May2025 00:08:26.517] [Server thread/DEBUG] [mixin/]: Renaming synthetic method lambda$useLegacySchedulingLogic$1(Lnet/minecraft/world/level/chunk/ChunkStatus;Lnet/minecraft/world/level/ChunkPos;Lnet/minecraft/server/level/ChunkHolder;Lcom/mojang/datafixers/util/Either;)Ljava/util/concurrent/CompletionStage; to md2f1535$lambda$useLegacySchedulingLogic$1$0 in modernfix-common.mixins.json:bugfix.paper_chunk_patches.ChunkMapMixin
[18May2025 00:08:26.517] [Server thread/DEBUG] [mixin/]: Renaming synthetic method lambda$useLegacySchedulingLogic$0(Lnet/minecraft/server/level/ChunkHolder;Lnet/minecraft/world/level/chunk/ChunkAccess;)Ljava/util/concurrent/CompletableFuture; to md2f1535$lambda$useLegacySchedulingLogic$0$1 in modernfix-common.mixins.json:bugfix.paper_chunk_patches.ChunkMapMixin
[18May2025 00:08:26.517] [Server thread/DEBUG] [mixin/]: Mixing bugfix.chunk_deadlock.ChunkMapLoadMixin from modernfix-forge.mixins.json into net.minecraft.server.level.ChunkMap
[18May2025 00:08:26.518] [Server thread/DEBUG] [mixin/]: Mixing ChunkMapMixin from smoothchunk.mixins.json into net.minecraft.server.level.ChunkMap
[18May2025 00:08:26.522] [Server thread/DEBUG] [mixin/]: Mixing features.dynamic.ChunkMapMixin from servercore.common.mixins.json into net.minecraft.server.level.ChunkMap
[18May2025 00:08:26.522] [Server thread/DEBUG] [mixin/]: servercore.common.mixins.json:features.dynamic.ChunkMapMixin: Class version 61 required is higher than the class version supported by the current version of Mixin (JAVA_16 supports class version 60)
[18May2025 00:08:26.669] [Server thread/DEBUG] [mixin/]: Mixing perf.cache_strongholds.ChunkGeneratorMixin from modernfix-common.mixins.json into net.minecraft.world.level.chunk.ChunkGeneratorStructureState
[18May2025 00:08:26.669] [Server thread/DEBUG] [mixin/]: Renaming synthetic method lambda$saveCachedData$0(Ljava/util/List;)Ljava/util/List; to md2f1535$lambda$saveCachedData$0$0 in modernfix-common.mixins.json:perf.cache_strongholds.ChunkGeneratorMixin
[18May2025 00:08:26.699] [Server thread/DEBUG] [mixin/]: Mixing chunk.no_validation.PackedIntegerArrayMixin from lithium.mixins.json into net.minecraft.util.SimpleBitStorage
[18May2025 00:08:26.699] [Server thread/DEBUG] [mixin/]: lithium.mixins.json:chunk.no_validation.PackedIntegerArrayMixin: Class version 61 required is higher than the class version supported by the current version of Mixin (JAVA_16 supports class version 60)
[18May2025 00:08:26.699] [Server thread/DEBUG] [mixin/]: Mixing chunk.serialization.PackedIntegerArrayMixin from lithium.mixins.json into net.minecraft.util.SimpleBitStorage
[18May2025 00:08:26.699] [Server thread/DEBUG] [mixin/]: lithium.mixins.json:chunk.serialization.PackedIntegerArrayMixin: Class version 61 required is higher than the class version supported by the current version of Mixin (JAVA_16 supports class version 60)
[18May2025 00:08:26.717] [Server thread/DEBUG] [mixin/]: Mixing ai.poi.PointOfInterestStorageMixin from lithium.mixins.json into net.minecraft.world.entity.ai.village.poi.PoiManager
[18May2025 00:08:26.717] [Server thread/DEBUG] [mixin/]: lithium.mixins.json:ai.poi.PointOfInterestStorageMixin: Class version 61 required is higher than the class version supported by the current version of Mixin (JAVA_16 supports class version 60)
[18May2025 00:08:26.718] [Server thread/DEBUG] [mixin/]: Renaming synthetic method lambda$withinSphereChunkSectionSorted$6(Lnet/minecraft/core/BlockPos;DLjava/util/ArrayList;Lnet/minecraft/world/entity/ai/village/poi/PoiRecord;)V to md2f1535$lambda$withinSphereChunkSectionSorted$6$0 in lithium.mixins.json:ai.poi.PointOfInterestStorageMixin
[18May2025 00:08:26.718] [Server thread/DEBUG] [mixin/]: Renaming synthetic method lambda$withinSphereChunkSectionSortedStream$5(Ljava/util/function/Predicate;Lnet/minecraft/world/entity/ai/village/poi/PoiManager$Occupancy;Lnet/minecraft/core/BlockPos;DLjava/util/stream/Stream;)Ljava/util/stream/Stream; to md2f1535$lambda$withinSphereChunkSectionSortedStream$5$1 in lithium.mixins.json:ai.poi.PointOfInterestStorageMixin
[18May2025 00:08:26.718] [Server thread/DEBUG] [mixin/]: Renaming synthetic method lambda$withinSphereChunkSectionSortedStream$4(Ljava/util/function/Predicate;Lnet/minecraft/world/entity/ai/village/poi/PoiManager$Occupancy;Lnet/minecraft/core/BlockPos;DLnet/minecraft/world/entity/ai/village/poi/PoiSection;)Ljava/util/stream/Stream; to md2f1535$lambda$withinSphereChunkSectionSortedStream$4$2 in lithium.mixins.json:ai.poi.PointOfInterestStorageMixin
[18May2025 00:08:26.718] [Server thread/DEBUG] [mixin/]: Renaming synthetic method lambda$withinSphereChunkSectionSortedStream$3(Lnet/minecraft/core/BlockPos;DLnet/minecraft/world/entity/ai/village/poi/PoiRecord;)Z to md2f1535$lambda$withinSphereChunkSectionSortedStream$3$3 in lithium.mixins.json:ai.poi.PointOfInterestStorageMixin
[18May2025 00:08:26.719] [Server thread/DEBUG] [mixin/]: Renaming synthetic method lambda$findNearestForPortalLogic$2(Lnet/minecraft/world/level/border/WorldBorder;Ljava/util/function/Predicate;Lnet/minecraft/world/entity/ai/village/poi/PoiRecord;)Z to md2f1535$lambda$findNearestForPortalLogic$2$4 in lithium.mixins.json:ai.poi.PointOfInterestStorageMixin
[18May2025 00:08:26.719] [Server thread/DEBUG] [mixin/]: Renaming synthetic method lambda$getNearestPosition$1(Ljava/util/function/Predicate;Lnet/minecraft/world/entity/ai/village/poi/PoiRecord;)Z to md2f1535$lambda$getNearestPosition$1$5 in lithium.mixins.json:ai.poi.PointOfInterestStorageMixin
[18May2025 00:08:26.719] [Server thread/DEBUG] [mixin/]: Renaming synthetic method lambda$getInChunk$0(Ljava/util/function/Predicate;Lnet/minecraft/world/entity/ai/village/poi/PoiManager$Occupancy;Lnet/minecraft/world/entity/ai/village/poi/PoiSection;)Ljava/util/stream/Stream; to md2f1535$lambda$getInChunk$0$6 in lithium.mixins.json:ai.poi.PointOfInterestStorageMixin
[18May2025 00:08:26.722] [Server thread/DEBUG] [mixin/]: Mixing ai.poi.fast_portals.PointOfInterestStorageMixin from lithium.mixins.json into net.minecraft.world.entity.ai.village.poi.PoiManager
[18May2025 00:08:26.723] [Server thread/DEBUG] [mixin/]: lithium.mixins.json:ai.poi.fast_portals.PointOfInterestStorageMixin: Class version 61 required is higher than the class version supported by the current version of Mixin (JAVA_16 supports class version 60)
[18May2025 00:08:26.733] [Server thread/DEBUG] [mixin/]: Mixing ai.poi.SerializingRegionBasedStorageMixin from lithium.mixins.json into net.minecraft.world.level.chunk.storage.SectionStorage
[18May2025 00:08:26.733] [Server thread/DEBUG] [mixin/]: lithium.mixins.json:ai.poi.SerializingRegionBasedStorageMixin: Class version 61 required is higher than the class version supported by the current version of Mixin (JAVA_16 supports class version 60)
[18May2025 00:08:26.733] [Server thread/DEBUG] [mixin/]: Renaming synthetic method lambda$getInChunkColumn$0(Ljava/util/BitSet;Lit/unimi/dsi/fastutil/longs/Long2ObjectMap;ILnet/minecraft/world/level/LevelHeightAccessor;I)Ljava/util/Iterator; to md2f1535$lambda$getInChunkColumn$0$0 in lithium.mixins.json:ai.poi.SerializingRegionBasedStorageMixin
[18May2025 00:08:26.742] [Server thread/DEBUG] [mixin/]: Mixing ai.poi.PointOfInterestSetMixin from lithium.mixins.json into net.minecraft.world.entity.ai.village.poi.PoiSection
[18May2025 00:08:26.742] [Server thread/DEBUG] [mixin/]: lithium.mixins.json:ai.poi.PointOfInterestSetMixin: Class version 61 required is higher than the class version supported by the current version of Mixin (JAVA_16 supports class version 60)
[18May2025 00:08:26.742] [Server thread/DEBUG] [mixin/]: Renaming synthetic method lambda$computeIfAbsent$0(Ljava/lang/Object;)Ljava/lang/Object; to md2f1535$lambda$computeIfAbsent$0$0 in lithium.mixins.json:ai.poi.PointOfInterestSetMixin
[18May2025 00:08:26.754] [Server thread/DEBUG] [mixin/]: Mixing ai.poi.fast_portals.PortalForcerMixin from lithium.mixins.json into net.minecraft.world.level.portal.PortalForcer
[18May2025 00:08:26.754] [Server thread/DEBUG] [mixin/]: lithium.mixins.json:ai.poi.fast_portals.PortalForcerMixin: Class version 61 required is higher than the class version supported by the current version of Mixin (JAVA_16 supports class version 60)
[18May2025 00:08:26.754] [Server thread/DEBUG] [mixin/]: Renaming synthetic method lambda$getPortalRect$2(Lnet/minecraft/world/entity/ai/village/poi/PoiRecord;)Lnet/minecraft/BlockUtil$FoundRectangle; to md2f1535$lambda$getPortalRect$2$0 in lithium.mixins.json:ai.poi.fast_portals.PortalForcerMixin
[18May2025 00:08:26.754] [Server thread/DEBUG] [mixin/]: Renaming synthetic method lambda$getPortalRect$1(Lnet/minecraft/world/level/block/state/BlockState;Lnet/minecraft/core/BlockPos;)Z to md2f1535$lambda$getPortalRect$1$1 in lithium.mixins.json:ai.poi.fast_portals.PortalForcerMixin
[18May2025 00:08:26.754] [Server thread/DEBUG] [mixin/]: Renaming synthetic method lambda$getPortalRect$0(Lnet/minecraft/world/entity/ai/village/poi/PoiRecord;)Z to md2f1535$lambda$getPortalRect$0$2 in lithium.mixins.json:ai.poi.fast_portals.PortalForcerMixin
[18May2025 00:08:26.775] [Server thread/DEBUG] [mixin/]: Mixing perf.faster_structure_location.StructureCheckMixin from modernfix-common.mixins.json into net.minecraft.world.level.levelgen.structure.StructureCheck
[18May2025 00:08:26.776] [Server thread/DEBUG] [mixin/]: Mixing optimizations.sync_loads.StructureCheckMixin from servercore.common.mixins.json into net.minecraft.world.level.levelgen.structure.StructureCheck
[18May2025 00:08:26.776] [Server thread/DEBUG] [mixin/]: servercore.common.mixins.json:optimizations.sync_loads.StructureCheckMixin: Class version 61 required is higher than the class version supported by the current version of Mixin (JAVA_16 supports class version 60)
[18May2025 00:08:26.797] [Server thread/DEBUG] [ModernFix/]: Loaded stronghold cache for dimension minecraft:overworld with 128 positions
[18May2025 00:08:26.836] [Server thread/DEBUG] [mixin/]: Mixing ai.pathing.LandPathNodeMakerMixin from lithium.mixins.json into net.minecraft.world.level.pathfinder.WalkNodeEvaluator
[18May2025 00:08:26.836] [Server thread/DEBUG] [mixin/]: lithium.mixins.json:ai.pathing.LandPathNodeMakerMixin: Class version 61 required is higher than the class version supported by the current version of Mixin (JAVA_16 supports class version 60)
[18May2025 00:08:26.837] [Server thread/DEBUG] [net.minecraftforge.coremod.transformer.CoreModBaseTransformer/COREMOD]: Transforming getFriction with desc (Lnet/minecraft/world/level/LevelReader;Lnet/minecraft/core/BlockPos;Lnet/minecraft/world/entity/Entity;)F
[18May2025 00:08:26.838] [Server thread/DEBUG] [net.minecraftforge.coremod.transformer.CoreModBaseTransformer/COREMOD]: Transforming canHarvestBlock with desc (Lnet/minecraft/world/level/BlockGetter;Lnet/minecraft/core/BlockPos;Lnet/minecraft/world/entity/player/Player;)Z
[18May2025 00:08:26.844] [Server thread/DEBUG] [mixin/]: Mixing optimizations.misc.PathFinderMixin from servercore.common.mixins.json into net.minecraft.world.level.pathfinder.PathFinder
[18May2025 00:08:26.844] [Server thread/DEBUG] [mixin/]: servercore.common.mixins.json:optimizations.misc.PathFinderMixin: Class version 61 required is higher than the class version supported by the current version of Mixin (JAVA_16 supports class version 60)
[18May2025 00:08:26.870] [Server thread/DEBUG] [mixin/]: Mixing ai.pathing.BirdPathNodeMakerMixin from lithium.mixins.json into net.minecraft.world.level.pathfinder.FlyNodeEvaluator
[18May2025 00:08:26.871] [Server thread/DEBUG] [mixin/]: lithium.mixins.json:ai.pathing.BirdPathNodeMakerMixin: Class version 61 required is higher than the class version supported by the current version of Mixin (JAVA_16 supports class version 60)
[18May2025 00:08:26.896] [Server thread/DEBUG] [mixin/]: Mixing optimizations.sync_loads.SleepInBedMixin from servercore.common.mixins.json into net.minecraft.world.entity.ai.behavior.SleepInBed
[18May2025 00:08:26.896] [Server thread/DEBUG] [mixin/]: servercore.common.mixins.json:optimizations.sync_loads.SleepInBedMixin: Class version 61 required is higher than the class version supported by the current version of Mixin (JAVA_16 supports class version 60)
[18May2025 00:08:26.898] [Server thread/DEBUG] [mixin/]: Mixing ai.task.replace_streams.CompositeTaskMixin from lithium.mixins.json into net.minecraft.world.entity.ai.behavior.GateBehavior
[18May2025 00:08:26.898] [Server thread/DEBUG] [mixin/]: lithium.mixins.json:ai.task.replace_streams.CompositeTaskMixin: Class version 61 required is higher than the class version supported by the current version of Mixin (JAVA_16 supports class version 60)
[18May2025 00:08:26.929] [Server thread/DEBUG] [mixin/]: Mixing world.chunk_tickets.SortedArraySetMixin from lithium.mixins.json into net.minecraft.util.SortedArraySet
[18May2025 00:08:26.930] [Server thread/DEBUG] [mixin/]: lithium.mixins.json:world.chunk_tickets.SortedArraySetMixin: Class version 61 required is higher than the class version supported by the current version of Mixin (JAVA_16 supports class version 60)
[18May2025 00:08:26.930] [Server thread/DEBUG] [mixin/]: Mixing bugfix.paper_chunk_patches.SortedArraySetMixin from modernfix-common.mixins.json into net.minecraft.util.SortedArraySet
[18May2025 00:08:26.931] [Server thread/WARN] [mixin/]: Method overwrite conflict for removeIf in modernfix-common.mixins.json:bugfix.paper_chunk_patches.SortedArraySetMixin, previously written by me.jellysquid.mods.lithium.mixin.world.chunk_tickets.SortedArraySetMixin. Skipping method.
[18May2025 00:08:26.931] [Server thread/DEBUG] [mixin/]: Unexpected: Registered method removeIf(Ljava/util/function/Predicate;)Z in net.minecraft.util.SortedArraySet was not merged
[18May2025 00:08:26.961] [Server thread/DEBUG] [mixin/]: Mixing MixinChunkSerializer from architectury.mixins.json into net.minecraft.world.level.chunk.storage.ChunkSerializer
[18May2025 00:08:26.970] [Server thread/DEBUG] [mixin/]: Mixing chunk.palette.PalettedContainerMixin from lithium.mixins.json into net.minecraft.world.level.chunk.PalettedContainer$Strategy
[18May2025 00:08:26.971] [Server thread/DEBUG] [mixin/]: lithium.mixins.json:chunk.palette.PalettedContainerMixin: Class version 61 required is higher than the class version supported by the current version of Mixin (JAVA_16 supports class version 60)
[18May2025 00:08:26.974] [Server thread/DEBUG] [mixin/]: Generating mapped inner class net/minecraft/world/level/chunk/PalettedContainer$Strategy$Anonymous$86c100ef9ba843fca9fc6b6a48c5da29 (originally me/jellysquid/mods/lithium/mixin/chunk/palette/PalettedContainerMixin$1)
[18May2025 00:08:26.976] [Server thread/DEBUG] [mixin/]: Generating mapped inner class net/minecraft/world/level/chunk/PalettedContainer$Strategy$Anonymous$f46e20a177eb4e70b28e382e14f9072a (originally me/jellysquid/mods/lithium/mixin/chunk/palette/PalettedContainerMixin$2)
[18May2025 00:08:26.979] [Server thread/DEBUG] [mixin/]: Mixing chunk.no_locking.PalettedContainerMixin from lithium.mixins.json into net.minecraft.world.level.chunk.PalettedContainer
[18May2025 00:08:26.979] [Server thread/DEBUG] [mixin/]: lithium.mixins.json:chunk.no_locking.PalettedContainerMixin: Class version 61 required is higher than the class version supported by the current version of Mixin (JAVA_16 supports class version 60)
[18May2025 00:08:26.979] [Server thread/DEBUG] [mixin/]: Mixing chunk.serialization.PalettedContainerMixin from lithium.mixins.json into net.minecraft.world.level.chunk.PalettedContainer
[18May2025 00:08:26.979] [Server thread/DEBUG] [mixin/]: lithium.mixins.json:chunk.serialization.PalettedContainerMixin: Class version 61 required is higher than the class version supported by the current version of Mixin (JAVA_16 supports class version 60)
[18May2025 00:08:26.980] [Server thread/DEBUG] [mixin/]: Renaming synthetic method lambda$count$2([SI)V to md2f1535$lambda$count$2$0 in lithium.mixins.json:chunk.serialization.PalettedContainerMixin
[18May2025 00:08:26.980] [Server thread/DEBUG] [mixin/]: Renaming synthetic method lambda$static$1()[S to md2f1535$lambda$static$1$1 in lithium.mixins.json:chunk.serialization.PalettedContainerMixin
[18May2025 00:08:26.980] [Server thread/DEBUG] [mixin/]: Renaming synthetic method lambda$static$0()[S to md2f1535$lambda$static$0$2 in lithium.mixins.json:chunk.serialization.PalettedContainerMixin
[18May2025 00:08:26.982] [Server thread/DEBUG] [mixin/]: Mixing perf.compact_bit_storage.PalettedContainerMixin from modernfix-common.mixins.json into net.minecraft.world.level.chunk.PalettedContainer
[18May2025 00:08:26.998] [Server thread/DEBUG] [mixin/]: Mixing chunk.no_locking.ChunkSectionMixin from lithium.mixins.json into net.minecraft.world.level.chunk.LevelChunkSection
[18May2025 00:08:26.999] [Server thread/DEBUG] [mixin/]: lithium.mixins.json:chunk.no_locking.ChunkSectionMixin: Class version 61 required is higher than the class version supported by the current version of Mixin (JAVA_16 supports class version 60)
[18May2025 00:08:26.999] [Server thread/DEBUG] [mixin/]: Mixing util.block_tracking.ChunkSectionMixin from lithium.mixins.json into net.minecraft.world.level.chunk.LevelChunkSection
[18May2025 00:08:26.999] [Server thread/DEBUG] [mixin/]: lithium.mixins.json:util.block_tracking.ChunkSectionMixin: Class version 61 required is higher than the class version supported by the current version of Mixin (JAVA_16 supports class version 60)
[18May2025 00:08:27.000] [Server thread/DEBUG] [mixin/]: Renaming synthetic method lambda$initFlagCounters$0(Lnet/minecraft/world/level/chunk/PalettedContainer$CountConsumer;Lnet/minecraft/world/level/block/state/BlockState;I)V to md2f1535$lambda$initFlagCounters$0$0 in lithium.mixins.json:util.block_tracking.ChunkSectionMixin
[18May2025 00:08:27.008] [Server thread/DEBUG] [mixin/]: Mixing ThreadingDetectorMixin from cupboard.mixins.json into net.minecraft.util.ThreadingDetector
[18May2025 00:08:27.011] [Server thread/DEBUG] [mixin/]: Mixing chunk.no_validation.EmptyPaletteStorageMixin from lithium.mixins.json into net.minecraft.util.ZeroBitStorage
[18May2025 00:08:27.011] [Server thread/DEBUG] [mixin/]: lithium.mixins.json:chunk.no_validation.EmptyPaletteStorageMixin: Class version 61 required is higher than the class version supported by the current version of Mixin (JAVA_16 supports class version 60)
[18May2025 00:08:27.026] [Server thread/DEBUG] [mixin/]: Mixing perf.cache_blockstate_cache_arrays.AbstractBlockStateCacheMixin from modernfix-common.mixins.json into net.minecraft.world.level.block.state.BlockBehaviour$BlockStateBase$Cache
[18May2025 00:08:27.027] [Server thread/DEBUG] [mixin/]: Mixing BlockStateCacheMixin from ferritecore.blockstatecache.mixin.json into net.minecraft.world.level.block.state.BlockBehaviour$BlockStateBase$Cache
[18May2025 00:08:27.031] [Server thread/DEBUG] [mixin/]: Mixing shapes.lazy_shape_context.EntityShapeContextMixin from lithium.mixins.json into net.minecraft.world.phys.shapes.EntityCollisionContext
[18May2025 00:08:27.031] [Server thread/DEBUG] [mixin/]: lithium.mixins.json:shapes.lazy_shape_context.EntityShapeContextMixin: Class version 61 required is higher than the class version supported by the current version of Mixin (JAVA_16 supports class version 60)
[18May2025 00:08:27.031] [Server thread/DEBUG] [mixin/]: Renaming synthetic method lambda$canWalkOnFluid$0(Lnet/minecraft/world/level/material/FluidState;)Z to md2f1535$lambda$canWalkOnFluid$0$0 in lithium.mixins.json:shapes.lazy_shape_context.EntityShapeContextMixin
[18May2025 00:08:27.056] [Server thread/DEBUG] [mixin/]: Mixing SubShapeAccess from ferritecore.blockstatecache.mixin.json into net.minecraft.world.phys.shapes.SubShape
[18May2025 00:08:27.201] [Server thread/DEBUG] [mixin/]: Mixing chunk.entity_class_groups.EntityTrackingSectionAccessor from lithium.mixins.json into net.minecraft.world.level.entity.EntitySection
[18May2025 00:08:27.201] [Server thread/DEBUG] [mixin/]: lithium.mixins.json:chunk.entity_class_groups.EntityTrackingSectionAccessor: Class version 61 required is higher than the class version supported by the current version of Mixin (JAVA_16 supports class version 60)
[18May2025 00:08:27.201] [Server thread/DEBUG] [mixin/]: Mixing entity.collisions.unpushable_cramming.EntityTrackingSectionMixin from lithium.mixins.json into net.minecraft.world.level.entity.EntitySection
[18May2025 00:08:27.201] [Server thread/DEBUG] [mixin/]: lithium.mixins.json:entity.collisions.unpushable_cramming.EntityTrackingSectionMixin: Class version 61 required is higher than the class version supported by the current version of Mixin (JAVA_16 supports class version 60)
[18May2025 00:08:27.205] [Server thread/DEBUG] [mixin/]: Mixing util.entity_movement_tracking.EntityTrackingSectionMixin from lithium.mixins.json into net.minecraft.world.level.entity.EntitySection
[18May2025 00:08:27.205] [Server thread/DEBUG] [mixin/]: lithium.mixins.json:util.entity_movement_tracking.EntityTrackingSectionMixin: Class version 61 required is higher than the class version supported by the current version of Mixin (JAVA_16 supports class version 60)
[18May2025 00:08:27.207] [Server thread/DEBUG] [mixin/]: Mixing util.entity_section_position.EntityTrackingSectionMixin from lithium.mixins.json into net.minecraft.world.level.entity.EntitySection
[18May2025 00:08:27.207] [Server thread/DEBUG] [mixin/]: lithium.mixins.json:util.entity_section_position.EntityTrackingSectionMixin: Class version 61 required is higher than the class version supported by the current version of Mixin (JAVA_16 supports class version 60)
[18May2025 00:08:27.293] [Server thread/DEBUG] [mixin/]: Mixing optimizations.sync_loads.DynamicGameEventListenerMixin from servercore.common.mixins.json into net.minecraft.world.level.gameevent.DynamicGameEventListener
[18May2025 00:08:27.293] [Server thread/DEBUG] [mixin/]: servercore.common.mixins.json:optimizations.sync_loads.DynamicGameEventListenerMixin: Class version 61 required is higher than the class version supported by the current version of Mixin (JAVA_16 supports class version 60)
[18May2025 00:08:27.301] [Server thread/DEBUG] [mixin/]: Mixing features.breeding_cap.tasks.AnimalMakeLoveMixin from servercore.common.mixins.json into net.minecraft.world.entity.ai.behavior.AnimalMakeLove
[18May2025 00:08:27.301] [Server thread/DEBUG] [mixin/]: servercore.common.mixins.json:features.breeding_cap.tasks.AnimalMakeLoveMixin: Class version 61 required is higher than the class version supported by the current version of Mixin (JAVA_16 supports class version 60)
[18May2025 00:08:27.445] [Server thread/DEBUG] [mixin/]: Mixing StayNearPointTaskMixin from blue_skies.mixins.json into net.minecraft.world.entity.ai.behavior.SetWalkTargetFromBlockMemory
[18May2025 00:08:27.459] [Server thread/DEBUG] [mixin/]: Mixing features.breeding_cap.tasks.VillagerMakeLoveMixin from servercore.common.mixins.json into net.minecraft.world.entity.ai.behavior.VillagerMakeLove
[18May2025 00:08:27.459] [Server thread/DEBUG] [mixin/]: servercore.common.mixins.json:features.breeding_cap.tasks.VillagerMakeLoveMixin: Class version 61 required is higher than the class version supported by the current version of Mixin (JAVA_16 supports class version 60)
[18May2025 00:08:27.465] [Server thread/DEBUG] [mixin/]: Mixing ai.poi.tasks.HideInHomeTaskMixin from lithium.mixins.json into net.minecraft.world.entity.ai.behavior.LocateHidingPlace
[18May2025 00:08:27.465] [Server thread/DEBUG] [mixin/]: lithium.mixins.json:ai.poi.tasks.HideInHomeTaskMixin: Class version 61 required is higher than the class version supported by the current version of Mixin (JAVA_16 supports class version 60)
[18May2025 00:08:27.558] [Server thread/INFO] [net.minecraft.server.MinecraftServer/]: Preparing start region for dimension minecraft:overworld
[18May2025 00:08:28.385] [Server thread/DEBUG] [mixin/]: Mixing TemplateMixins$StructurePlaceSettingsMixin from structure_gel.mixins.json into net.minecraft.world.level.levelgen.structure.templatesystem.StructurePlaceSettings
[18May2025 00:08:28.396] [Server thread/DEBUG] [net.minecraftforge.coremod.transformer.CoreModBaseTransformer/COREMOD]: Transforming net/minecraft/world/level/levelgen/structure/templatesystem/StructureTemplate
[18May2025 00:08:28.442] [Server thread/DEBUG] [mixin/]: Mixing TemplateMixins$StructureTemplateMixin from structure_gel.mixins.json into net.minecraft.world.level.levelgen.structure.templatesystem.StructureTemplate
[18May2025 00:08:28.443] [Server thread/DEBUG] [mixin/]: Renaming synthetic method lambda$addGelProcessor_processBlockInfos$0(Lnet/minecraft/world/level/levelgen/structure/templatesystem/StructureTemplate$StructureBlockInfo;)Z to md2f1535$lambda$addGelProcessor_processBlockInfos$0$0 in structure_gel.mixins.json:TemplateMixins$StructureTemplateMixin
[18May2025 00:08:28.444] [Server thread/DEBUG] [mixin/]: Mixing StructureTemplateAccessor from structure_gel.mixins.json into net.minecraft.world.level.levelgen.structure.templatesystem.StructureTemplate
[18May2025 00:08:28.895] [Server thread/INFO] [net.minecraft.server.level.progress.LoggerChunkProgressListener/]: Preparing spawn area: 0%
[18May2025 00:08:28.907] [Server thread/INFO] [net.minecraft.server.level.progress.LoggerChunkProgressListener/]: Preparing spawn area: 0%
[18May2025 00:08:28.944] [Server thread/INFO] [net.minecraft.server.level.progress.LoggerChunkProgressListener/]: Preparing spawn area: 0%
[18May2025 00:08:29.059] [Server thread/INFO] [net.minecraft.server.level.progress.LoggerChunkProgressListener/]: Preparing spawn area: 0%
[18May2025 00:08:29.331] [Server thread/INFO] [com.cupboard.Cupboard/]: Loaded config for: connectivity.json
[18May2025 00:08:29.342] [Server thread/DEBUG] [mixin/]: Mixing world.block_entity_ticking.world_border.DirectBlockEntityTickInvokerMixin from lithium.mixins.json into net.minecraft.world.level.chunk.LevelChunk$BoundTickingBlockEntity
[18May2025 00:08:29.343] [Server thread/DEBUG] [mixin/]: lithium.mixins.json:world.block_entity_ticking.world_border.DirectBlockEntityTickInvokerMixin: Class version 61 required is higher than the class version supported by the current version of Mixin (JAVA_16 supports class version 60)
[18May2025 00:08:29.546] [Server thread/INFO] [net.minecraft.server.level.progress.LoggerChunkProgressListener/]: Time elapsed: 1988 ms
[18May2025 00:08:29.547] [Server thread/INFO] [net.minecraft.server.dedicated.DedicatedServer/]: Done (3.236s)! For help, type "help"
[18May2025 00:08:29.555] [Server thread/DEBUG] [net.minecraftforge.network.DualStackUtils/]: Detected IPv6 address: "0:0:0:0:0:0:0:0"
[18May2025 00:08:29.580] [Server thread/DEBUG] [net.minecraftforge.common.ForgeI18n/CORE]: Loading I18N data entries: 6946
[18May2025 00:08:29.584] [Server thread/INFO] [net.minecraftforge.server.permission.PermissionAPI/]: Successfully initialized permission handler forge:default_handler
[18May2025 00:08:29.647] [Server thread/INFO] [net.bettercombat.logic.WeaponRegistry/]: Encoded Weapon Attribute registry size (with package overhead): 142025 bytes (in 15 string chunks with the size of 10000)
[18May2025 00:08:29.662] [Server thread/INFO] [com.cupboard.Cupboard/]: Loaded config for: farsight.json
[18May2025 00:08:29.662] [Server thread/INFO] [com.cupboard.Cupboard/]: Loaded config for: smoothchunk.json
[18May2025 00:08:29.663] [Server thread/INFO] [com.cupboard.Cupboard/]: Loaded config for: clickadv.json
[18May2025 00:08:29.664] [Server thread/WARN] [ModernFix/]: Dedicated server took 26.69 seconds to load
[18May2025 00:08:29.666] [Server thread/INFO] [mixin/]: Mixing common.MixinServerStatus from mixins/common/nochatreports.mixins.json into net.minecraft.network.protocol.status.ServerStatus
[18May2025 00:08:29.700] [Server thread/DEBUG] [net.minecraftforge.coremod.transformer.CoreModBaseTransformer/COREMOD]: Transforming net/minecraft/world/level/NaturalSpawner
[18May2025 00:08:29.719] [Server thread/DEBUG] [mixin/]: Mixing features.mob_spawning.NaturalSpawnerMixin from servercore.common.mixins.json into net.minecraft.world.level.NaturalSpawner
[18May2025 00:08:29.719] [Server thread/DEBUG] [mixin/]: servercore.common.mixins.json:features.mob_spawning.NaturalSpawnerMixin: Class version 61 required is higher than the class version supported by the current version of Mixin (JAVA_16 supports class version 60)
[18May2025 00:08:29.720] [Server thread/DEBUG] [mixin/]: Mixing optimizations.tickets.NaturalSpawnerMixin from servercore.common.mixins.json into net.minecraft.world.level.NaturalSpawner
[18May2025 00:08:29.720] [Server thread/DEBUG] [mixin/]: servercore.common.mixins.json:optimizations.tickets.NaturalSpawnerMixin: Class version 61 required is higher than the class version supported by the current version of Mixin (JAVA_16 supports class version 60)
[18May2025 00:08:29.720] [Server thread/DEBUG] [mixin/]: Mixing MixinNaturalSpawner from majruszlibrary-common.mixins.json into net.minecraft.world.level.NaturalSpawner
[18May2025 00:08:29.744] [Server thread/DEBUG] [mixin/]: Mixing chunk.entity_class_groups.TypeFilterableListMixin from lithium.mixins.json into net.minecraft.util.ClassInstanceMultiMap
[18May2025 00:08:29.745] [Server thread/DEBUG] [mixin/]: lithium.mixins.json:chunk.entity_class_groups.TypeFilterableListMixin: Class version 61 required is higher than the class version supported by the current version of Mixin (JAVA_16 supports class version 60)
[18May2025 00:08:29.746] [Server thread/DEBUG] [mixin/]: Mixing collections.entity_by_type.TypeFilterableListMixin from lithium.mixins.json into net.minecraft.util.ClassInstanceMultiMap
[18May2025 00:08:29.746] [Server thread/DEBUG] [mixin/]: lithium.mixins.json:collections.entity_by_type.TypeFilterableListMixin: Class version 61 required is higher than the class version supported by the current version of Mixin (JAVA_16 supports class version 60)
[18May2025 00:08:29.746] [Server thread/DEBUG] [mixin/]: Mixing collections.entity_filtering.TypeFilterableListMixin from lithium.mixins.json into net.minecraft.util.ClassInstanceMultiMap
[18May2025 00:08:29.746] [Server thread/DEBUG] [mixin/]: lithium.mixins.json:collections.entity_filtering.TypeFilterableListMixin: Class version 61 required is higher than the class version supported by the current version of Mixin (JAVA_16 supports class version 60)
[18May2025 00:08:29.751] [Server thread/DEBUG] [mixin/]: Mixing util.entity_movement_tracking.ServerEntityManagerListenerMixin from lithium.mixins.json into net.minecraft.world.level.entity.PersistentEntitySectionManager$Callback
[18May2025 00:08:29.751] [Server thread/DEBUG] [mixin/]: lithium.mixins.json:util.entity_movement_tracking.ServerEntityManagerListenerMixin: Class version 61 required is higher than the class version supported by the current version of Mixin (JAVA_16 supports class version 60)
[18May2025 00:08:29.756] [Server thread/DEBUG] [mixin/]: Mixing alloc.entity_tracker.EntityTrackerMixin from lithium.mixins.json into net.minecraft.server.level.ChunkMap$TrackedEntity
[18May2025 00:08:29.756] [Server thread/DEBUG] [mixin/]: lithium.mixins.json:alloc.entity_tracker.EntityTrackerMixin: Class version 61 required is higher than the class version supported by the current version of Mixin (JAVA_16 supports class version 60)
[18May2025 00:08:29.757] [Server thread/DEBUG] [net.minecraftforge.coremod.transformer.CoreModBaseTransformer/COREMOD]: Transforming m_8543_ with desc ()V
[18May2025 00:08:29.817] [Server thread/DEBUG] [mixin/]: Mixing MixinEnchantmentHelper from majruszlibrary-common.mixins.json into net.minecraft.world.item.enchantment.EnchantmentHelper
[18May2025 00:08:29.901] [Server thread/DEBUG] [mixin/]: Mixing ai.pathing.ChunkCacheMixin from lithium.mixins.json into net.minecraft.world.level.PathNavigationRegion
[18May2025 00:08:29.901] [Server thread/DEBUG] [mixin/]: lithium.mixins.json:ai.pathing.ChunkCacheMixin: Class version 61 required is higher than the class version supported by the current version of Mixin (JAVA_16 supports class version 60)
[18May2025 00:08:29.903] [Server thread/DEBUG] [mixin/]: Mixing util.chunk_access.ChunkCacheMixin from lithium.mixins.json into net.minecraft.world.level.PathNavigationRegion
[18May2025 00:08:29.903] [Server thread/DEBUG] [mixin/]: lithium.mixins.json:util.chunk_access.ChunkCacheMixin: Class version 61 required is higher than the class version supported by the current version of Mixin (JAVA_16 supports class version 60)
[18May2025 00:13:29.666] [Server thread/DEBUG] [net.minecraftforge.common.ForgeHooks/WP]: Gathering id map for writing to world save world
[18May2025 00:13:29.709] [Server thread/DEBUG] [net.minecraftforge.common.ForgeHooks/WP]: ID Map collection complete world
[18May2025 00:18:29.724] [Server thread/DEBUG] [net.minecraftforge.common.ForgeHooks/WP]: Gathering id map for writing to world save world
[18May2025 00:18:29.731] [Server thread/DEBUG] [net.minecraftforge.common.ForgeHooks/WP]: ID Map collection complete world
[18May2025 00:23:29.642] [Server thread/DEBUG] [net.minecraftforge.common.ForgeHooks/WP]: Gathering id map for writing to world save world
[18May2025 00:23:29.651] [Server thread/DEBUG] [net.minecraftforge.common.ForgeHooks/WP]: ID Map collection complete world
